{"input_dir": "/home/raihan/CPS-VVI-LOGS-DATA/All-new-logs/10.2.everything-logged-with-good/OnlyFunctionNames", "fname": "hbwall3", "seq_len": 256, "stride": 256, "min_len": 5, "max_len": 15, "topk": [[167, ["FFF Function: _ZN2ft19TxtHighBayWarehouse7fsmStepEv", "FFF Function: _ZN2ft19TxtHighBayWarehouse7fsmStepEv", "FFF Function: _ZN2ft19TxtHighBayWarehouse7fsmStepEv", "FFF Function: _ZN2ft19TxtHighBayWarehouse7fsmStepEv", "FFF Function: _ZN2ft19TxtHighBayWarehouse7fsmStepEv"]], [167, ["FFF Function: _ZN2ft19TxtHighBayWarehouse7fsmStepEv", "FFF Function: _ZN2ft19TxtHighBayWarehouse7fsmStepEv", "FFF Function: _ZN2ft19TxtHighBayWarehouse7fsmStepEv", "FFF Function: _ZN2ft19TxtHighBayWarehouse7fsmStepEv", "FFF Function: _ZN2ft19TxtHighBayWarehouse7fsmStepEv", "FFF Function: _ZN2ft19TxtHighBayWarehouse7fsmStepEv"]], [167, ["FFF Function: _ZN2ft19TxtHighBayWarehouse7fsmStepEv", "FFF Function: _ZN2ft19TxtHighBayWarehouse7fsmStepEv", "FFF Function: _ZN2ft19TxtHighBayWarehouse7fsmStepEv", "FFF Function: _ZN2ft19TxtHighBayWarehouse7fsmStepEv", "FFF Function: _ZN2ft19TxtHighBayWarehouse7fsmStepEv", "FFF Function: _ZN2ft19TxtHighBayWarehouse7fsmStepEv", "FFF Function: _ZN2ft19TxtHighBayWarehouse7fsmStepEv"]], [166, ["FFF Function: _ZN2ft19TxtHighBayWarehouse7fsmStepEv", "FFF Function: _ZN2ft19TxtHighBayWarehouse7fsmStepEv", "FFF Function: _ZN2ft19TxtHighBayWarehouse7fsmStepEv", "FFF Function: _ZN2ft19TxtHighBayWarehouse7fsmStepEv", "FFF Function: _ZN2ft19TxtHighBayWarehouse7fsmStepEv", "FFF Function: _ZN2ft19TxtHighBayWarehouse7fsmStepEv", "FFF Function: _ZN2ft19TxtHighBayWarehouse7fsmStepEv", "FFF Function: _ZN2ft19TxtHighBayWarehouse7fsmStepEv"]], [166, ["FFF Function: _ZN2ft19TxtHighBayWarehouse7fsmStepEv", "FFF Function: _ZN2ft19TxtHighBayWarehouse7fsmStepEv", "FFF Function: _ZN2ft19TxtHighBayWarehouse7fsmStepEv", "FFF Function: _ZN2ft19TxtHighBayWarehouse7fsmStepEv", "FFF Function: _ZN2ft19TxtHighBayWarehouse7fsmStepEv", "FFF Function: _ZN2ft19TxtHighBayWarehouse7fsmStepEv", "FFF Function: _ZN2ft19TxtHighBayWarehouse7fsmStepEv", "FFF Function: _ZN2ft19TxtHighBayWarehouse7fsmStepEv", "FFF Function: _ZN2ft19TxtHighBayWarehouse7fsmStepEv"]], [166, ["FFF Function: _ZN2ft19TxtHighBayWarehouse7fsmStepEv", "FFF Function: _ZN2ft19TxtHighBayWarehouse7fsmStepEv", "FFF Function: _ZN2ft19TxtHighBayWarehouse7fsmStepEv", "FFF Function: _ZN2ft19TxtHighBayWarehouse7fsmStepEv", "FFF Function: _ZN2ft19TxtHighBayWarehouse7fsmStepEv", "FFF Function: _ZN2ft19TxtHighBayWarehouse7fsmStepEv", "FFF Function: _ZN2ft19TxtHighBayWarehouse7fsmStepEv", "FFF Function: _ZN2ft19TxtHighBayWarehouse7fsmStepEv", "FFF Function: _ZN2ft19TxtHighBayWarehouse7fsmStepEv", "FFF Function: _ZN2ft19TxtHighBayWarehouse7fsmStepEv"]], [165, ["FFF Function: _ZN2ft19TxtHighBayWarehouse7fsmStepEv", "FFF Function: _ZN2ft19TxtHighBayWarehouse7fsmStepEv", "FFF Function: _ZN2ft19TxtHighBayWarehouse7fsmStepEv", "FFF Function: _ZN2ft19TxtHighBayWarehouse7fsmStepEv", "FFF Function: _ZN2ft19TxtHighBayWarehouse7fsmStepEv", "FFF Function: _ZN2ft19TxtHighBayWarehouse7fsmStepEv", "FFF Function: _ZN2ft19TxtHighBayWarehouse7fsmStepEv", "FFF Function: _ZN2ft19TxtHighBayWarehouse7fsmStepEv", "FFF Function: _ZN2ft19TxtHighBayWarehouse7fsmStepEv", "FFF Function: _ZN2ft19TxtHighBayWarehouse7fsmStepEv", "FFF Function: _ZN2ft19TxtHighBayWarehouse7fsmStepEv"]], [165, ["FFF Function: _ZN2ft19TxtHighBayWarehouse7fsmStepEv", "FFF Function: _ZN2ft19TxtHighBayWarehouse7fsmStepEv", "FFF Function: _ZN2ft19TxtHighBayWarehouse7fsmStepEv", "FFF Function: _ZN2ft19TxtHighBayWarehouse7fsmStepEv", "FFF Function: _ZN2ft19TxtHighBayWarehouse7fsmStepEv", "FFF Function: _ZN2ft19TxtHighBayWarehouse7fsmStepEv", "FFF Function: _ZN2ft19TxtHighBayWarehouse7fsmStepEv", "FFF Function: _ZN2ft19TxtHighBayWarehouse7fsmStepEv", "FFF Function: _ZN2ft19TxtHighBayWarehouse7fsmStepEv", "FFF Function: _ZN2ft19TxtHighBayWarehouse7fsmStepEv", "FFF Function: _ZN2ft19TxtHighBayWarehouse7fsmStepEv", "FFF Function: _ZN2ft19TxtHighBayWarehouse7fsmStepEv"]], [165, ["FFF Function: _ZN2ft19TxtHighBayWarehouse7fsmStepEv", "FFF Function: _ZN2ft19TxtHighBayWarehouse7fsmStepEv", "FFF Function: _ZN2ft19TxtHighBayWarehouse7fsmStepEv", "FFF Function: _ZN2ft19TxtHighBayWarehouse7fsmStepEv", "FFF Function: _ZN2ft19TxtHighBayWarehouse7fsmStepEv", "FFF Function: _ZN2ft19TxtHighBayWarehouse7fsmStepEv", "FFF Function: _ZN2ft19TxtHighBayWarehouse7fsmStepEv", "FFF Function: _ZN2ft19TxtHighBayWarehouse7fsmStepEv", "FFF Function: _ZN2ft19TxtHighBayWarehouse7fsmStepEv", "FFF Function: _ZN2ft19TxtHighBayWarehouse7fsmStepEv", "FFF Function: _ZN2ft19TxtHighBayWarehouse7fsmStepEv", "FFF Function: _ZN2ft19TxtHighBayWarehouse7fsmStepEv", "FFF Function: _ZN2ft19TxtHighBayWarehouse7fsmStepEv"]], [165, ["FFF Function: _ZN2ft19TxtHighBayWarehouse7fsmStepEv", "FFF Function: _ZN2ft19TxtHighBayWarehouse7fsmStepEv", "FFF Function: _ZN2ft19TxtHighBayWarehouse7fsmStepEv", "FFF Function: _ZN2ft19TxtHighBayWarehouse7fsmStepEv", "FFF Function: _ZN2ft19TxtHighBayWarehouse7fsmStepEv", "FFF Function: _ZN2ft19TxtHighBayWarehouse7fsmStepEv", "FFF Function: _ZN2ft19TxtHighBayWarehouse7fsmStepEv", "FFF Function: _ZN2ft19TxtHighBayWarehouse7fsmStepEv", "FFF Function: _ZN2ft19TxtHighBayWarehouse7fsmStepEv", "FFF Function: _ZN2ft19TxtHighBayWarehouse7fsmStepEv", "FFF Function: _ZN2ft19TxtHighBayWarehouse7fsmStepEv", "FFF Function: _ZN2ft19TxtHighBayWarehouse7fsmStepEv", "FFF Function: _ZN2ft19TxtHighBayWarehouse7fsmStepEv", "FFF Function: _ZN2ft19TxtHighBayWarehouse7fsmStepEv"]], [164, ["FFF Function: _ZN2ft19TxtHighBayWarehouse7fsmStepEv", "FFF Function: _ZN2ft19TxtHighBayWarehouse7fsmStepEv", "FFF Function: _ZN2ft19TxtHighBayWarehouse7fsmStepEv", "FFF Function: _ZN2ft19TxtHighBayWarehouse7fsmStepEv", "FFF Function: _ZN2ft19TxtHighBayWarehouse7fsmStepEv", "FFF Function: _ZN2ft19TxtHighBayWarehouse7fsmStepEv", "FFF Function: _ZN2ft19TxtHighBayWarehouse7fsmStepEv", "FFF Function: _ZN2ft19TxtHighBayWarehouse7fsmStepEv", "FFF Function: _ZN2ft19TxtHighBayWarehouse7fsmStepEv", "FFF Function: _ZN2ft19TxtHighBayWarehouse7fsmStepEv", "FFF Function: _ZN2ft19TxtHighBayWarehouse7fsmStepEv", "FFF Function: _ZN2ft19TxtHighBayWarehouse7fsmStepEv", "FFF Function: _ZN2ft19TxtHighBayWarehouse7fsmStepEv", "FFF Function: _ZN2ft19TxtHighBayWarehouse7fsmStepEv", "FFF Function: _ZN2ft19TxtHighBayWarehouse7fsmStepEv"]], [123, ["FFF Function: _ZN2ft7TxtAxis15isSwitchPressedEh", "FFF Function: _ZN2ft7TxtAxis15isSwitchPressedEh", "FFF Function: _ZN2ft7TxtAxis15isSwitchPressedEh", "FFF Function: _ZN2ft7TxtAxis15isSwitchPressedEh", "FFF Function: _ZN2ft7TxtAxis15isSwitchPressedEh"]], [123, ["FFF Function: _ZN2ft7TxtAxis15isSwitchPressedEh", "FFF Function: _ZN2ft7TxtAxis15isSwitchPressedEh", "FFF Function: _ZN2ft7TxtAxis15isSwitchPressedEh", "FFF Function: _ZN2ft7TxtAxis15isSwitchPressedEh", "FFF Function: _ZN2ft7TxtAxis15isSwitchPressedEh", "FFF Function: _ZN2ft7TxtAxis15isSwitchPressedEh"]], [122, ["FFF Function: _ZN2ft7TxtAxis15isSwitchPressedEh", "FFF Function: _ZN2ft7TxtAxis15isSwitchPressedEh", "FFF Function: _ZN2ft7TxtAxis15isSwitchPressedEh", "FFF Function: _ZN2ft7TxtAxis15isSwitchPressedEh", "FFF Function: _ZN2ft7TxtAxis15isSwitchPressedEh", "FFF Function: _ZN2ft7TxtAxis15isSwitchPressedEh", "FFF Function: _ZN2ft7TxtAxis15isSwitchPressedEh"]], [122, ["FFF Function: _ZN2ft7TxtAxis15isSwitchPressedEh", "FFF Function: _ZN2ft7TxtAxis15isSwitchPressedEh", "FFF Function: _ZN2ft7TxtAxis15isSwitchPressedEh", "FFF Function: _ZN2ft7TxtAxis15isSwitchPressedEh", "FFF Function: _ZN2ft7TxtAxis15isSwitchPressedEh", "FFF Function: _ZN2ft7TxtAxis15isSwitchPressedEh", "FFF Function: _ZN2ft7TxtAxis15isSwitchPressedEh", "FFF Function: _ZN2ft7TxtAxis15isSwitchPressedEh"]], [122, ["FFF Function: _ZN2ft7TxtAxis15isSwitchPressedEh", "FFF Function: _ZN2ft7TxtAxis15isSwitchPressedEh", "FFF Function: _ZN2ft7TxtAxis15isSwitchPressedEh", "FFF Function: _ZN2ft7TxtAxis15isSwitchPressedEh", "FFF Function: _ZN2ft7TxtAxis15isSwitchPressedEh", "FFF Function: _ZN2ft7TxtAxis15isSwitchPressedEh", "FFF Function: _ZN2ft7TxtAxis15isSwitchPressedEh", "FFF Function: _ZN2ft7TxtAxis15isSwitchPressedEh", "FFF Function: _ZN2ft7TxtAxis15isSwitchPressedEh"]], [122, ["FFF Function: _ZN2ft7TxtAxis15isSwitchPressedEh", "FFF Function: _ZN2ft7TxtAxis15isSwitchPressedEh", "FFF Function: _ZN2ft7TxtAxis15isSwitchPressedEh", "FFF Function: _ZN2ft7TxtAxis15isSwitchPressedEh", "FFF Function: _ZN2ft7TxtAxis15isSwitchPressedEh", "FFF Function: _ZN2ft7TxtAxis15isSwitchPressedEh", "FFF Function: _ZN2ft7TxtAxis15isSwitchPressedEh", "FFF Function: _ZN2ft7TxtAxis15isSwitchPressedEh", "FFF Function: _ZN2ft7TxtAxis15isSwitchPressedEh", "FFF Function: _ZN2ft7TxtAxis15isSwitchPressedEh"]], [122, ["FFF Function: _ZN2ft7TxtAxis15isSwitchPressedEh", "FFF Function: _ZN2ft7TxtAxis15isSwitchPressedEh", "FFF Function: _ZN2ft7TxtAxis15isSwitchPressedEh", "FFF Function: _ZN2ft7TxtAxis15isSwitchPressedEh", "FFF Function: _ZN2ft7TxtAxis15isSwitchPressedEh", "FFF Function: _ZN2ft7TxtAxis15isSwitchPressedEh", "FFF Function: _ZN2ft7TxtAxis15isSwitchPressedEh", "FFF Function: _ZN2ft7TxtAxis15isSwitchPressedEh", "FFF Function: _ZN2ft7TxtAxis15isSwitchPressedEh", "FFF Function: _ZN2ft7TxtAxis15isSwitchPressedEh", "FFF Function: _ZN2ft7TxtAxis15isSwitchPressedEh"]], [122, ["FFF Function: _ZN2ft7TxtAxis15isSwitchPressedEh", "FFF Function: _ZN2ft7TxtAxis15isSwitchPressedEh", "FFF Function: _ZN2ft7TxtAxis15isSwitchPressedEh", "FFF Function: _ZN2ft7TxtAxis15isSwitchPressedEh", "FFF Function: _ZN2ft7TxtAxis15isSwitchPressedEh", "FFF Function: _ZN2ft7TxtAxis15isSwitchPressedEh", "FFF Function: _ZN2ft7TxtAxis15isSwitchPressedEh", "FFF Function: _ZN2ft7TxtAxis15isSwitchPressedEh", "FFF Function: _ZN2ft7TxtAxis15isSwitchPressedEh", "FFF Function: _ZN2ft7TxtAxis15isSwitchPressedEh", "FFF Function: _ZN2ft7TxtAxis15isSwitchPressedEh", "FFF Function: _ZN2ft7TxtAxis15isSwitchPressedEh"]], [122, ["FFF Function: _ZN2ft7TxtAxis15isSwitchPressedEh", "FFF Function: _ZN2ft7TxtAxis15isSwitchPressedEh", "FFF Function: _ZN2ft7TxtAxis15isSwitchPressedEh", "FFF Function: _ZN2ft7TxtAxis15isSwitchPressedEh", "FFF Function: _ZN2ft7TxtAxis15isSwitchPressedEh", "FFF Function: _ZN2ft7TxtAxis15isSwitchPressedEh", "FFF Function: _ZN2ft7TxtAxis15isSwitchPressedEh", "FFF Function: _ZN2ft7TxtAxis15isSwitchPressedEh", "FFF Function: _ZN2ft7TxtAxis15isSwitchPressedEh", "FFF Function: _ZN2ft7TxtAxis15isSwitchPressedEh", "FFF Function: _ZN2ft7TxtAxis15isSwitchPressedEh", "FFF Function: _ZN2ft7TxtAxis15isSwitchPressedEh", "FFF Function: _ZN2ft7TxtAxis15isSwitchPressedEh"]], [122, ["FFF Function: _ZN2ft7TxtAxis15isSwitchPressedEh", "FFF Function: _ZN2ft7TxtAxis15isSwitchPressedEh", "FFF Function: _ZN2ft7TxtAxis15isSwitchPressedEh", "FFF Function: _ZN2ft7TxtAxis15isSwitchPressedEh", "FFF Function: _ZN2ft7TxtAxis15isSwitchPressedEh", "FFF Function: _ZN2ft7TxtAxis15isSwitchPressedEh", "FFF Function: _ZN2ft7TxtAxis15isSwitchPressedEh", "FFF Function: _ZN2ft7TxtAxis15isSwitchPressedEh", "FFF Function: _ZN2ft7TxtAxis15isSwitchPressedEh", "FFF Function: _ZN2ft7TxtAxis15isSwitchPressedEh", "FFF Function: _ZN2ft7TxtAxis15isSwitchPressedEh", "FFF Function: _ZN2ft7TxtAxis15isSwitchPressedEh", "FFF Function: _ZN2ft7TxtAxis15isSwitchPressedEh", "FFF Function: _ZN2ft7TxtAxis15isSwitchPressedEh"]], [122, ["FFF Function: _ZN2ft7TxtAxis15isSwitchPressedEh", "FFF Function: _ZN2ft7TxtAxis15isSwitchPressedEh", "FFF Function: _ZN2ft7TxtAxis15isSwitchPressedEh", "FFF Function: _ZN2ft7TxtAxis15isSwitchPressedEh", "FFF Function: _ZN2ft7TxtAxis15isSwitchPressedEh", "FFF Function: _ZN2ft7TxtAxis15isSwitchPressedEh", "FFF Function: _ZN2ft7TxtAxis15isSwitchPressedEh", "FFF Function: _ZN2ft7TxtAxis15isSwitchPressedEh", "FFF Function: _ZN2ft7TxtAxis15isSwitchPressedEh", "FFF Function: _ZN2ft7TxtAxis15isSwitchPressedEh", "FFF Function: _ZN2ft7TxtAxis15isSwitchPressedEh", "FFF Function: _ZN2ft7TxtAxis15isSwitchPressedEh", "FFF Function: _ZN2ft7TxtAxis15isSwitchPressedEh", "FFF Function: _ZN2ft7TxtAxis15isSwitchPressedEh", "FFF Function: _ZN2ft7TxtAxis15isSwitchPressedEh"]], [111, ["FFF Function: _ZN4mqtt7message12validate_qosEi", "FFF Function: _ZN4mqtt7message12set_retainedEb", "FFF Function: _ZN4mqtt6to_intEb", "FFF Function: _ZN4mqtt10buffer_refIcED2Ev", "FFF Function: _ZN4mqtt10buffer_refIcED2Ev"]], [111, ["FFF Function: _ZNK4mqtt10buffer_refIcEcvbEv", "FFF Function: _ZNK4mqtt10buffer_refIcE3strB5cxx11Ev", "FFF Function: _ZNK4mqtt7message9get_topicB5cxx11Ev", "FFF Function: _ZNK4mqtt10buffer_refIcEcvbEv", "FFF Function: _ZNK4mqtt10buffer_refIcE3strB5cxx11Ev"]], [111, ["FFF Function: _ZNK4mqtt7message9get_topicB5cxx11Ev", "FFF Function: _ZNK4mqtt10buffer_refIcE3strB5cxx11Ev", "FFF Function: _ZNK4mqtt7message9get_topicB5cxx11Ev", "FFF Function: _ZNK4mqtt10buffer_refIcEcvbEv", "FFF Function: _ZNK4mqtt10buffer_refIcE3strB5cxx11Ev"]], [111, ["FFF Function: _ZNK4mqtt7message9get_topicB5cxx11Ev", "FFF Function: _ZNK4mqtt10buffer_refIcEcvbEv", "FFF Function: _ZNK4mqtt10buffer_refIcE3strB5cxx11Ev", "FFF Function: _ZNK4mqtt10buffer_refIcEcvbEv", "FFF Function: _ZNK4mqtt10buffer_refIcE3strB5cxx11Ev"]], [111, ["FFF Function: _ZNK4mqtt7message9get_topicB5cxx11Ev", "FFF Function: _ZNK4mqtt10buffer_refIcEcvbEv", "FFF Function: _ZNK4mqtt10buffer_refIcE3strB5cxx11Ev", "FFF Function: _ZNK4mqtt7message9get_topicB5cxx11Ev", "FFF Function: _ZNK4mqtt10buffer_refIcE3strB5cxx11Ev"]], [111, ["FFF Function: _ZNK4mqtt7message9get_topicB5cxx11Ev", "FFF Function: _ZNK4mqtt10buffer_refIcEcvbEv", "FFF Function: _ZNK4mqtt10buffer_refIcE3strB5cxx11Ev", "FFF Function: _ZNK4mqtt7message9get_topicB5cxx11Ev", "FFF Function: _ZNK4mqtt10buffer_refIcEcvbEv"]], [111, ["FFF Function: _ZNK4mqtt7message9get_topicB5cxx11Ev", "FFF Function: _ZNK4mqtt10buffer_refIcEcvbEv", "FFF Function: _ZNK4mqtt10buffer_refIcE3strB5cxx11Ev", "FFF Function: _ZNK4mqtt7message9get_topicB5cxx11Ev", "FFF Function: _ZNK4mqtt10buffer_refIcEcvbEv", "FFF Function: _ZNK4mqtt10buffer_refIcE3strB5cxx11Ev"]], [111, ["FFF Function: _ZNK4mqtt7message9get_topicB5cxx11Ev", "FFF Function: _ZNK4mqtt10buffer_refIcEcvbEv", "FFF Function: _ZNK4mqtt7message9get_topicB5cxx11Ev", "FFF Function: _ZNK4mqtt10buffer_refIcEcvbEv", "FFF Function: _ZNK4mqtt10buffer_refIcE3strB5cxx11Ev"]], [110, ["FFF Function: _ZN4mqtt7message12set_retainedEb", "FFF Function: _ZN4mqtt6to_intEb", "FFF Function: _ZN4mqtt10buffer_refIcED2Ev", "FFF Function: _ZN4mqtt10buffer_refIcED2Ev", "FFF Function: _ZN4mqtt10buffer_refIcED2Ev"]], [110, ["FFF Function: _ZN4mqtt7message12validate_qosEi", "FFF Function: _ZN4mqtt6to_intEb", "FFF Function: _ZN4mqtt10buffer_refIcED2Ev", "FFF Function: _ZN4mqtt10buffer_refIcED2Ev", "FFF Function: _ZN4mqtt10buffer_refIcED2Ev"]], [110, ["FFF Function: _ZN4mqtt7message12validate_qosEi", "FFF Function: _ZN4mqtt7message12set_retainedEb", "FFF Function: _ZN4mqtt10buffer_refIcED2Ev", "FFF Function: _ZN4mqtt10buffer_refIcED2Ev", "FFF Function: _ZN4mqtt10buffer_refIcED2Ev"]], [110, ["FFF Function: _ZN4mqtt7message12validate_qosEi", "FFF Function: _ZN4mqtt7message12set_retainedEb", "FFF Function: _ZN4mqtt6to_intEb", "FFF Function: _ZN4mqtt10buffer_refIcED2Ev", "FFF Function: _ZN4mqtt10buffer_refIcED2Ev", "FFF Function: _ZN4mqtt10buffer_refIcED2Ev"]], [110, ["FFF Function: _ZNK4mqtt10buffer_refIcE5emptyEv", "FFF Function: _ZN4mqtt6to_intEb", "FFF Function: _ZN4mqtt10buffer_refIcED2Ev", "FFF Function: _ZN4mqtt10buffer_refIcED2Ev", "FFF Function: _ZN4mqtt10buffer_refIcED2Ev"]], [110, ["FFF Function: _ZNK4mqtt10buffer_refIcE5emptyEv", "FFF Function: _ZN4mqtt7message12set_retainedEb", "FFF Function: _ZN4mqtt10buffer_refIcED2Ev", "FFF Function: _ZN4mqtt10buffer_refIcED2Ev", "FFF Function: _ZN4mqtt10buffer_refIcED2Ev"]], [110, ["FFF Function: _ZNK4mqtt10buffer_refIcE5emptyEv", "FFF Function: _ZN4mqtt7message12set_retainedEb", "FFF Function: _ZN4mqtt6to_intEb", "FFF Function: _ZN4mqtt10buffer_refIcED2Ev", "FFF Function: _ZN4mqtt10buffer_refIcED2Ev"]], [110, ["FFF Function: _ZNK4mqtt10buffer_refIcE5emptyEv", "FFF Function: _ZN4mqtt7message12set_retainedEb", "FFF Function: _ZN4mqtt6to_intEb", "FFF Function: _ZN4mqtt10buffer_refIcED2Ev", "FFF Function: _ZN4mqtt10buffer_refIcED2Ev", "FFF Function: _ZN4mqtt10buffer_refIcED2Ev"]], [110, ["FFF Function: _ZNK4mqtt10buffer_refIcE5emptyEv", "FFF Function: _ZN4mqtt7message12validate_qosEi", "FFF Function: _ZN4mqtt10buffer_refIcED2Ev", "FFF Function: _ZN4mqtt10buffer_refIcED2Ev", "FFF Function: _ZN4mqtt10buffer_refIcED2Ev"]], [110, ["FFF Function: _ZNK4mqtt10buffer_refIcE5emptyEv", "FFF Function: _ZN4mqtt7message12validate_qosEi", "FFF Function: _ZN4mqtt6to_intEb", "FFF Function: _ZN4mqtt10buffer_refIcED2Ev", "FFF Function: _ZN4mqtt10buffer_refIcED2Ev"]], [110, ["FFF Function: _ZNK4mqtt10buffer_refIcE5emptyEv", "FFF Function: _ZN4mqtt7message12validate_qosEi", "FFF Function: _ZN4mqtt6to_intEb", "FFF Function: _ZN4mqtt10buffer_refIcED2Ev", "FFF Function: _ZN4mqtt10buffer_refIcED2Ev", "FFF Function: _ZN4mqtt10buffer_refIcED2Ev"]], [110, ["FFF Function: _ZNK4mqtt10buffer_refIcE5emptyEv", "FFF Function: _ZN4mqtt7message12validate_qosEi", "FFF Function: _ZN4mqtt7message12set_retainedEb", "FFF Function: _ZN4mqtt10buffer_refIcED2Ev", "FFF Function: _ZN4mqtt10buffer_refIcED2Ev"]], [110, ["FFF Function: _ZNK4mqtt10buffer_refIcE5emptyEv", "FFF Function: _ZN4mqtt7message12validate_qosEi", "FFF Function: _ZN4mqtt7message12set_retainedEb", "FFF Function: _ZN4mqtt10buffer_refIcED2Ev", "FFF Function: _ZN4mqtt10buffer_refIcED2Ev", "FFF Function: _ZN4mqtt10buffer_refIcED2Ev"]], [110, ["FFF Function: _ZNK4mqtt10buffer_refIcE5emptyEv", "FFF Function: _ZN4mqtt7message12validate_qosEi", "FFF Function: _ZN4mqtt7message12set_retainedEb", "FFF Function: _ZN4mqtt6to_intEb", "FFF Function: _ZN4mqtt10buffer_refIcED2Ev"]], [110, ["FFF Function: _ZNK4mqtt10buffer_refIcE5emptyEv", "FFF Function: _ZN4mqtt7message12validate_qosEi", "FFF Function: _ZN4mqtt7message12set_retainedEb", "FFF Function: _ZN4mqtt6to_intEb", "FFF Function: _ZN4mqtt10buffer_refIcED2Ev", "FFF Function: _ZN4mqtt10buffer_refIcED2Ev"]], [110, ["FFF Function: _ZNK4mqtt10buffer_refIcE5emptyEv", "FFF Function: _ZN4mqtt7message12validate_qosEi", "FFF Function: _ZN4mqtt7message12set_retainedEb", "FFF Function: _ZN4mqtt6to_intEb", "FFF Function: _ZN4mqtt10buffer_refIcED2Ev", "FFF Function: _ZN4mqtt10buffer_refIcED2Ev", "FFF Function: _ZN4mqtt10buffer_refIcED2Ev"]], [110, ["FFF Function: _ZNK4mqtt10buffer_refIcE5emptyEv", "FFF Function: _ZNK4mqtt10buffer_refIcE3strB5cxx11Ev", "FFF Function: _ZNK4mqtt7message9get_topicB5cxx11Ev", "FFF Function: _ZNK4mqtt10buffer_refIcEcvbEv", "FFF Function: _ZNK4mqtt10buffer_refIcE3strB5cxx11Ev"]], [110, ["FFF Function: _ZNK4mqtt10buffer_refIcE5emptyEv", "FFF Function: _ZNK4mqtt10buffer_refIcEcvbEv", "FFF Function: _ZNK4mqtt10buffer_refIcE3strB5cxx11Ev", "FFF Function: _ZNK4mqtt10buffer_refIcEcvbEv", "FFF Function: _ZNK4mqtt10buffer_refIcE3strB5cxx11Ev"]], [110, ["FFF Function: _ZNK4mqtt10buffer_refIcE5emptyEv", "FFF Function: _ZNK4mqtt10buffer_refIcEcvbEv", "FFF Function: _ZNK4mqtt10buffer_refIcE3strB5cxx11Ev", "FFF Function: _ZNK4mqtt7message9get_topicB5cxx11Ev", "FFF Function: _ZNK4mqtt10buffer_refIcE3strB5cxx11Ev"]], [110, ["FFF Function: _ZNK4mqtt10buffer_refIcE5emptyEv", "FFF Function: _ZNK4mqtt10buffer_refIcEcvbEv", "FFF Function: _ZNK4mqtt10buffer_refIcE3strB5cxx11Ev", "FFF Function: _ZNK4mqtt7message9get_topicB5cxx11Ev", "FFF Function: _ZNK4mqtt10buffer_refIcEcvbEv"]], [110, ["FFF Function: _ZNK4mqtt10buffer_refIcE5emptyEv", "FFF Function: _ZNK4mqtt10buffer_refIcEcvbEv", "FFF Function: _ZNK4mqtt10buffer_refIcE3strB5cxx11Ev", "FFF Function: _ZNK4mqtt7message9get_topicB5cxx11Ev", "FFF Function: _ZNK4mqtt10buffer_refIcEcvbEv", "FFF Function: _ZNK4mqtt10buffer_refIcE3strB5cxx11Ev"]], [110, ["FFF Function: _ZNK4mqtt10buffer_refIcE5emptyEv", "FFF Function: _ZNK4mqtt10buffer_refIcEcvbEv", "FFF Function: _ZNK4mqtt7message9get_topicB5cxx11Ev", "FFF Function: _ZNK4mqtt10buffer_refIcEcvbEv", "FFF Function: _ZNK4mqtt10buffer_refIcE3strB5cxx11Ev"]], [110, ["FFF Function: _ZNK4mqtt10buffer_refIcE5emptyEv", "FFF Function: _ZNK4mqtt7message9get_topicB5cxx11Ev", "FFF Function: _ZNK4mqtt10buffer_refIcE3strB5cxx11Ev", "FFF Function: _ZNK4mqtt10buffer_refIcEcvbEv", "FFF Function: _ZNK4mqtt10buffer_refIcE3strB5cxx11Ev"]], [110, ["FFF Function: _ZNK4mqtt10buffer_refIcE5emptyEv", "FFF Function: _ZNK4mqtt7message9get_topicB5cxx11Ev", "FFF Function: _ZNK4mqtt10buffer_refIcE3strB5cxx11Ev", "FFF Function: _ZNK4mqtt7message9get_topicB5cxx11Ev", "FFF Function: _ZNK4mqtt10buffer_refIcE3strB5cxx11Ev"]], [110, ["FFF Function: _ZNK4mqtt10buffer_refIcE5emptyEv", "FFF Function: _ZNK4mqtt7message9get_topicB5cxx11Ev", "FFF Function: _ZNK4mqtt10buffer_refIcE3strB5cxx11Ev", "FFF Function: _ZNK4mqtt7message9get_topicB5cxx11Ev", "FFF Function: _ZNK4mqtt10buffer_refIcEcvbEv"]], [110, ["FFF Function: _ZNK4mqtt10buffer_refIcE5emptyEv", "FFF Function: _ZNK4mqtt7message9get_topicB5cxx11Ev", "FFF Function: _ZNK4mqtt10buffer_refIcE3strB5cxx11Ev", "FFF Function: _ZNK4mqtt7message9get_topicB5cxx11Ev", "FFF Function: _ZNK4mqtt10buffer_refIcEcvbEv", "FFF Function: _ZNK4mqtt10buffer_refIcE3strB5cxx11Ev"]], [110, ["FFF Function: _ZNK4mqtt10buffer_refIcE5emptyEv", "FFF Function: _ZNK4mqtt7message9get_topicB5cxx11Ev", "FFF Function: _ZNK4mqtt10buffer_refIcEcvbEv", "FFF Function: _ZNK4mqtt10buffer_refIcE3strB5cxx11Ev", "FFF Function: _ZNK4mqtt10buffer_refIcE3strB5cxx11Ev"]], [110, ["FFF Function: _ZNK4mqtt10buffer_refIcE5emptyEv", "FFF Function: _ZNK4mqtt7message9get_topicB5cxx11Ev", "FFF Function: _ZNK4mqtt10buffer_refIcEcvbEv", "FFF Function: _ZNK4mqtt10buffer_refIcE3strB5cxx11Ev", "FFF Function: _ZNK4mqtt10buffer_refIcEcvbEv"]], [110, ["FFF Function: _ZNK4mqtt10buffer_refIcE5emptyEv", "FFF Function: _ZNK4mqtt7message9get_topicB5cxx11Ev", "FFF Function: _ZNK4mqtt10buffer_refIcEcvbEv", "FFF Function: _ZNK4mqtt10buffer_refIcE3strB5cxx11Ev", "FFF Function: _ZNK4mqtt10buffer_refIcEcvbEv", "FFF Function: _ZNK4mqtt10buffer_refIcE3strB5cxx11Ev"]], [110, ["FFF Function: _ZNK4mqtt10buffer_refIcE5emptyEv", "FFF Function: _ZNK4mqtt7message9get_topicB5cxx11Ev", "FFF Function: _ZNK4mqtt10buffer_refIcEcvbEv", "FFF Function: _ZNK4mqtt10buffer_refIcE3strB5cxx11Ev", "FFF Function: _ZNK4mqtt7message9get_topicB5cxx11Ev"]], [110, ["FFF Function: _ZNK4mqtt10buffer_refIcE5emptyEv", "FFF Function: _ZNK4mqtt7message9get_topicB5cxx11Ev", "FFF Function: _ZNK4mqtt10buffer_refIcEcvbEv", "FFF Function: _ZNK4mqtt10buffer_refIcE3strB5cxx11Ev", "FFF Function: _ZNK4mqtt7message9get_topicB5cxx11Ev", "FFF Function: _ZNK4mqtt10buffer_refIcE3strB5cxx11Ev"]], [110, ["FFF Function: _ZNK4mqtt10buffer_refIcE5emptyEv", "FFF Function: _ZNK4mqtt7message9get_topicB5cxx11Ev", "FFF Function: _ZNK4mqtt10buffer_refIcEcvbEv", "FFF Function: _ZNK4mqtt10buffer_refIcE3strB5cxx11Ev", "FFF Function: _ZNK4mqtt7message9get_topicB5cxx11Ev", "FFF Function: _ZNK4mqtt10buffer_refIcEcvbEv"]], [110, ["FFF Function: _ZNK4mqtt10buffer_refIcE5emptyEv", "FFF Function: _ZNK4mqtt7message9get_topicB5cxx11Ev", "FFF Function: _ZNK4mqtt10buffer_refIcEcvbEv", "FFF Function: _ZNK4mqtt10buffer_refIcE3strB5cxx11Ev", "FFF Function: _ZNK4mqtt7message9get_topicB5cxx11Ev", "FFF Function: _ZNK4mqtt10buffer_refIcEcvbEv", "FFF Function: _ZNK4mqtt10buffer_refIcE3strB5cxx11Ev"]], [110, ["FFF Function: _ZNK4mqtt10buffer_refIcE5emptyEv", "FFF Function: _ZNK4mqtt7message9get_topicB5cxx11Ev", "FFF Function: _ZNK4mqtt10buffer_refIcEcvbEv", "FFF Function: _ZNK4mqtt10buffer_refIcEcvbEv", "FFF Function: _ZNK4mqtt10buffer_refIcE3strB5cxx11Ev"]], [110, ["FFF Function: _ZNK4mqtt10buffer_refIcE5emptyEv", "FFF Function: _ZNK4mqtt7message9get_topicB5cxx11Ev", "FFF Function: _ZNK4mqtt10buffer_refIcEcvbEv", "FFF Function: _ZNK4mqtt7message9get_topicB5cxx11Ev", "FFF Function: _ZNK4mqtt10buffer_refIcE3strB5cxx11Ev"]], [110, ["FFF Function: _ZNK4mqtt10buffer_refIcE5emptyEv", "FFF Function: _ZNK4mqtt7message9get_topicB5cxx11Ev", "FFF Function: _ZNK4mqtt10buffer_refIcEcvbEv", "FFF Function: _ZNK4mqtt7message9get_topicB5cxx11Ev", "FFF Function: _ZNK4mqtt10buffer_refIcEcvbEv"]], [110, ["FFF Function: _ZNK4mqtt10buffer_refIcE5emptyEv", "FFF Function: _ZNK4mqtt7message9get_topicB5cxx11Ev", "FFF Function: _ZNK4mqtt10buffer_refIcEcvbEv", "FFF Function: _ZNK4mqtt7message9get_topicB5cxx11Ev", "FFF Function: _ZNK4mqtt10buffer_refIcEcvbEv", "FFF Function: _ZNK4mqtt10buffer_refIcE3strB5cxx11Ev"]], [110, ["FFF Function: _ZNK4mqtt10buffer_refIcE5emptyEv", "FFF Function: _ZNK4mqtt7message9get_topicB5cxx11Ev", "FFF Function: _ZNK4mqtt7message9get_topicB5cxx11Ev", "FFF Function: _ZNK4mqtt10buffer_refIcEcvbEv", "FFF Function: _ZNK4mqtt10buffer_refIcE3strB5cxx11Ev"]], [109, ["FFF Function: _ZN4mqtt10buffer_refIcEC2EOS1_", "FFF Function: _ZN4mqtt6to_intEb", "FFF Function: _ZN4mqtt10buffer_refIcED2Ev", "FFF Function: _ZN4mqtt10buffer_refIcED2Ev", "FFF Function: _ZN4mqtt10buffer_refIcED2Ev"]], [109, ["FFF Function: _ZN4mqtt10buffer_refIcEC2EOS1_", "FFF Function: _ZN4mqtt7message12set_retainedEb", "FFF Function: _ZN4mqtt10buffer_refIcED2Ev", "FFF Function: _ZN4mqtt10buffer_refIcED2Ev", "FFF Function: _ZN4mqtt10buffer_refIcED2Ev"]], [109, ["FFF Function: _ZN4mqtt10buffer_refIcEC2EOS1_", "FFF Function: _ZN4mqtt7message12set_retainedEb", "FFF Function: _ZN4mqtt6to_intEb", "FFF Function: _ZN4mqtt10buffer_refIcED2Ev", "FFF Function: _ZN4mqtt10buffer_refIcED2Ev"]], [109, ["FFF Function: _ZN4mqtt10buffer_refIcEC2EOS1_", "FFF Function: _ZN4mqtt7message12set_retainedEb", "FFF Function: _ZN4mqtt6to_intEb", "FFF Function: _ZN4mqtt10buffer_refIcED2Ev", "FFF Function: _ZN4mqtt10buffer_refIcED2Ev", "FFF Function: _ZN4mqtt10buffer_refIcED2Ev"]], [109, ["FFF Function: _ZN4mqtt10buffer_refIcEC2EOS1_", "FFF Function: _ZN4mqtt7message12validate_qosEi", "FFF Function: _ZN4mqtt10buffer_refIcED2Ev", "FFF Function: _ZN4mqtt10buffer_refIcED2Ev", "FFF Function: _ZN4mqtt10buffer_refIcED2Ev"]], [109, ["FFF Function: _ZN4mqtt10buffer_refIcEC2EOS1_", "FFF Function: _ZN4mqtt7message12validate_qosEi", "FFF Function: _ZN4mqtt6to_intEb", "FFF Function: _ZN4mqtt10buffer_refIcED2Ev", "FFF Function: _ZN4mqtt10buffer_refIcED2Ev"]], [109, ["FFF Function: _ZN4mqtt10buffer_refIcEC2EOS1_", "FFF Function: _ZN4mqtt7message12validate_qosEi", "FFF Function: _ZN4mqtt6to_intEb", "FFF Function: _ZN4mqtt10buffer_refIcED2Ev", "FFF Function: _ZN4mqtt10buffer_refIcED2Ev", "FFF Function: _ZN4mqtt10buffer_refIcED2Ev"]], [109, ["FFF Function: _ZN4mqtt10buffer_refIcEC2EOS1_", "FFF Function: _ZN4mqtt7message12validate_qosEi", "FFF Function: _ZN4mqtt7message12set_retainedEb", "FFF Function: _ZN4mqtt10buffer_refIcED2Ev", "FFF Function: _ZN4mqtt10buffer_refIcED2Ev"]], [109, ["FFF Function: _ZN4mqtt10buffer_refIcEC2EOS1_", "FFF Function: _ZN4mqtt7message12validate_qosEi", "FFF Function: _ZN4mqtt7message12set_retainedEb", "FFF Function: _ZN4mqtt10buffer_refIcED2Ev", "FFF Function: _ZN4mqtt10buffer_refIcED2Ev", "FFF Function: _ZN4mqtt10buffer_refIcED2Ev"]], [109, ["FFF Function: _ZN4mqtt10buffer_refIcEC2EOS1_", "FFF Function: _ZN4mqtt7message12validate_qosEi", "FFF Function: _ZN4mqtt7message12set_retainedEb", "FFF Function: _ZN4mqtt6to_intEb", "FFF Function: _ZN4mqtt10buffer_refIcED2Ev"]], [109, ["FFF Function: _ZN4mqtt10buffer_refIcEC2EOS1_", "FFF Function: _ZN4mqtt7message12validate_qosEi", "FFF Function: _ZN4mqtt7message12set_retainedEb", "FFF Function: _ZN4mqtt6to_intEb", "FFF Function: _ZN4mqtt10buffer_refIcED2Ev", "FFF Function: _ZN4mqtt10buffer_refIcED2Ev"]], [109, ["FFF Function: _ZN4mqtt10buffer_refIcEC2EOS1_", "FFF Function: _ZN4mqtt7message12validate_qosEi", "FFF Function: _ZN4mqtt7message12set_retainedEb", "FFF Function: _ZN4mqtt6to_intEb", "FFF Function: _ZN4mqtt10buffer_refIcED2Ev", "FFF Function: _ZN4mqtt10buffer_refIcED2Ev", "FFF Function: _ZN4mqtt10buffer_refIcED2Ev"]], [109, ["FFF Function: _ZN4mqtt10buffer_refIcEC2EOS1_", "FFF Function: _ZNK4mqtt10buffer_refIcE5emptyEv", "FFF Function: _ZN4mqtt10buffer_refIcED2Ev", "FFF Function: _ZN4mqtt10buffer_refIcED2Ev", "FFF Function: _ZN4mqtt10buffer_refIcED2Ev"]], [109, ["FFF Function: _ZN4mqtt10buffer_refIcEC2EOS1_", "FFF Function: _ZNK4mqtt10buffer_refIcE5emptyEv", "FFF Function: _ZN4mqtt6to_intEb", "FFF Function: _ZN4mqtt10buffer_refIcED2Ev", "FFF Function: _ZN4mqtt10buffer_refIcED2Ev"]], [109, ["FFF Function: _ZN4mqtt10buffer_refIcEC2EOS1_", "FFF Function: _ZNK4mqtt10buffer_refIcE5emptyEv", "FFF Function: _ZN4mqtt6to_intEb", "FFF Function: _ZN4mqtt10buffer_refIcED2Ev", "FFF Function: _ZN4mqtt10buffer_refIcED2Ev", "FFF Function: _ZN4mqtt10buffer_refIcED2Ev"]], [109, ["FFF Function: _ZN4mqtt10buffer_refIcEC2EOS1_", "FFF Function: _ZNK4mqtt10buffer_refIcE5emptyEv", "FFF Function: _ZN4mqtt7message12set_retainedEb", "FFF Function: _ZN4mqtt10buffer_refIcED2Ev", "FFF Function: _ZN4mqtt10buffer_refIcED2Ev"]], [109, ["FFF Function: _ZN4mqtt10buffer_refIcEC2EOS1_", "FFF Function: _ZNK4mqtt10buffer_refIcE5emptyEv", "FFF Function: _ZN4mqtt7message12set_retainedEb", "FFF Function: _ZN4mqtt10buffer_refIcED2Ev", "FFF Function: _ZN4mqtt10buffer_refIcED2Ev", "FFF Function: _ZN4mqtt10buffer_refIcED2Ev"]], [109, ["FFF Function: _ZN4mqtt10buffer_refIcEC2EOS1_", "FFF Function: _ZNK4mqtt10buffer_refIcE5emptyEv", "FFF Function: _ZN4mqtt7message12set_retainedEb", "FFF Function: _ZN4mqtt6to_intEb", "FFF Function: _ZN4mqtt10buffer_refIcED2Ev"]], [109, ["FFF Function: _ZN4mqtt10buffer_refIcEC2EOS1_", "FFF Function: _ZNK4mqtt10buffer_refIcE5emptyEv", "FFF Function: _ZN4mqtt7message12set_retainedEb", "FFF Function: _ZN4mqtt6to_intEb", "FFF Function: _ZN4mqtt10buffer_refIcED2Ev", "FFF Function: _ZN4mqtt10buffer_refIcED2Ev"]], [109, ["FFF Function: _ZN4mqtt10buffer_refIcEC2EOS1_", "FFF Function: _ZNK4mqtt10buffer_refIcE5emptyEv", "FFF Function: _ZN4mqtt7message12set_retainedEb", "FFF Function: _ZN4mqtt6to_intEb", "FFF Function: _ZN4mqtt10buffer_refIcED2Ev", "FFF Function: _ZN4mqtt10buffer_refIcED2Ev", "FFF Function: _ZN4mqtt10buffer_refIcED2Ev"]], [109, ["FFF Function: _ZN4mqtt10buffer_refIcEC2EOS1_", "FFF Function: _ZNK4mqtt10buffer_refIcE5emptyEv", "FFF Function: _ZN4mqtt7message12validate_qosEi", "FFF Function: _ZN4mqtt10buffer_refIcED2Ev", "FFF Function: _ZN4mqtt10buffer_refIcED2Ev"]], [109, ["FFF Function: _ZN4mqtt10buffer_refIcEC2EOS1_", "FFF Function: _ZNK4mqtt10buffer_refIcE5emptyEv", "FFF Function: _ZN4mqtt7message12validate_qosEi", "FFF Function: _ZN4mqtt10buffer_refIcED2Ev", "FFF Function: _ZN4mqtt10buffer_refIcED2Ev", "FFF Function: _ZN4mqtt10buffer_refIcED2Ev"]], [109, ["FFF Function: _ZN4mqtt10buffer_refIcEC2EOS1_", "FFF Function: _ZNK4mqtt10buffer_refIcE5emptyEv", "FFF Function: _ZN4mqtt7message12validate_qosEi", "FFF Function: _ZN4mqtt6to_intEb", "FFF Function: _ZN4mqtt10buffer_refIcED2Ev"]], [109, ["FFF Function: _ZN4mqtt10buffer_refIcEC2EOS1_", "FFF Function: _ZNK4mqtt10buffer_refIcE5emptyEv", "FFF Function: _ZN4mqtt7message12validate_qosEi", "FFF Function: _ZN4mqtt6to_intEb", "FFF Function: _ZN4mqtt10buffer_refIcED2Ev", "FFF Function: _ZN4mqtt10buffer_refIcED2Ev"]], [109, ["FFF Function: _ZN4mqtt10buffer_refIcEC2EOS1_", "FFF Function: _ZNK4mqtt10buffer_refIcE5emptyEv", "FFF Function: _ZN4mqtt7message12validate_qosEi", "FFF Function: _ZN4mqtt6to_intEb", "FFF Function: _ZN4mqtt10buffer_refIcED2Ev", "FFF Function: _ZN4mqtt10buffer_refIcED2Ev", "FFF Function: _ZN4mqtt10buffer_refIcED2Ev"]], [109, ["FFF Function: _ZN4mqtt10buffer_refIcEC2EOS1_", "FFF Function: _ZNK4mqtt10buffer_refIcE5emptyEv", "FFF Function: _ZN4mqtt7message12validate_qosEi", "FFF Function: _ZN4mqtt7message12set_retainedEb", "FFF Function: _ZN4mqtt10buffer_refIcED2Ev"]], [109, ["FFF Function: _ZN4mqtt10buffer_refIcEC2EOS1_", "FFF Function: _ZNK4mqtt10buffer_refIcE5emptyEv", "FFF Function: _ZN4mqtt7message12validate_qosEi", "FFF Function: _ZN4mqtt7message12set_retainedEb", "FFF Function: _ZN4mqtt10buffer_refIcED2Ev", "FFF Function: _ZN4mqtt10buffer_refIcED2Ev"]], [109, ["FFF Function: _ZN4mqtt10buffer_refIcEC2EOS1_", "FFF Function: _ZNK4mqtt10buffer_refIcE5emptyEv", "FFF Function: _ZN4mqtt7message12validate_qosEi", "FFF Function: _ZN4mqtt7message12set_retainedEb", "FFF Function: _ZN4mqtt10buffer_refIcED2Ev", "FFF Function: _ZN4mqtt10buffer_refIcED2Ev", "FFF Function: _ZN4mqtt10buffer_refIcED2Ev"]], [109, ["FFF Function: _ZN4mqtt10buffer_refIcEC2EOS1_", "FFF Function: _ZNK4mqtt10buffer_refIcE5emptyEv", "FFF Function: _ZN4mqtt7message12validate_qosEi", "FFF Function: _ZN4mqtt7message12set_retainedEb", "FFF Function: _ZN4mqtt6to_intEb"]], [109, ["FFF Function: _ZN4mqtt10buffer_refIcEC2EOS1_", "FFF Function: _ZNK4mqtt10buffer_refIcE5emptyEv", "FFF Function: _ZN4mqtt7message12validate_qosEi", "FFF Function: _ZN4mqtt7message12set_retainedEb", "FFF Function: _ZN4mqtt6to_intEb", "FFF Function: _ZN4mqtt10buffer_refIcED2Ev"]], [109, ["FFF Function: _ZN4mqtt10buffer_refIcEC2EOS1_", "FFF Function: _ZNK4mqtt10buffer_refIcE5emptyEv", "FFF Function: _ZN4mqtt7message12validate_qosEi", "FFF Function: _ZN4mqtt7message12set_retainedEb", "FFF Function: _ZN4mqtt6to_intEb", "FFF Function: _ZN4mqtt10buffer_refIcED2Ev", "FFF Function: _ZN4mqtt10buffer_refIcED2Ev"]], [109, ["FFF Function: _ZN4mqtt10buffer_refIcEC2EOS1_", "FFF Function: _ZNK4mqtt10buffer_refIcE5emptyEv", "FFF Function: _ZN4mqtt7message12validate_qosEi", "FFF Function: _ZN4mqtt7message12set_retainedEb", "FFF Function: _ZN4mqtt6to_intEb", "FFF Function: _ZN4mqtt10buffer_refIcED2Ev", "FFF Function: _ZN4mqtt10buffer_refIcED2Ev", "FFF Function: _ZN4mqtt10buffer_refIcED2Ev"]], [109, ["FFF Function: _ZN4mqtt10buffer_refIcED2Ev", "FFF Function: _ZN4mqtt10buffer_refIcED2Ev", "FFF Function: _ZN4mqtt10buffer_refIcED2Ev", "FFF Function: _ZN4mqtt10buffer_refIcED2Ev", "FFF Function: _ZN4mqtt10buffer_refIcED2Ev"]], [109, ["FFF Function: _ZN4mqtt10buffer_refIcED2Ev", "FFF Function: _ZN4mqtt10buffer_refIcED2Ev", "FFF Function: _ZN4mqtt7message12validate_qosEi", "FFF Function: _ZN4mqtt7message12set_retainedEb", "FFF Function: _ZN4mqtt6to_intEb"]], [109, ["FFF Function: _ZNK4mqtt10buffer_refIcE5emptyEv", "FFF Function: _ZN4mqtt10buffer_refIcED2Ev", "FFF Function: _ZN4mqtt10buffer_refIcED2Ev", "FFF Function: _ZN4mqtt10buffer_refIcED2Ev", "FFF Function: _ZN4mqtt10buffer_refIcED2Ev"]], [109, ["FFF Function: _ZNK4mqtt10buffer_refIcE5emptyEv", "FFF Function: _ZN4mqtt10buffer_refIcED2Ev", "FFF Function: _ZN4mqtt10buffer_refIcED2Ev", "FFF Function: _ZN4mqtt10buffer_refIcED2Ev", "FFF Function: _ZN4mqtt10buffer_refIcED2Ev", "FFF Function: _ZN4mqtt10buffer_refIcED2Ev"]], [109, ["FFF Function: _ZNK4mqtt10buffer_refIcE5emptyEv", "FFF Function: _ZN4mqtt10buffer_refIcED2Ev", "FFF Function: _ZN4mqtt10buffer_refIcED2Ev", "FFF Function: _ZN4mqtt7message12set_retainedEb", "FFF Function: _ZN4mqtt6to_intEb"]], [109, ["FFF Function: _ZNK4mqtt10buffer_refIcE5emptyEv", "FFF Function: _ZN4mqtt10buffer_refIcED2Ev", "FFF Function: _ZN4mqtt10buffer_refIcED2Ev", "FFF Function: _ZN4mqtt7message12validate_qosEi", "FFF Function: _ZN4mqtt6to_intEb"]], [109, ["FFF Function: _ZNK4mqtt10buffer_refIcE5emptyEv", "FFF Function: _ZN4mqtt10buffer_refIcED2Ev", "FFF Function: _ZN4mqtt10buffer_refIcED2Ev", "FFF Function: _ZN4mqtt7message12validate_qosEi", "FFF Function: _ZN4mqtt7message12set_retainedEb"]], [109, ["FFF Function: _ZNK4mqtt10buffer_refIcE5emptyEv", "FFF Function: _ZN4mqtt10buffer_refIcED2Ev", "FFF Function: _ZN4mqtt10buffer_refIcED2Ev", "FFF Function: _ZN4mqtt7message12validate_qosEi", "FFF Function: _ZN4mqtt7message12set_retainedEb", "FFF Function: _ZN4mqtt6to_intEb"]], [109, ["FFF Function: _ZNK4mqtt10buffer_refIcE5emptyEv", "FFF Function: _ZN4mqtt10buffer_refIcED2Ev", "FFF Function: _ZN4mqtt7message12validate_qosEi", "FFF Function: _ZN4mqtt7message12set_retainedEb", "FFF Function: _ZN4mqtt6to_intEb"]], [108, ["FFF Function: _ZN4mqtt7message12validate_qosEi", "FFF Function: _ZN4mqtt7message12set_retainedEb", "FFF Function: _ZN4mqtt6to_intEb", "FFF Function: _ZNK4mqtt7message9get_topicB5cxx11Ev", "FFF Function: _ZNK4mqtt10buffer_refIcE3strB5cxx11Ev", "FFF Function: _ZNK4mqtt10buffer_refIcEcvbEv"]], [108, ["FFF Function: _ZN4mqtt7message12validate_qosEi", "FFF Function: _ZN4mqtt7message12set_retainedEb", "FFF Function: _ZN4mqtt6to_intEb", "FFF Function: _ZNK4mqtt7message9get_topicB5cxx11Ev", "FFF Function: _ZNK4mqtt10buffer_refIcE3strB5cxx11Ev", "FFF Function: _ZNK4mqtt10buffer_refIcEcvbEv", "FFF Function: _ZNK4mqtt10buffer_refIcE3strB5cxx11Ev"]], [108, ["FFF Function: _ZN4mqtt7message12validate_qosEi", "FFF Function: _ZN4mqtt7message12set_retainedEb", "FFF Function: _ZN4mqtt6to_intEb", "FFF Function: _ZNK4mqtt7message9get_topicB5cxx11Ev", "FFF Function: _ZNK4mqtt10buffer_refIcE3strB5cxx11Ev", "FFF Function: _ZNK4mqtt7message9get_topicB5cxx11Ev"]], [108, ["FFF Function: _ZN4mqtt7message12validate_qosEi", "FFF Function: _ZN4mqtt7message12set_retainedEb", "FFF Function: _ZN4mqtt6to_intEb", "FFF Function: _ZNK4mqtt7message9get_topicB5cxx11Ev", "FFF Function: _ZNK4mqtt10buffer_refIcE3strB5cxx11Ev", "FFF Function: _ZNK4mqtt7message9get_topicB5cxx11Ev", "FFF Function: _ZNK4mqtt10buffer_refIcE3strB5cxx11Ev"]], [108, ["FFF Function: _ZN4mqtt7message12validate_qosEi", "FFF Function: _ZN4mqtt7message12set_retainedEb", "FFF Function: _ZN4mqtt6to_intEb", "FFF Function: _ZNK4mqtt7message9get_topicB5cxx11Ev", "FFF Function: _ZNK4mqtt10buffer_refIcE3strB5cxx11Ev", "FFF Function: _ZNK4mqtt7message9get_topicB5cxx11Ev", "FFF Function: _ZNK4mqtt10buffer_refIcEcvbEv"]], [108, ["FFF Function: _ZN4mqtt7message12validate_qosEi", "FFF Function: _ZN4mqtt7message12set_retainedEb", "FFF Function: _ZN4mqtt6to_intEb", "FFF Function: _ZNK4mqtt7message9get_topicB5cxx11Ev", "FFF Function: _ZNK4mqtt10buffer_refIcE3strB5cxx11Ev", "FFF Function: _ZNK4mqtt7message9get_topicB5cxx11Ev", "FFF Function: _ZNK4mqtt10buffer_refIcEcvbEv", "FFF Function: _ZNK4mqtt10buffer_refIcE3strB5cxx11Ev"]], [108, ["FFF Function: _ZN4mqtt7message12validate_qosEi", "FFF Function: _ZN4mqtt7message12set_retainedEb", "FFF Function: _ZN4mqtt6to_intEb", "FFF Function: _ZNK4mqtt7message9get_topicB5cxx11Ev", "FFF Function: _ZNK4mqtt10buffer_refIcEcvbEv"]], [108, ["FFF Function: _ZN4mqtt7message12validate_qosEi", "FFF Function: _ZN4mqtt7message12set_retainedEb", "FFF Function: _ZN4mqtt6to_intEb", "FFF Function: _ZNK4mqtt7message9get_topicB5cxx11Ev", "FFF Function: _ZNK4mqtt10buffer_refIcEcvbEv", "FFF Function: _ZNK4mqtt10buffer_refIcE3strB5cxx11Ev"]], [108, ["FFF Function: _ZN4mqtt7message12validate_qosEi", "FFF Function: _ZN4mqtt7message12set_retainedEb", "FFF Function: _ZN4mqtt6to_intEb", "FFF Function: _ZNK4mqtt7message9get_topicB5cxx11Ev", "FFF Function: _ZNK4mqtt10buffer_refIcEcvbEv", "FFF Function: _ZNK4mqtt10buffer_refIcE3strB5cxx11Ev", "FFF Function: _ZNK4mqtt10buffer_refIcE3strB5cxx11Ev"]], [108, ["FFF Function: _ZN4mqtt7message12validate_qosEi", "FFF Function: _ZN4mqtt7message12set_retainedEb", "FFF Function: _ZN4mqtt6to_intEb", "FFF Function: _ZNK4mqtt7message9get_topicB5cxx11Ev", "FFF Function: _ZNK4mqtt10buffer_refIcEcvbEv", "FFF Function: _ZNK4mqtt10buffer_refIcE3strB5cxx11Ev", "FFF Function: _ZNK4mqtt10buffer_refIcEcvbEv"]], [108, ["FFF Function: _ZN4mqtt7message12validate_qosEi", "FFF Function: _ZN4mqtt7message12set_retainedEb", "FFF Function: _ZN4mqtt6to_intEb", "FFF Function: _ZNK4mqtt7message9get_topicB5cxx11Ev", "FFF Function: _ZNK4mqtt10buffer_refIcEcvbEv", "FFF Function: _ZNK4mqtt10buffer_refIcE3strB5cxx11Ev", "FFF Function: _ZNK4mqtt10buffer_refIcEcvbEv", "FFF Function: _ZNK4mqtt10buffer_refIcE3strB5cxx11Ev"]], [108, ["FFF Function: _ZN4mqtt7message12validate_qosEi", "FFF Function: _ZN4mqtt7message12set_retainedEb", "FFF Function: _ZN4mqtt6to_intEb", "FFF Function: _ZNK4mqtt7message9get_topicB5cxx11Ev", "FFF Function: _ZNK4mqtt10buffer_refIcEcvbEv", "FFF Function: _ZNK4mqtt10buffer_refIcE3strB5cxx11Ev", "FFF Function: _ZNK4mqtt7message9get_topicB5cxx11Ev"]], [108, ["FFF Function: _ZN4mqtt7message12validate_qosEi", "FFF Function: _ZN4mqtt7message12set_retainedEb", "FFF Function: _ZN4mqtt6to_intEb", "FFF Function: _ZNK4mqtt7message9get_topicB5cxx11Ev", "FFF Function: _ZNK4mqtt10buffer_refIcEcvbEv", "FFF Function: _ZNK4mqtt10buffer_refIcE3strB5cxx11Ev", "FFF Function: _ZNK4mqtt7message9get_topicB5cxx11Ev", "FFF Function: _ZNK4mqtt10buffer_refIcE3strB5cxx11Ev"]], [108, ["FFF Function: _ZN4mqtt7message12validate_qosEi", "FFF Function: _ZN4mqtt7message12set_retainedEb", "FFF Function: _ZN4mqtt6to_intEb", "FFF Function: _ZNK4mqtt7message9get_topicB5cxx11Ev", "FFF Function: _ZNK4mqtt10buffer_refIcEcvbEv", "FFF Function: _ZNK4mqtt10buffer_refIcE3strB5cxx11Ev", "FFF Function: _ZNK4mqtt7message9get_topicB5cxx11Ev", "FFF Function: _ZNK4mqtt10buffer_refIcEcvbEv"]], [108, ["FFF Function: _ZN4mqtt7message12validate_qosEi", "FFF Function: _ZN4mqtt7message12set_retainedEb", "FFF Function: _ZN4mqtt6to_intEb", "FFF Function: _ZNK4mqtt7message9get_topicB5cxx11Ev", "FFF Function: _ZNK4mqtt10buffer_refIcEcvbEv", "FFF Function: _ZNK4mqtt10buffer_refIcE3strB5cxx11Ev", "FFF Function: _ZNK4mqtt7message9get_topicB5cxx11Ev", "FFF Function: _ZNK4mqtt10buffer_refIcEcvbEv", "FFF Function: _ZNK4mqtt10buffer_refIcE3strB5cxx11Ev"]], [108, ["FFF Function: _ZN4mqtt7message12validate_qosEi", "FFF Function: _ZN4mqtt7message12set_retainedEb", "FFF Function: _ZN4mqtt6to_intEb", "FFF Function: _ZNK4mqtt7message9get_topicB5cxx11Ev", "FFF Function: _ZNK4mqtt10buffer_refIcEcvbEv", "FFF Function: _ZNK4mqtt10buffer_refIcEcvbEv"]], [108, ["FFF Function: _ZN4mqtt7message12validate_qosEi", "FFF Function: _ZN4mqtt7message12set_retainedEb", "FFF Function: _ZN4mqtt6to_intEb", "FFF Function: _ZNK4mqtt7message9get_topicB5cxx11Ev", "FFF Function: _ZNK4mqtt10buffer_refIcEcvbEv", "FFF Function: _ZNK4mqtt10buffer_refIcEcvbEv", "FFF Function: _ZNK4mqtt10buffer_refIcE3strB5cxx11Ev"]], [108, ["FFF Function: _ZN4mqtt7message12validate_qosEi", "FFF Function: _ZN4mqtt7message12set_retainedEb", "FFF Function: _ZN4mqtt6to_intEb", "FFF Function: _ZNK4mqtt7message9get_topicB5cxx11Ev", "FFF Function: _ZNK4mqtt10buffer_refIcEcvbEv", "FFF Function: _ZNK4mqtt7message9get_topicB5cxx11Ev"]], [108, ["FFF Function: _ZN4mqtt7message12validate_qosEi", "FFF Function: _ZN4mqtt7message12set_retainedEb", "FFF Function: _ZN4mqtt6to_intEb", "FFF Function: _ZNK4mqtt7message9get_topicB5cxx11Ev", "FFF Function: _ZNK4mqtt10buffer_refIcEcvbEv", "FFF Function: _ZNK4mqtt7message9get_topicB5cxx11Ev", "FFF Function: _ZNK4mqtt10buffer_refIcE3strB5cxx11Ev"]], [108, ["FFF Function: _ZN4mqtt7message12validate_qosEi", "FFF Function: _ZN4mqtt7message12set_retainedEb", "FFF Function: _ZN4mqtt6to_intEb", "FFF Function: _ZNK4mqtt7message9get_topicB5cxx11Ev", "FFF Function: _ZNK4mqtt10buffer_refIcEcvbEv", "FFF Function: _ZNK4mqtt7message9get_topicB5cxx11Ev", "FFF Function: _ZNK4mqtt10buffer_refIcEcvbEv"]], [108, ["FFF Function: _ZN4mqtt7message12validate_qosEi", "FFF Function: _ZN4mqtt7message12set_retainedEb", "FFF Function: _ZN4mqtt6to_intEb", "FFF Function: _ZNK4mqtt7message9get_topicB5cxx11Ev", "FFF Function: _ZNK4mqtt10buffer_refIcEcvbEv", "FFF Function: _ZNK4mqtt7message9get_topicB5cxx11Ev", "FFF Function: _ZNK4mqtt10buffer_refIcEcvbEv", "FFF Function: _ZNK4mqtt10buffer_refIcE3strB5cxx11Ev"]], [108, ["FFF Function: _ZN4mqtt7message12validate_qosEi", "FFF Function: _ZN4mqtt7message12set_retainedEb", "FFF Function: _ZN4mqtt6to_intEb", "FFF Function: _ZNK4mqtt7message9get_topicB5cxx11Ev", "FFF Function: _ZNK4mqtt7message9get_topicB5cxx11Ev"]], [108, ["FFF Function: _ZN4mqtt7message12validate_qosEi", "FFF Function: _ZN4mqtt7message12set_retainedEb", "FFF Function: _ZN4mqtt6to_intEb", "FFF Function: _ZNK4mqtt7message9get_topicB5cxx11Ev", "FFF Function: _ZNK4mqtt7message9get_topicB5cxx11Ev", "FFF Function: _ZNK4mqtt10buffer_refIcE3strB5cxx11Ev"]], [108, ["FFF Function: _ZN4mqtt7message12validate_qosEi", "FFF Function: _ZN4mqtt7message12set_retainedEb", "FFF Function: _ZN4mqtt6to_intEb", "FFF Function: _ZNK4mqtt7message9get_topicB5cxx11Ev", "FFF Function: _ZNK4mqtt7message9get_topicB5cxx11Ev", "FFF Function: _ZNK4mqtt10buffer_refIcEcvbEv"]], [108, ["FFF Function: _ZN4mqtt7message12validate_qosEi", "FFF Function: _ZN4mqtt7message12set_retainedEb", "FFF Function: _ZN4mqtt6to_intEb", "FFF Function: _ZNK4mqtt7message9get_topicB5cxx11Ev", "FFF Function: _ZNK4mqtt7message9get_topicB5cxx11Ev", "FFF Function: _ZNK4mqtt10buffer_refIcEcvbEv", "FFF Function: _ZNK4mqtt10buffer_refIcE3strB5cxx11Ev"]], [108, ["FFF Function: _ZNK4mqtt10buffer_refIcE5emptyEv", "FFF Function: _ZN4mqtt10buffer_refIcED2Ev", "FFF Function: _ZN4mqtt10buffer_refIcED2Ev", "FFF Function: _ZN4mqtt10buffer_refIcED2Ev", "FFF Function: _ZN4mqtt10buffer_refIcED2Ev", "FFF Function: _ZN4mqtt10buffer_refIcED2Ev", "FFF Function: _ZN4mqtt10buffer_refIcED2Ev"]], [108, ["FFF Function: _ZNK4mqtt10buffer_refIcE5emptyEv", "FFF Function: _ZN4mqtt10buffer_refIcED2Ev", "FFF Function: _ZN4mqtt10buffer_refIcED2Ev", "FFF Function: _ZN4mqtt10buffer_refIcED2Ev", "FFF Function: _ZN4mqtt10buffer_refIcED2Ev", "FFF Function: _ZN4mqtt10buffer_refIcED2Ev", "FFF Function: _ZN4mqtt10buffer_refIcED2Ev", "FFF Function: _ZN4mqtt7message7set_qosEi"]], [108, ["FFF Function: _ZNK4mqtt10buffer_refIcE5emptyEv", "FFF Function: _ZN4mqtt10buffer_refIcED2Ev", "FFF Function: _ZN4mqtt10buffer_refIcED2Ev", "FFF Function: _ZN4mqtt10buffer_refIcED2Ev", "FFF Function: _ZN4mqtt10buffer_refIcED2Ev", "FFF Function: _ZN4mqtt10buffer_refIcED2Ev", "FFF Function: _ZN4mqtt7message7set_qosEi"]], [108, ["FFF Function: _ZNK4mqtt10buffer_refIcE5emptyEv", "FFF Function: _ZN4mqtt10buffer_refIcED2Ev", "FFF Function: _ZN4mqtt10buffer_refIcED2Ev", "FFF Function: _ZN4mqtt10buffer_refIcED2Ev", "FFF Function: _ZN4mqtt10buffer_refIcED2Ev", "FFF Function: _ZN4mqtt7message7set_qosEi"]], [108, ["FFF Function: _ZNK4mqtt10buffer_refIcE5emptyEv", "FFF Function: _ZN4mqtt10buffer_refIcED2Ev", "FFF Function: _ZN4mqtt10buffer_refIcED2Ev", "FFF Function: _ZN4mqtt10buffer_refIcED2Ev", "FFF Function: _ZN4mqtt7message7set_qosEi"]], [108, ["FFF Function: _ZNK4mqtt10buffer_refIcE5emptyEv", "FFF Function: _ZN4mqtt6to_intEb", "FFF Function: _ZN4mqtt10buffer_refIcED2Ev", "FFF Function: _ZN4mqtt10buffer_refIcED2Ev", "FFF Function: _ZN4mqtt10buffer_refIcED2Ev", "FFF Function: _ZN4mqtt10buffer_refIcED2Ev"]], [108, ["FFF Function: _ZNK4mqtt10buffer_refIcE5emptyEv", "FFF Function: _ZN4mqtt6to_intEb", "FFF Function: _ZN4mqtt10buffer_refIcED2Ev", "FFF Function: _ZN4mqtt10buffer_refIcED2Ev", "FFF Function: _ZN4mqtt10buffer_refIcED2Ev", "FFF Function: _ZN4mqtt10buffer_refIcED2Ev", "FFF Function: _ZN4mqtt10buffer_refIcED2Ev"]], [108, ["FFF Function: _ZNK4mqtt10buffer_refIcE5emptyEv", "FFF Function: _ZN4mqtt6to_intEb", "FFF Function: _ZN4mqtt10buffer_refIcED2Ev", "FFF Function: _ZN4mqtt10buffer_refIcED2Ev", "FFF Function: _ZN4mqtt10buffer_refIcED2Ev", "FFF Function: _ZN4mqtt10buffer_refIcED2Ev", "FFF Function: _ZN4mqtt10buffer_refIcED2Ev", "FFF Function: _ZN4mqtt10buffer_refIcED2Ev"]], [108, ["FFF Function: _ZNK4mqtt10buffer_refIcE5emptyEv", "FFF Function: _ZN4mqtt6to_intEb", "FFF Function: _ZN4mqtt10buffer_refIcED2Ev", "FFF Function: _ZN4mqtt10buffer_refIcED2Ev", "FFF Function: _ZN4mqtt10buffer_refIcED2Ev", "FFF Function: _ZN4mqtt10buffer_refIcED2Ev", "FFF Function: _ZN4mqtt10buffer_refIcED2Ev", "FFF Function: _ZN4mqtt10buffer_refIcED2Ev", "FFF Function: _ZN4mqtt7message7set_qosEi"]], [108, ["FFF Function: _ZNK4mqtt10buffer_refIcE5emptyEv", "FFF Function: _ZN4mqtt6to_intEb", "FFF Function: _ZN4mqtt10buffer_refIcED2Ev", "FFF Function: _ZN4mqtt10buffer_refIcED2Ev", "FFF Function: _ZN4mqtt10buffer_refIcED2Ev", "FFF Function: _ZN4mqtt10buffer_refIcED2Ev", "FFF Function: _ZN4mqtt10buffer_refIcED2Ev", "FFF Function: _ZN4mqtt7message7set_qosEi"]], [108, ["FFF Function: _ZNK4mqtt10buffer_refIcE5emptyEv", "FFF Function: _ZN4mqtt6to_intEb", "FFF Function: _ZN4mqtt10buffer_refIcED2Ev", "FFF Function: _ZN4mqtt10buffer_refIcED2Ev", "FFF Function: _ZN4mqtt10buffer_refIcED2Ev", "FFF Function: _ZN4mqtt10buffer_refIcED2Ev", "FFF Function: _ZN4mqtt7message7set_qosEi"]], [108, ["FFF Function: _ZNK4mqtt10buffer_refIcE5emptyEv", "FFF Function: _ZN4mqtt6to_intEb", "FFF Function: _ZN4mqtt10buffer_refIcED2Ev", "FFF Function: _ZN4mqtt10buffer_refIcED2Ev", "FFF Function: _ZN4mqtt10buffer_refIcED2Ev", "FFF Function: _ZN4mqtt7message7set_qosEi"]], [108, ["FFF Function: _ZNK4mqtt10buffer_refIcE5emptyEv", "FFF Function: _ZN4mqtt6to_intEb", "FFF Function: _ZN4mqtt10buffer_refIcED2Ev", "FFF Function: _ZN4mqtt10buffer_refIcED2Ev", "FFF Function: _ZN4mqtt7message7set_qosEi"]], [108, ["FFF Function: _ZNK4mqtt10buffer_refIcE5emptyEv", "FFF Function: _ZN4mqtt7message12set_retainedEb", "FFF Function: _ZN4mqtt10buffer_refIcED2Ev", "FFF Function: _ZN4mqtt10buffer_refIcED2Ev", "FFF Function: _ZN4mqtt10buffer_refIcED2Ev", "FFF Function: _ZN4mqtt10buffer_refIcED2Ev"]], [108, ["FFF Function: _ZNK4mqtt10buffer_refIcE5emptyEv", "FFF Function: _ZN4mqtt7message12set_retainedEb", "FFF Function: _ZN4mqtt10buffer_refIcED2Ev", "FFF Function: _ZN4mqtt10buffer_refIcED2Ev", "FFF Function: _ZN4mqtt10buffer_refIcED2Ev", "FFF Function: _ZN4mqtt10buffer_refIcED2Ev", "FFF Function: _ZN4mqtt10buffer_refIcED2Ev"]], [108, ["FFF Function: _ZNK4mqtt10buffer_refIcE5emptyEv", "FFF Function: _ZN4mqtt7message12set_retainedEb", "FFF Function: _ZN4mqtt10buffer_refIcED2Ev", "FFF Function: _ZN4mqtt10buffer_refIcED2Ev", "FFF Function: _ZN4mqtt10buffer_refIcED2Ev", "FFF Function: _ZN4mqtt10buffer_refIcED2Ev", "FFF Function: _ZN4mqtt10buffer_refIcED2Ev", "FFF Function: _ZN4mqtt10buffer_refIcED2Ev"]], [108, ["FFF Function: _ZNK4mqtt10buffer_refIcE5emptyEv", "FFF Function: _ZN4mqtt7message12set_retainedEb", "FFF Function: _ZN4mqtt10buffer_refIcED2Ev", "FFF Function: _ZN4mqtt10buffer_refIcED2Ev", "FFF Function: _ZN4mqtt10buffer_refIcED2Ev", "FFF Function: _ZN4mqtt10buffer_refIcED2Ev", "FFF Function: _ZN4mqtt10buffer_refIcED2Ev", "FFF Function: _ZN4mqtt10buffer_refIcED2Ev", "FFF Function: _ZN4mqtt7message7set_qosEi"]], [108, ["FFF Function: _ZNK4mqtt10buffer_refIcE5emptyEv", "FFF Function: _ZN4mqtt7message12set_retainedEb", "FFF Function: _ZN4mqtt10buffer_refIcED2Ev", "FFF Function: _ZN4mqtt10buffer_refIcED2Ev", "FFF Function: _ZN4mqtt10buffer_refIcED2Ev", "FFF Function: _ZN4mqtt10buffer_refIcED2Ev", "FFF Function: _ZN4mqtt10buffer_refIcED2Ev", "FFF Function: _ZN4mqtt7message7set_qosEi"]], [108, ["FFF Function: _ZNK4mqtt10buffer_refIcE5emptyEv", "FFF Function: _ZN4mqtt7message12set_retainedEb", "FFF Function: _ZN4mqtt10buffer_refIcED2Ev", "FFF Function: _ZN4mqtt10buffer_refIcED2Ev", "FFF Function: _ZN4mqtt10buffer_refIcED2Ev", "FFF Function: _ZN4mqtt10buffer_refIcED2Ev", "FFF Function: _ZN4mqtt7message7set_qosEi"]], [108, ["FFF Function: _ZNK4mqtt10buffer_refIcE5emptyEv", "FFF Function: _ZN4mqtt7message12set_retainedEb", "FFF Function: _ZN4mqtt10buffer_refIcED2Ev", "FFF Function: _ZN4mqtt10buffer_refIcED2Ev", "FFF Function: _ZN4mqtt10buffer_refIcED2Ev", "FFF Function: _ZN4mqtt7message7set_qosEi"]], [108, ["FFF Function: _ZNK4mqtt10buffer_refIcE5emptyEv", "FFF Function: _ZN4mqtt7message12set_retainedEb", "FFF Function: _ZN4mqtt10buffer_refIcED2Ev", "FFF Function: _ZN4mqtt10buffer_refIcED2Ev", "FFF Function: _ZN4mqtt7message7set_qosEi"]], [108, ["FFF Function: _ZNK4mqtt10buffer_refIcE5emptyEv", "FFF Function: _ZN4mqtt7message12set_retainedEb", "FFF Function: _ZN4mqtt6to_intEb", "FFF Function: _ZN4mqtt10buffer_refIcED2Ev", "FFF Function: _ZN4mqtt10buffer_refIcED2Ev", "FFF Function: _ZN4mqtt10buffer_refIcED2Ev", "FFF Function: _ZN4mqtt10buffer_refIcED2Ev"]], [108, ["FFF Function: _ZNK4mqtt10buffer_refIcE5emptyEv", "FFF Function: _ZN4mqtt7message12set_retainedEb", "FFF Function: _ZN4mqtt6to_intEb", "FFF Function: _ZN4mqtt10buffer_refIcED2Ev", "FFF Function: _ZN4mqtt10buffer_refIcED2Ev", "FFF Function: _ZN4mqtt10buffer_refIcED2Ev", "FFF Function: _ZN4mqtt10buffer_refIcED2Ev", "FFF Function: _ZN4mqtt10buffer_refIcED2Ev"]], [108, ["FFF Function: _ZNK4mqtt10buffer_refIcE5emptyEv", "FFF Function: _ZN4mqtt7message12set_retainedEb", "FFF Function: _ZN4mqtt6to_intEb", "FFF Function: _ZN4mqtt10buffer_refIcED2Ev", "FFF Function: _ZN4mqtt10buffer_refIcED2Ev", "FFF Function: _ZN4mqtt10buffer_refIcED2Ev", "FFF Function: _ZN4mqtt10buffer_refIcED2Ev", "FFF Function: _ZN4mqtt10buffer_refIcED2Ev", "FFF Function: _ZN4mqtt10buffer_refIcED2Ev"]], [108, ["FFF Function: _ZNK4mqtt10buffer_refIcE5emptyEv", "FFF Function: _ZN4mqtt7message12set_retainedEb", "FFF Function: _ZN4mqtt6to_intEb", "FFF Function: _ZN4mqtt10buffer_refIcED2Ev", "FFF Function: _ZN4mqtt10buffer_refIcED2Ev", "FFF Function: _ZN4mqtt10buffer_refIcED2Ev", "FFF Function: _ZN4mqtt10buffer_refIcED2Ev", "FFF Function: _ZN4mqtt10buffer_refIcED2Ev", "FFF Function: _ZN4mqtt10buffer_refIcED2Ev", "FFF Function: _ZN4mqtt7message7set_qosEi"]], [108, ["FFF Function: _ZNK4mqtt10buffer_refIcE5emptyEv", "FFF Function: _ZN4mqtt7message12set_retainedEb", "FFF Function: _ZN4mqtt6to_intEb", "FFF Function: _ZN4mqtt10buffer_refIcED2Ev", "FFF Function: _ZN4mqtt10buffer_refIcED2Ev", "FFF Function: _ZN4mqtt10buffer_refIcED2Ev", "FFF Function: _ZN4mqtt10buffer_refIcED2Ev", "FFF Function: _ZN4mqtt10buffer_refIcED2Ev", "FFF Function: _ZN4mqtt7message7set_qosEi"]], [108, ["FFF Function: _ZNK4mqtt10buffer_refIcE5emptyEv", "FFF Function: _ZN4mqtt7message12set_retainedEb", "FFF Function: _ZN4mqtt6to_intEb", "FFF Function: _ZN4mqtt10buffer_refIcED2Ev", "FFF Function: _ZN4mqtt10buffer_refIcED2Ev", "FFF Function: _ZN4mqtt10buffer_refIcED2Ev", "FFF Function: _ZN4mqtt10buffer_refIcED2Ev", "FFF Function: _ZN4mqtt7message7set_qosEi"]], [108, ["FFF Function: _ZNK4mqtt10buffer_refIcE5emptyEv", "FFF Function: _ZN4mqtt7message12set_retainedEb", "FFF Function: _ZN4mqtt6to_intEb", "FFF Function: _ZN4mqtt10buffer_refIcED2Ev", "FFF Function: _ZN4mqtt10buffer_refIcED2Ev", "FFF Function: _ZN4mqtt10buffer_refIcED2Ev", "FFF Function: _ZN4mqtt7message7set_qosEi"]], [108, ["FFF Function: _ZNK4mqtt10buffer_refIcE5emptyEv", "FFF Function: _ZN4mqtt7message12set_retainedEb", "FFF Function: _ZN4mqtt6to_intEb", "FFF Function: _ZN4mqtt10buffer_refIcED2Ev", "FFF Function: _ZN4mqtt10buffer_refIcED2Ev", "FFF Function: _ZN4mqtt7message7set_qosEi"]], [108, ["FFF Function: _ZNK4mqtt10buffer_refIcE5emptyEv", "FFF Function: _ZN4mqtt7message12set_retainedEb", "FFF Function: _ZN4mqtt6to_intEb", "FFF Function: _ZN4mqtt10buffer_refIcED2Ev", "FFF Function: _ZN4mqtt7message7set_qosEi"]], [108, ["FFF Function: _ZNK4mqtt10buffer_refIcE5emptyEv", "FFF Function: _ZN4mqtt7message12validate_qosEi", "FFF Function: _ZN4mqtt10buffer_refIcED2Ev", "FFF Function: _ZN4mqtt10buffer_refIcED2Ev", "FFF Function: _ZN4mqtt10buffer_refIcED2Ev", "FFF Function: _ZN4mqtt10buffer_refIcED2Ev"]], [108, ["FFF Function: _ZNK4mqtt10buffer_refIcE5emptyEv", "FFF Function: _ZN4mqtt7message12validate_qosEi", "FFF Function: _ZN4mqtt10buffer_refIcED2Ev", "FFF Function: _ZN4mqtt10buffer_refIcED2Ev", "FFF Function: _ZN4mqtt10buffer_refIcED2Ev", "FFF Function: _ZN4mqtt10buffer_refIcED2Ev", "FFF Function: _ZN4mqtt10buffer_refIcED2Ev"]], [108, ["FFF Function: _ZNK4mqtt10buffer_refIcE5emptyEv", "FFF Function: _ZN4mqtt7message12validate_qosEi", "FFF Function: _ZN4mqtt10buffer_refIcED2Ev", "FFF Function: _ZN4mqtt10buffer_refIcED2Ev", "FFF Function: _ZN4mqtt10buffer_refIcED2Ev", "FFF Function: _ZN4mqtt10buffer_refIcED2Ev", "FFF Function: _ZN4mqtt10buffer_refIcED2Ev", "FFF Function: _ZN4mqtt10buffer_refIcED2Ev"]], [108, ["FFF Function: _ZNK4mqtt10buffer_refIcE5emptyEv", "FFF Function: _ZN4mqtt7message12validate_qosEi", "FFF Function: _ZN4mqtt10buffer_refIcED2Ev", "FFF Function: _ZN4mqtt10buffer_refIcED2Ev", "FFF Function: _ZN4mqtt10buffer_refIcED2Ev", "FFF Function: _ZN4mqtt10buffer_refIcED2Ev", "FFF Function: _ZN4mqtt10buffer_refIcED2Ev", "FFF Function: _ZN4mqtt10buffer_refIcED2Ev", "FFF Function: _ZN4mqtt7message7set_qosEi"]], [108, ["FFF Function: _ZNK4mqtt10buffer_refIcE5emptyEv", "FFF Function: _ZN4mqtt7message12validate_qosEi", "FFF Function: _ZN4mqtt10buffer_refIcED2Ev", "FFF Function: _ZN4mqtt10buffer_refIcED2Ev", "FFF Function: _ZN4mqtt10buffer_refIcED2Ev", "FFF Function: _ZN4mqtt10buffer_refIcED2Ev", "FFF Function: _ZN4mqtt10buffer_refIcED2Ev", "FFF Function: _ZN4mqtt7message7set_qosEi"]], [108, ["FFF Function: _ZNK4mqtt10buffer_refIcE5emptyEv", "FFF Function: _ZN4mqtt7message12validate_qosEi", "FFF Function: _ZN4mqtt10buffer_refIcED2Ev", "FFF Function: _ZN4mqtt10buffer_refIcED2Ev", "FFF Function: _ZN4mqtt10buffer_refIcED2Ev", "FFF Function: _ZN4mqtt10buffer_refIcED2Ev", "FFF Function: _ZN4mqtt7message7set_qosEi"]], [108, ["FFF Function: _ZNK4mqtt10buffer_refIcE5emptyEv", "FFF Function: _ZN4mqtt7message12validate_qosEi", "FFF Function: _ZN4mqtt10buffer_refIcED2Ev", "FFF Function: _ZN4mqtt10buffer_refIcED2Ev", "FFF Function: _ZN4mqtt10buffer_refIcED2Ev", "FFF Function: _ZN4mqtt7message7set_qosEi"]], [108, ["FFF Function: _ZNK4mqtt10buffer_refIcE5emptyEv", "FFF Function: _ZN4mqtt7message12validate_qosEi", "FFF Function: _ZN4mqtt10buffer_refIcED2Ev", "FFF Function: _ZN4mqtt10buffer_refIcED2Ev", "FFF Function: _ZN4mqtt7message7set_qosEi"]], [108, ["FFF Function: _ZNK4mqtt10buffer_refIcE5emptyEv", "FFF Function: _ZN4mqtt7message12validate_qosEi", "FFF Function: _ZN4mqtt6to_intEb", "FFF Function: _ZN4mqtt10buffer_refIcED2Ev", "FFF Function: _ZN4mqtt10buffer_refIcED2Ev", "FFF Function: _ZN4mqtt10buffer_refIcED2Ev", "FFF Function: _ZN4mqtt10buffer_refIcED2Ev"]], [108, ["FFF Function: _ZNK4mqtt10buffer_refIcE5emptyEv", "FFF Function: _ZN4mqtt7message12validate_qosEi", "FFF Function: _ZN4mqtt6to_intEb", "FFF Function: _ZN4mqtt10buffer_refIcED2Ev", "FFF Function: _ZN4mqtt10buffer_refIcED2Ev", "FFF Function: _ZN4mqtt10buffer_refIcED2Ev", "FFF Function: _ZN4mqtt10buffer_refIcED2Ev", "FFF Function: _ZN4mqtt10buffer_refIcED2Ev"]], [108, ["FFF Function: _ZNK4mqtt10buffer_refIcE5emptyEv", "FFF Function: _ZN4mqtt7message12validate_qosEi", "FFF Function: _ZN4mqtt6to_intEb", "FFF Function: _ZN4mqtt10buffer_refIcED2Ev", "FFF Function: _ZN4mqtt10buffer_refIcED2Ev", "FFF Function: _ZN4mqtt10buffer_refIcED2Ev", "FFF Function: _ZN4mqtt10buffer_refIcED2Ev", "FFF Function: _ZN4mqtt10buffer_refIcED2Ev", "FFF Function: _ZN4mqtt10buffer_refIcED2Ev"]], [108, ["FFF Function: _ZNK4mqtt10buffer_refIcE5emptyEv", "FFF Function: _ZN4mqtt7message12validate_qosEi", "FFF Function: _ZN4mqtt6to_intEb", "FFF Function: _ZN4mqtt10buffer_refIcED2Ev", "FFF Function: _ZN4mqtt10buffer_refIcED2Ev", "FFF Function: _ZN4mqtt10buffer_refIcED2Ev", "FFF Function: _ZN4mqtt10buffer_refIcED2Ev", "FFF Function: _ZN4mqtt10buffer_refIcED2Ev", "FFF Function: _ZN4mqtt10buffer_refIcED2Ev", "FFF Function: _ZN4mqtt7message7set_qosEi"]], [108, ["FFF Function: _ZNK4mqtt10buffer_refIcE5emptyEv", "FFF Function: _ZN4mqtt7message12validate_qosEi", "FFF Function: _ZN4mqtt6to_intEb", "FFF Function: _ZN4mqtt10buffer_refIcED2Ev", "FFF Function: _ZN4mqtt10buffer_refIcED2Ev", "FFF Function: _ZN4mqtt10buffer_refIcED2Ev", "FFF Function: _ZN4mqtt10buffer_refIcED2Ev", "FFF Function: _ZN4mqtt10buffer_refIcED2Ev", "FFF Function: _ZN4mqtt7message7set_qosEi"]], [108, ["FFF Function: _ZNK4mqtt10buffer_refIcE5emptyEv", "FFF Function: _ZN4mqtt7message12validate_qosEi", "FFF Function: _ZN4mqtt6to_intEb", "FFF Function: _ZN4mqtt10buffer_refIcED2Ev", "FFF Function: _ZN4mqtt10buffer_refIcED2Ev", "FFF Function: _ZN4mqtt10buffer_refIcED2Ev", "FFF Function: _ZN4mqtt10buffer_refIcED2Ev", "FFF Function: _ZN4mqtt7message7set_qosEi"]], [108, ["FFF Function: _ZNK4mqtt10buffer_refIcE5emptyEv", "FFF Function: _ZN4mqtt7message12validate_qosEi", "FFF Function: _ZN4mqtt6to_intEb", "FFF Function: _ZN4mqtt10buffer_refIcED2Ev", "FFF Function: _ZN4mqtt10buffer_refIcED2Ev", "FFF Function: _ZN4mqtt10buffer_refIcED2Ev", "FFF Function: _ZN4mqtt7message7set_qosEi"]], [108, ["FFF Function: _ZNK4mqtt10buffer_refIcE5emptyEv", "FFF Function: _ZN4mqtt7message12validate_qosEi", "FFF Function: _ZN4mqtt6to_intEb", "FFF Function: _ZN4mqtt10buffer_refIcED2Ev", "FFF Function: _ZN4mqtt10buffer_refIcED2Ev", "FFF Function: _ZN4mqtt7message7set_qosEi"]], [108, ["FFF Function: _ZNK4mqtt10buffer_refIcE5emptyEv", "FFF Function: _ZN4mqtt7message12validate_qosEi", "FFF Function: _ZN4mqtt6to_intEb", "FFF Function: _ZN4mqtt10buffer_refIcED2Ev", "FFF Function: _ZN4mqtt7message7set_qosEi"]], [108, ["FFF Function: _ZNK4mqtt10buffer_refIcE5emptyEv", "FFF Function: _ZN4mqtt7message12validate_qosEi", "FFF Function: _ZN4mqtt7message12set_retainedEb", "FFF Function: _ZN4mqtt10buffer_refIcED2Ev", "FFF Function: _ZN4mqtt10buffer_refIcED2Ev", "FFF Function: _ZN4mqtt10buffer_refIcED2Ev", "FFF Function: _ZN4mqtt10buffer_refIcED2Ev"]], [108, ["FFF Function: _ZNK4mqtt10buffer_refIcE5emptyEv", "FFF Function: _ZN4mqtt7message12validate_qosEi", "FFF Function: _ZN4mqtt7message12set_retainedEb", "FFF Function: _ZN4mqtt10buffer_refIcED2Ev", "FFF Function: _ZN4mqtt10buffer_refIcED2Ev", "FFF Function: _ZN4mqtt10buffer_refIcED2Ev", "FFF Function: _ZN4mqtt10buffer_refIcED2Ev", "FFF Function: _ZN4mqtt10buffer_refIcED2Ev"]], [108, ["FFF Function: _ZNK4mqtt10buffer_refIcE5emptyEv", "FFF Function: _ZN4mqtt7message12validate_qosEi", "FFF Function: _ZN4mqtt7message12set_retainedEb", "FFF Function: _ZN4mqtt10buffer_refIcED2Ev", "FFF Function: _ZN4mqtt10buffer_refIcED2Ev", "FFF Function: _ZN4mqtt10buffer_refIcED2Ev", "FFF Function: _ZN4mqtt10buffer_refIcED2Ev", "FFF Function: _ZN4mqtt10buffer_refIcED2Ev", "FFF Function: _ZN4mqtt10buffer_refIcED2Ev"]], [108, ["FFF Function: _ZNK4mqtt10buffer_refIcE5emptyEv", "FFF Function: _ZN4mqtt7message12validate_qosEi", "FFF Function: _ZN4mqtt7message12set_retainedEb", "FFF Function: _ZN4mqtt10buffer_refIcED2Ev", "FFF Function: _ZN4mqtt10buffer_refIcED2Ev", "FFF Function: _ZN4mqtt10buffer_refIcED2Ev", "FFF Function: _ZN4mqtt10buffer_refIcED2Ev", "FFF Function: _ZN4mqtt10buffer_refIcED2Ev", "FFF Function: _ZN4mqtt10buffer_refIcED2Ev", "FFF Function: _ZN4mqtt7message7set_qosEi"]], [108, ["FFF Function: _ZNK4mqtt10buffer_refIcE5emptyEv", "FFF Function: _ZN4mqtt7message12validate_qosEi", "FFF Function: _ZN4mqtt7message12set_retainedEb", "FFF Function: _ZN4mqtt10buffer_refIcED2Ev", "FFF Function: _ZN4mqtt10buffer_refIcED2Ev", "FFF Function: _ZN4mqtt10buffer_refIcED2Ev", "FFF Function: _ZN4mqtt10buffer_refIcED2Ev", "FFF Function: _ZN4mqtt10buffer_refIcED2Ev", "FFF Function: _ZN4mqtt7message7set_qosEi"]], [108, ["FFF Function: _ZNK4mqtt10buffer_refIcE5emptyEv", "FFF Function: _ZN4mqtt7message12validate_qosEi", "FFF Function: _ZN4mqtt7message12set_retainedEb", "FFF Function: _ZN4mqtt10buffer_refIcED2Ev", "FFF Function: _ZN4mqtt10buffer_refIcED2Ev", "FFF Function: _ZN4mqtt10buffer_refIcED2Ev", "FFF Function: _ZN4mqtt10buffer_refIcED2Ev", "FFF Function: _ZN4mqtt7message7set_qosEi"]], [108, ["FFF Function: _ZNK4mqtt10buffer_refIcE5emptyEv", "FFF Function: _ZN4mqtt7message12validate_qosEi", "FFF Function: _ZN4mqtt7message12set_retainedEb", "FFF Function: _ZN4mqtt10buffer_refIcED2Ev", "FFF Function: _ZN4mqtt10buffer_refIcED2Ev", "FFF Function: _ZN4mqtt10buffer_refIcED2Ev", "FFF Function: _ZN4mqtt7message7set_qosEi"]], [108, ["FFF Function: _ZNK4mqtt10buffer_refIcE5emptyEv", "FFF Function: _ZN4mqtt7message12validate_qosEi", "FFF Function: _ZN4mqtt7message12set_retainedEb", "FFF Function: _ZN4mqtt10buffer_refIcED2Ev", "FFF Function: _ZN4mqtt10buffer_refIcED2Ev", "FFF Function: _ZN4mqtt7message7set_qosEi"]], [108, ["FFF Function: _ZNK4mqtt10buffer_refIcE5emptyEv", "FFF Function: _ZN4mqtt7message12validate_qosEi", "FFF Function: _ZN4mqtt7message12set_retainedEb", "FFF Function: _ZN4mqtt10buffer_refIcED2Ev", "FFF Function: _ZN4mqtt7message7set_qosEi"]], [108, ["FFF Function: _ZNK4mqtt10buffer_refIcE5emptyEv", "FFF Function: _ZN4mqtt7message12validate_qosEi", "FFF Function: _ZN4mqtt7message12set_retainedEb", "FFF Function: _ZN4mqtt6to_intEb", "FFF Function: _ZN4mqtt10buffer_refIcED2Ev", "FFF Function: _ZN4mqtt10buffer_refIcED2Ev", "FFF Function: _ZN4mqtt10buffer_refIcED2Ev", "FFF Function: _ZN4mqtt10buffer_refIcED2Ev"]], [108, ["FFF Function: _ZNK4mqtt10buffer_refIcE5emptyEv", "FFF Function: _ZN4mqtt7message12validate_qosEi", "FFF Function: _ZN4mqtt7message12set_retainedEb", "FFF Function: _ZN4mqtt6to_intEb", "FFF Function: _ZN4mqtt10buffer_refIcED2Ev", "FFF Function: _ZN4mqtt10buffer_refIcED2Ev", "FFF Function: _ZN4mqtt10buffer_refIcED2Ev", "FFF Function: _ZN4mqtt10buffer_refIcED2Ev", "FFF Function: _ZN4mqtt10buffer_refIcED2Ev"]], [108, ["FFF Function: _ZNK4mqtt10buffer_refIcE5emptyEv", "FFF Function: _ZN4mqtt7message12validate_qosEi", "FFF Function: _ZN4mqtt7message12set_retainedEb", "FFF Function: _ZN4mqtt6to_intEb", "FFF Function: _ZN4mqtt10buffer_refIcED2Ev", "FFF Function: _ZN4mqtt10buffer_refIcED2Ev", "FFF Function: _ZN4mqtt10buffer_refIcED2Ev", "FFF Function: _ZN4mqtt10buffer_refIcED2Ev", "FFF Function: _ZN4mqtt10buffer_refIcED2Ev", "FFF Function: _ZN4mqtt10buffer_refIcED2Ev"]], [108, ["FFF Function: _ZNK4mqtt10buffer_refIcE5emptyEv", "FFF Function: _ZN4mqtt7message12validate_qosEi", "FFF Function: _ZN4mqtt7message12set_retainedEb", "FFF Function: _ZN4mqtt6to_intEb", "FFF Function: _ZN4mqtt10buffer_refIcED2Ev", "FFF Function: _ZN4mqtt10buffer_refIcED2Ev", "FFF Function: _ZN4mqtt10buffer_refIcED2Ev", "FFF Function: _ZN4mqtt10buffer_refIcED2Ev", "FFF Function: _ZN4mqtt10buffer_refIcED2Ev", "FFF Function: _ZN4mqtt10buffer_refIcED2Ev", "FFF Function: _ZN4mqtt7message7set_qosEi"]], [108, ["FFF Function: _ZNK4mqtt10buffer_refIcE5emptyEv", "FFF Function: _ZN4mqtt7message12validate_qosEi", "FFF Function: _ZN4mqtt7message12set_retainedEb", "FFF Function: _ZN4mqtt6to_intEb", "FFF Function: _ZN4mqtt10buffer_refIcED2Ev", "FFF Function: _ZN4mqtt10buffer_refIcED2Ev", "FFF Function: _ZN4mqtt10buffer_refIcED2Ev", "FFF Function: _ZN4mqtt10buffer_refIcED2Ev", "FFF Function: _ZN4mqtt10buffer_refIcED2Ev", "FFF Function: _ZN4mqtt7message7set_qosEi"]], [108, ["FFF Function: _ZNK4mqtt10buffer_refIcE5emptyEv", "FFF Function: _ZN4mqtt7message12validate_qosEi", "FFF Function: _ZN4mqtt7message12set_retainedEb", "FFF Function: _ZN4mqtt6to_intEb", "FFF Function: _ZN4mqtt10buffer_refIcED2Ev", "FFF Function: _ZN4mqtt10buffer_refIcED2Ev", "FFF Function: _ZN4mqtt10buffer_refIcED2Ev", "FFF Function: _ZN4mqtt10buffer_refIcED2Ev", "FFF Function: _ZN4mqtt7message7set_qosEi"]], [108, ["FFF Function: _ZNK4mqtt10buffer_refIcE5emptyEv", "FFF Function: _ZN4mqtt7message12validate_qosEi", "FFF Function: _ZN4mqtt7message12set_retainedEb", "FFF Function: _ZN4mqtt6to_intEb", "FFF Function: _ZN4mqtt10buffer_refIcED2Ev", "FFF Function: _ZN4mqtt10buffer_refIcED2Ev", "FFF Function: _ZN4mqtt10buffer_refIcED2Ev", "FFF Function: _ZN4mqtt7message7set_qosEi"]], [108, ["FFF Function: _ZNK4mqtt10buffer_refIcE5emptyEv", "FFF Function: _ZN4mqtt7message12validate_qosEi", "FFF Function: _ZN4mqtt7message12set_retainedEb", "FFF Function: _ZN4mqtt6to_intEb", "FFF Function: _ZN4mqtt10buffer_refIcED2Ev", "FFF Function: _ZN4mqtt10buffer_refIcED2Ev", "FFF Function: _ZN4mqtt7message7set_qosEi"]], [108, ["FFF Function: _ZNK4mqtt10buffer_refIcE5emptyEv", "FFF Function: _ZN4mqtt7message12validate_qosEi", "FFF Function: _ZN4mqtt7message12set_retainedEb", "FFF Function: _ZN4mqtt6to_intEb", "FFF Function: _ZN4mqtt10buffer_refIcED2Ev", "FFF Function: _ZN4mqtt7message7set_qosEi"]], [108, ["FFF Function: _ZNK4mqtt10buffer_refIcE5emptyEv", "FFF Function: _ZN4mqtt7message12validate_qosEi", "FFF Function: _ZN4mqtt7message12set_retainedEb", "FFF Function: _ZN4mqtt6to_intEb", "FFF Function: _ZN4mqtt7message7set_qosEi"]]]}