{"input_dir": "/home/raihan/CPS-VVI-LOGS-DATA/All-new-logs/10.2.everything-logged-with-good/OnlyFunctionNames", "fname": "hbwall3", "seq_len": 512, "stride": 256, "min_len": 5, "max_len": 15, "topk": [[180, ["FFF Function: _ZN4mqtt7message12validate_qosEi", "FFF Function: _ZN4mqtt7message12set_retainedEb", "FFF Function: _ZN4mqtt6to_intEb", "FFF Function: _ZN4mqtt10buffer_refIcED2Ev", "FFF Function: _ZN4mqtt10buffer_refIcED2Ev"]], [179, ["FFF Function: _ZN4mqtt10buffer_refIcEC2EONSt7__cxx1112basic_stringIcSt11char_traitsIcESaIcEEE", "FFF Function: _ZN4mqtt10buffer_refIcEC2EOS1_", "FFF Function: _ZN4mqtt10buffer_refIcEC2EOS1_", "FFF Function: _ZN4mqtt7message6createENS_10buffer_refIcEES2_", "FFF Function: _ZN4mqtt10buffer_refIcEC2EOS1_"]], [179, ["FFF Function: _ZN4mqtt10buffer_refIcEC2EONSt7__cxx1112basic_stringIcSt11char_traitsIcESaIcEEE", "FFF Function: _ZN4mqtt12make_messageENS_10buffer_refIcEES1_", "FFF Function: _ZN4mqtt10buffer_refIcEC2EOS1_", "FFF Function: _ZN4mqtt10buffer_refIcEC2EOS1_", "FFF Function: _ZN4mqtt10buffer_refIcEC2EOS1_"]], [179, ["FFF Function: _ZN4mqtt10buffer_refIcEC2EONSt7__cxx1112basic_stringIcSt11char_traitsIcESaIcEEE", "FFF Function: _ZN4mqtt12make_messageENS_10buffer_refIcEES1_", "FFF Function: _ZN4mqtt10buffer_refIcEC2EOS1_", "FFF Function: _ZN4mqtt10buffer_refIcEC2EOS1_", "FFF Function: _ZN4mqtt7message6createENS_10buffer_refIcEES2_"]], [179, ["FFF Function: _ZN4mqtt10buffer_refIcEC2EONSt7__cxx1112basic_stringIcSt11char_traitsIcESaIcEEE", "FFF Function: _ZN4mqtt12make_messageENS_10buffer_refIcEES1_", "FFF Function: _ZN4mqtt10buffer_refIcEC2EOS1_", "FFF Function: _ZN4mqtt10buffer_refIcEC2EOS1_", "FFF Function: _ZN4mqtt7message6createENS_10buffer_refIcEES2_", "FFF Function: _ZN4mqtt10buffer_refIcEC2EOS1_"]], [179, ["FFF Function: _ZN4mqtt10buffer_refIcEC2EONSt7__cxx1112basic_stringIcSt11char_traitsIcESaIcEEE", "FFF Function: _ZN4mqtt12make_messageENS_10buffer_refIcEES1_", "FFF Function: _ZN4mqtt10buffer_refIcEC2EOS1_", "FFF Function: _ZN4mqtt7message6createENS_10buffer_refIcEES2_", "FFF Function: _ZN4mqtt10buffer_refIcEC2EOS1_"]], [179, ["FFF Function: _ZN4mqtt12make_messageENS_10buffer_refIcEES1_", "FFF Function: _ZN4mqtt10buffer_refIcEC2EOS1_", "FFF Function: _ZN4mqtt10buffer_refIcEC2EOS1_", "FFF Function: _ZN4mqtt7message6createENS_10buffer_refIcEES2_", "FFF Function: _ZN4mqtt10buffer_refIcEC2EOS1_"]], [178, ["FFF Function: _ZN4mqtt10buffer_refIcEC2EONSt7__cxx1112basic_stringIcSt11char_traitsIcESaIcEEE", "FFF Function: _ZN4mqtt10buffer_refIcEC2EOS1_", "FFF Function: _ZN4mqtt10buffer_refIcEC2EOS1_", "FFF Function: _ZN4mqtt10buffer_refIcEC2EOS1_", "FFF Function: _ZN4mqtt10buffer_refIcEC2EOS1_"]], [178, ["FFF Function: _ZN4mqtt10buffer_refIcEC2EONSt7__cxx1112basic_stringIcSt11char_traitsIcESaIcEEE", "FFF Function: _ZN4mqtt10buffer_refIcEC2EOS1_", "FFF Function: _ZN4mqtt10buffer_refIcEC2EOS1_", "FFF Function: _ZN4mqtt10buffer_refIcEC2EOS1_", "FFF Function: _ZN4mqtt10buffer_refIcEC2EOS1_", "FFF Function: _ZNK4mqtt10buffer_refIcE5emptyEv"]], [178, ["FFF Function: _ZN4mqtt10buffer_refIcEC2EONSt7__cxx1112basic_stringIcSt11char_traitsIcESaIcEEE", "FFF Function: _ZN4mqtt10buffer_refIcEC2EOS1_", "FFF Function: _ZN4mqtt10buffer_refIcEC2EOS1_", "FFF Function: _ZN4mqtt10buffer_refIcEC2EOS1_", "FFF Function: _ZNK4mqtt10buffer_refIcE5emptyEv"]], [178, ["FFF Function: _ZN4mqtt10buffer_refIcEC2EONSt7__cxx1112basic_stringIcSt11char_traitsIcESaIcEEE", "FFF Function: _ZN4mqtt10buffer_refIcEC2EOS1_", "FFF Function: _ZN4mqtt10buffer_refIcEC2EOS1_", "FFF Function: _ZN4mqtt7message6createENS_10buffer_refIcEES2_", "FFF Function: _ZN4mqtt10buffer_refIcEC2EOS1_", "FFF Function: _ZN4mqtt10buffer_refIcEC2EOS1_"]], [178, ["FFF Function: _ZN4mqtt10buffer_refIcEC2EONSt7__cxx1112basic_stringIcSt11char_traitsIcESaIcEEE", "FFF Function: _ZN4mqtt10buffer_refIcEC2EOS1_", "FFF Function: _ZN4mqtt10buffer_refIcEC2EOS1_", "FFF Function: _ZN4mqtt7message6createENS_10buffer_refIcEES2_", "FFF Function: _ZN4mqtt10buffer_refIcEC2EOS1_", "FFF Function: _ZN4mqtt10buffer_refIcEC2EOS1_", "FFF Function: _ZNK4mqtt10buffer_refIcE5emptyEv"]], [178, ["FFF Function: _ZN4mqtt10buffer_refIcEC2EONSt7__cxx1112basic_stringIcSt11char_traitsIcESaIcEEE", "FFF Function: _ZN4mqtt10buffer_refIcEC2EOS1_", "FFF Function: _ZN4mqtt10buffer_refIcEC2EOS1_", "FFF Function: _ZN4mqtt7message6createENS_10buffer_refIcEES2_", "FFF Function: _ZN4mqtt10buffer_refIcEC2EOS1_", "FFF Function: _ZNK4mqtt10buffer_refIcE5emptyEv"]], [178, ["FFF Function: _ZN4mqtt10buffer_refIcEC2EONSt7__cxx1112basic_stringIcSt11char_traitsIcESaIcEEE", "FFF Function: _ZN4mqtt10buffer_refIcEC2EOS1_", "FFF Function: _ZN4mqtt10buffer_refIcEC2EOS1_", "FFF Function: _ZN4mqtt7message6createENS_10buffer_refIcEES2_", "FFF Function: _ZNK4mqtt10buffer_refIcE5emptyEv"]], [178, ["FFF Function: _ZN4mqtt10buffer_refIcEC2EONSt7__cxx1112basic_stringIcSt11char_traitsIcESaIcEEE", "FFF Function: _ZN4mqtt10buffer_refIcEC2EOS1_", "FFF Function: _ZN4mqtt7message6createENS_10buffer_refIcEES2_", "FFF Function: _ZN4mqtt10buffer_refIcEC2EOS1_", "FFF Function: _ZN4mqtt10buffer_refIcEC2EOS1_"]], [178, ["FFF Function: _ZN4mqtt10buffer_refIcEC2EONSt7__cxx1112basic_stringIcSt11char_traitsIcESaIcEEE", "FFF Function: _ZN4mqtt10buffer_refIcEC2EOS1_", "FFF Function: _ZN4mqtt7message6createENS_10buffer_refIcEES2_", "FFF Function: _ZN4mqtt10buffer_refIcEC2EOS1_", "FFF Function: _ZN4mqtt10buffer_refIcEC2EOS1_", "FFF Function: _ZNK4mqtt10buffer_refIcE5emptyEv"]], [178, ["FFF Function: _ZN4mqtt10buffer_refIcEC2EONSt7__cxx1112basic_stringIcSt11char_traitsIcESaIcEEE", "FFF Function: _ZN4mqtt10buffer_refIcEC2EOS1_", "FFF Function: _ZN4mqtt7message6createENS_10buffer_refIcEES2_", "FFF Function: _ZN4mqtt10buffer_refIcEC2EOS1_", "FFF Function: _ZNK4mqtt10buffer_refIcE5emptyEv"]], [178, ["FFF Function: _ZN4mqtt10buffer_refIcEC2EONSt7__cxx1112basic_stringIcSt11char_traitsIcESaIcEEE", "FFF Function: _ZN4mqtt12make_messageENS_10buffer_refIcEES1_", "FFF Function: _ZN4mqtt10buffer_refIcEC2EOS1_", "FFF Function: _ZN4mqtt10buffer_refIcEC2EOS1_", "FFF Function: _ZN4mqtt10buffer_refIcEC2EOS1_", "FFF Function: _ZN4mqtt10buffer_refIcEC2EOS1_"]], [178, ["FFF Function: _ZN4mqtt10buffer_refIcEC2EONSt7__cxx1112basic_stringIcSt11char_traitsIcESaIcEEE", "FFF Function: _ZN4mqtt12make_messageENS_10buffer_refIcEES1_", "FFF Function: _ZN4mqtt10buffer_refIcEC2EOS1_", "FFF Function: _ZN4mqtt10buffer_refIcEC2EOS1_", "FFF Function: _ZN4mqtt10buffer_refIcEC2EOS1_", "FFF Function: _ZN4mqtt10buffer_refIcEC2EOS1_", "FFF Function: _ZNK4mqtt10buffer_refIcE5emptyEv"]], [178, ["FFF Function: _ZN4mqtt10buffer_refIcEC2EONSt7__cxx1112basic_stringIcSt11char_traitsIcESaIcEEE", "FFF Function: _ZN4mqtt12make_messageENS_10buffer_refIcEES1_", "FFF Function: _ZN4mqtt10buffer_refIcEC2EOS1_", "FFF Function: _ZN4mqtt10buffer_refIcEC2EOS1_", "FFF Function: _ZN4mqtt10buffer_refIcEC2EOS1_", "FFF Function: _ZNK4mqtt10buffer_refIcE5emptyEv"]], [178, ["FFF Function: _ZN4mqtt10buffer_refIcEC2EONSt7__cxx1112basic_stringIcSt11char_traitsIcESaIcEEE", "FFF Function: _ZN4mqtt12make_messageENS_10buffer_refIcEES1_", "FFF Function: _ZN4mqtt10buffer_refIcEC2EOS1_", "FFF Function: _ZN4mqtt10buffer_refIcEC2EOS1_", "FFF Function: _ZN4mqtt7message6createENS_10buffer_refIcEES2_", "FFF Function: _ZN4mqtt10buffer_refIcEC2EOS1_", "FFF Function: _ZN4mqtt10buffer_refIcEC2EOS1_"]], [178, ["FFF Function: _ZN4mqtt10buffer_refIcEC2EONSt7__cxx1112basic_stringIcSt11char_traitsIcESaIcEEE", "FFF Function: _ZN4mqtt12make_messageENS_10buffer_refIcEES1_", "FFF Function: _ZN4mqtt10buffer_refIcEC2EOS1_", "FFF Function: _ZN4mqtt10buffer_refIcEC2EOS1_", "FFF Function: _ZN4mqtt7message6createENS_10buffer_refIcEES2_", "FFF Function: _ZN4mqtt10buffer_refIcEC2EOS1_", "FFF Function: _ZN4mqtt10buffer_refIcEC2EOS1_", "FFF Function: _ZNK4mqtt10buffer_refIcE5emptyEv"]], [178, ["FFF Function: _ZN4mqtt10buffer_refIcEC2EONSt7__cxx1112basic_stringIcSt11char_traitsIcESaIcEEE", "FFF Function: _ZN4mqtt12make_messageENS_10buffer_refIcEES1_", "FFF Function: _ZN4mqtt10buffer_refIcEC2EOS1_", "FFF Function: _ZN4mqtt10buffer_refIcEC2EOS1_", "FFF Function: _ZN4mqtt7message6createENS_10buffer_refIcEES2_", "FFF Function: _ZN4mqtt10buffer_refIcEC2EOS1_", "FFF Function: _ZNK4mqtt10buffer_refIcE5emptyEv"]], [178, ["FFF Function: _ZN4mqtt10buffer_refIcEC2EONSt7__cxx1112basic_stringIcSt11char_traitsIcESaIcEEE", "FFF Function: _ZN4mqtt12make_messageENS_10buffer_refIcEES1_", "FFF Function: _ZN4mqtt10buffer_refIcEC2EOS1_", "FFF Function: _ZN4mqtt10buffer_refIcEC2EOS1_", "FFF Function: _ZN4mqtt7message6createENS_10buffer_refIcEES2_", "FFF Function: _ZNK4mqtt10buffer_refIcE5emptyEv"]], [178, ["FFF Function: _ZN4mqtt10buffer_refIcEC2EONSt7__cxx1112basic_stringIcSt11char_traitsIcESaIcEEE", "FFF Function: _ZN4mqtt12make_messageENS_10buffer_refIcEES1_", "FFF Function: _ZN4mqtt10buffer_refIcEC2EOS1_", "FFF Function: _ZN4mqtt10buffer_refIcEC2EOS1_", "FFF Function: _ZNK4mqtt10buffer_refIcE5emptyEv"]], [178, ["FFF Function: _ZN4mqtt10buffer_refIcEC2EONSt7__cxx1112basic_stringIcSt11char_traitsIcESaIcEEE", "FFF Function: _ZN4mqtt12make_messageENS_10buffer_refIcEES1_", "FFF Function: _ZN4mqtt10buffer_refIcEC2EOS1_", "FFF Function: _ZN4mqtt7message6createENS_10buffer_refIcEES2_", "FFF Function: _ZN4mqtt10buffer_refIcEC2EOS1_", "FFF Function: _ZN4mqtt10buffer_refIcEC2EOS1_"]], [178, ["FFF Function: _ZN4mqtt10buffer_refIcEC2EONSt7__cxx1112basic_stringIcSt11char_traitsIcESaIcEEE", "FFF Function: _ZN4mqtt12make_messageENS_10buffer_refIcEES1_", "FFF Function: _ZN4mqtt10buffer_refIcEC2EOS1_", "FFF Function: _ZN4mqtt7message6createENS_10buffer_refIcEES2_", "FFF Function: _ZN4mqtt10buffer_refIcEC2EOS1_", "FFF Function: _ZN4mqtt10buffer_refIcEC2EOS1_", "FFF Function: _ZNK4mqtt10buffer_refIcE5emptyEv"]], [178, ["FFF Function: _ZN4mqtt10buffer_refIcEC2EONSt7__cxx1112basic_stringIcSt11char_traitsIcESaIcEEE", "FFF Function: _ZN4mqtt12make_messageENS_10buffer_refIcEES1_", "FFF Function: _ZN4mqtt10buffer_refIcEC2EOS1_", "FFF Function: _ZN4mqtt7message6createENS_10buffer_refIcEES2_", "FFF Function: _ZN4mqtt10buffer_refIcEC2EOS1_", "FFF Function: _ZNK4mqtt10buffer_refIcE5emptyEv"]], [178, ["FFF Function: _ZN4mqtt10buffer_refIcEC2EONSt7__cxx1112basic_stringIcSt11char_traitsIcESaIcEEE", "FFF Function: _ZN4mqtt12make_messageENS_10buffer_refIcEES1_", "FFF Function: _ZN4mqtt10buffer_refIcEC2EOS1_", "FFF Function: _ZN4mqtt7message6createENS_10buffer_refIcEES2_", "FFF Function: _ZNK4mqtt10buffer_refIcE5emptyEv"]], [178, ["FFF Function: _ZN4mqtt10buffer_refIcEC2EONSt7__cxx1112basic_stringIcSt11char_traitsIcESaIcEEE", "FFF Function: _ZN4mqtt12make_messageENS_10buffer_refIcEES1_", "FFF Function: _ZN4mqtt7message6createENS_10buffer_refIcEES2_", "FFF Function: _ZN4mqtt10buffer_refIcEC2EOS1_", "FFF Function: _ZN4mqtt10buffer_refIcEC2EOS1_"]], [178, ["FFF Function: _ZN4mqtt10buffer_refIcEC2EONSt7__cxx1112basic_stringIcSt11char_traitsIcESaIcEEE", "FFF Function: _ZN4mqtt12make_messageENS_10buffer_refIcEES1_", "FFF Function: _ZN4mqtt7message6createENS_10buffer_refIcEES2_", "FFF Function: _ZN4mqtt10buffer_refIcEC2EOS1_", "FFF Function: _ZN4mqtt10buffer_refIcEC2EOS1_", "FFF Function: _ZNK4mqtt10buffer_refIcE5emptyEv"]], [178, ["FFF Function: _ZN4mqtt10buffer_refIcEC2EONSt7__cxx1112basic_stringIcSt11char_traitsIcESaIcEEE", "FFF Function: _ZN4mqtt12make_messageENS_10buffer_refIcEES1_", "FFF Function: _ZN4mqtt7message6createENS_10buffer_refIcEES2_", "FFF Function: _ZN4mqtt10buffer_refIcEC2EOS1_", "FFF Function: _ZNK4mqtt10buffer_refIcE5emptyEv"]], [178, ["FFF Function: _ZN4mqtt10buffer_refIcEC2EONSt7__cxx1112basic_stringIcSt11char_traitsIcESaIcEEE", "FFF Function: _ZN4mqtt7message6createENS_10buffer_refIcEES2_", "FFF Function: _ZN4mqtt10buffer_refIcEC2EOS1_", "FFF Function: _ZN4mqtt10buffer_refIcEC2EOS1_", "FFF Function: _ZNK4mqtt10buffer_refIcE5emptyEv"]], [178, ["FFF Function: _ZN4mqtt10buffer_refIcEC2EOS1_", "FFF Function: _ZN4mqtt10buffer_refIcEC2EOS1_", "FFF Function: _ZN4mqtt10buffer_refIcEC2EOS1_", "FFF Function: _ZN4mqtt10buffer_refIcEC2EOS1_", "FFF Function: _ZNK4mqtt10buffer_refIcE5emptyEv"]], [178, ["FFF Function: _ZN4mqtt10buffer_refIcEC2EOS1_", "FFF Function: _ZN4mqtt10buffer_refIcEC2EOS1_", "FFF Function: _ZN4mqtt7message6createENS_10buffer_refIcEES2_", "FFF Function: _ZN4mqtt10buffer_refIcEC2EOS1_", "FFF Function: _ZN4mqtt10buffer_refIcEC2EOS1_"]], [178, ["FFF Function: _ZN4mqtt10buffer_refIcEC2EOS1_", "FFF Function: _ZN4mqtt10buffer_refIcEC2EOS1_", "FFF Function: _ZN4mqtt7message6createENS_10buffer_refIcEES2_", "FFF Function: _ZN4mqtt10buffer_refIcEC2EOS1_", "FFF Function: _ZN4mqtt10buffer_refIcEC2EOS1_", "FFF Function: _ZNK4mqtt10buffer_refIcE5emptyEv"]], [178, ["FFF Function: _ZN4mqtt10buffer_refIcEC2EOS1_", "FFF Function: _ZN4mqtt10buffer_refIcEC2EOS1_", "FFF Function: _ZN4mqtt7message6createENS_10buffer_refIcEES2_", "FFF Function: _ZN4mqtt10buffer_refIcEC2EOS1_", "FFF Function: _ZNK4mqtt10buffer_refIcE5emptyEv"]], [178, ["FFF Function: _ZN4mqtt10buffer_refIcEC2EOS1_", "FFF Function: _ZN4mqtt7message6createENS_10buffer_refIcEES2_", "FFF Function: _ZN4mqtt10buffer_refIcEC2EOS1_", "FFF Function: _ZN4mqtt10buffer_refIcEC2EOS1_", "FFF Function: _ZNK4mqtt10buffer_refIcE5emptyEv"]], [178, ["FFF Function: _ZN4mqtt10buffer_refIcED2Ev", "FFF Function: _ZN4mqtt10buffer_refIcED2Ev", "FFF Function: _ZN4mqtt10buffer_refIcED2Ev", "FFF Function: _ZN4mqtt10buffer_refIcED2Ev", "FFF Function: _ZN4mqtt10buffer_refIcED2Ev"]], [178, ["FFF Function: _ZN4mqtt12make_messageENS_10buffer_refIcEES1_", "FFF Function: _ZN4mqtt10buffer_refIcEC2EOS1_", "FFF Function: _ZN4mqtt10buffer_refIcEC2EOS1_", "FFF Function: _ZN4mqtt10buffer_refIcEC2EOS1_", "FFF Function: _ZN4mqtt10buffer_refIcEC2EOS1_"]], [178, ["FFF Function: _ZN4mqtt12make_messageENS_10buffer_refIcEES1_", "FFF Function: _ZN4mqtt10buffer_refIcEC2EOS1_", "FFF Function: _ZN4mqtt10buffer_refIcEC2EOS1_", "FFF Function: _ZN4mqtt10buffer_refIcEC2EOS1_", "FFF Function: _ZN4mqtt10buffer_refIcEC2EOS1_", "FFF Function: _ZNK4mqtt10buffer_refIcE5emptyEv"]], [178, ["FFF Function: _ZN4mqtt12make_messageENS_10buffer_refIcEES1_", "FFF Function: _ZN4mqtt10buffer_refIcEC2EOS1_", "FFF Function: _ZN4mqtt10buffer_refIcEC2EOS1_", "FFF Function: _ZN4mqtt10buffer_refIcEC2EOS1_", "FFF Function: _ZNK4mqtt10buffer_refIcE5emptyEv"]], [178, ["FFF Function: _ZN4mqtt12make_messageENS_10buffer_refIcEES1_", "FFF Function: _ZN4mqtt10buffer_refIcEC2EOS1_", "FFF Function: _ZN4mqtt10buffer_refIcEC2EOS1_", "FFF Function: _ZN4mqtt7message6createENS_10buffer_refIcEES2_", "FFF Function: _ZN4mqtt10buffer_refIcEC2EOS1_", "FFF Function: _ZN4mqtt10buffer_refIcEC2EOS1_"]], [178, ["FFF Function: _ZN4mqtt12make_messageENS_10buffer_refIcEES1_", "FFF Function: _ZN4mqtt10buffer_refIcEC2EOS1_", "FFF Function: _ZN4mqtt10buffer_refIcEC2EOS1_", "FFF Function: _ZN4mqtt7message6createENS_10buffer_refIcEES2_", "FFF Function: _ZN4mqtt10buffer_refIcEC2EOS1_", "FFF Function: _ZN4mqtt10buffer_refIcEC2EOS1_", "FFF Function: _ZNK4mqtt10buffer_refIcE5emptyEv"]], [178, ["FFF Function: _ZN4mqtt12make_messageENS_10buffer_refIcEES1_", "FFF Function: _ZN4mqtt10buffer_refIcEC2EOS1_", "FFF Function: _ZN4mqtt10buffer_refIcEC2EOS1_", "FFF Function: _ZN4mqtt7message6createENS_10buffer_refIcEES2_", "FFF Function: _ZN4mqtt10buffer_refIcEC2EOS1_", "FFF Function: _ZNK4mqtt10buffer_refIcE5emptyEv"]], [178, ["FFF Function: _ZN4mqtt12make_messageENS_10buffer_refIcEES1_", "FFF Function: _ZN4mqtt10buffer_refIcEC2EOS1_", "FFF Function: _ZN4mqtt10buffer_refIcEC2EOS1_", "FFF Function: _ZN4mqtt7message6createENS_10buffer_refIcEES2_", "FFF Function: _ZNK4mqtt10buffer_refIcE5emptyEv"]], [178, ["FFF Function: _ZN4mqtt12make_messageENS_10buffer_refIcEES1_", "FFF Function: _ZN4mqtt10buffer_refIcEC2EOS1_", "FFF Function: _ZN4mqtt7message6createENS_10buffer_refIcEES2_", "FFF Function: _ZN4mqtt10buffer_refIcEC2EOS1_", "FFF Function: _ZN4mqtt10buffer_refIcEC2EOS1_"]], [178, ["FFF Function: _ZN4mqtt12make_messageENS_10buffer_refIcEES1_", "FFF Function: _ZN4mqtt10buffer_refIcEC2EOS1_", "FFF Function: _ZN4mqtt7message6createENS_10buffer_refIcEES2_", "FFF Function: _ZN4mqtt10buffer_refIcEC2EOS1_", "FFF Function: _ZN4mqtt10buffer_refIcEC2EOS1_", "FFF Function: _ZNK4mqtt10buffer_refIcE5emptyEv"]], [178, ["FFF Function: _ZN4mqtt12make_messageENS_10buffer_refIcEES1_", "FFF Function: _ZN4mqtt10buffer_refIcEC2EOS1_", "FFF Function: _ZN4mqtt7message6createENS_10buffer_refIcEES2_", "FFF Function: _ZN4mqtt10buffer_refIcEC2EOS1_", "FFF Function: _ZNK4mqtt10buffer_refIcE5emptyEv"]], [178, ["FFF Function: _ZN4mqtt12make_messageENS_10buffer_refIcEES1_", "FFF Function: _ZN4mqtt7message6createENS_10buffer_refIcEES2_", "FFF Function: _ZN4mqtt10buffer_refIcEC2EOS1_", "FFF Function: _ZN4mqtt10buffer_refIcEC2EOS1_", "FFF Function: _ZNK4mqtt10buffer_refIcE5emptyEv"]], [178, ["FFF Function: _ZN4mqtt6to_intEb", "FFF Function: _ZN4mqtt10buffer_refIcED2Ev", "FFF Function: _ZN4mqtt10buffer_refIcED2Ev", "FFF Function: _ZN4mqtt10buffer_refIcED2Ev", "FFF Function: _ZN4mqtt10buffer_refIcED2Ev"]], [178, ["FFF Function: _ZN4mqtt7message12set_retainedEb", "FFF Function: _ZN4mqtt10buffer_refIcED2Ev", "FFF Function: _ZN4mqtt10buffer_refIcED2Ev", "FFF Function: _ZN4mqtt10buffer_refIcED2Ev", "FFF Function: _ZN4mqtt10buffer_refIcED2Ev"]], [178, ["FFF Function: _ZN4mqtt7message12set_retainedEb", "FFF Function: _ZN4mqtt6to_intEb", "FFF Function: _ZN4mqtt10buffer_refIcED2Ev", "FFF Function: _ZN4mqtt10buffer_refIcED2Ev", "FFF Function: _ZN4mqtt10buffer_refIcED2Ev"]], [178, ["FFF Function: _ZN4mqtt7message12set_retainedEb", "FFF Function: _ZN4mqtt6to_intEb", "FFF Function: _ZN4mqtt10buffer_refIcED2Ev", "FFF Function: _ZN4mqtt10buffer_refIcED2Ev", "FFF Function: _ZN4mqtt10buffer_refIcED2Ev", "FFF Function: _ZN4mqtt10buffer_refIcED2Ev"]], [177, ["FFF Function: _ZN4mqtt10buffer_refIcEC2EONSt7__cxx1112basic_stringIcSt11char_traitsIcESaIcEEE", "FFF Function: _ZN4mqtt10buffer_refIcEC2EOS1_", "FFF Function: _ZN4mqtt10buffer_refIcEC2EOS1_", "FFF Function: _ZN4mqtt7message6createENS_10buffer_refIcEES2_", "FFF Function: _ZN4mqtt10buffer_refIcEC2EOS1_", "FFF Function: _ZN4mqtt10buffer_refIcEC2EOS1_", "FFF Function: _ZN4mqtt7message12set_retainedEb"]], [177, ["FFF Function: _ZN4mqtt10buffer_refIcEC2EONSt7__cxx1112basic_stringIcSt11char_traitsIcESaIcEEE", "FFF Function: _ZN4mqtt10buffer_refIcEC2EOS1_", "FFF Function: _ZN4mqtt10buffer_refIcEC2EOS1_", "FFF Function: _ZN4mqtt7message6createENS_10buffer_refIcEES2_", "FFF Function: _ZN4mqtt10buffer_refIcEC2EOS1_", "FFF Function: _ZN4mqtt10buffer_refIcEC2EOS1_", "FFF Function: _ZN4mqtt7message12validate_qosEi"]], [177, ["FFF Function: _ZN4mqtt10buffer_refIcEC2EONSt7__cxx1112basic_stringIcSt11char_traitsIcESaIcEEE", "FFF Function: _ZN4mqtt10buffer_refIcEC2EOS1_", "FFF Function: _ZN4mqtt10buffer_refIcEC2EOS1_", "FFF Function: _ZN4mqtt7message6createENS_10buffer_refIcEES2_", "FFF Function: _ZN4mqtt10buffer_refIcEC2EOS1_", "FFF Function: _ZN4mqtt10buffer_refIcEC2EOS1_", "FFF Function: _ZN4mqtt7message12validate_qosEi", "FFF Function: _ZN4mqtt7message12set_retainedEb"]], [177, ["FFF Function: _ZN4mqtt10buffer_refIcEC2EONSt7__cxx1112basic_stringIcSt11char_traitsIcESaIcEEE", "FFF Function: _ZN4mqtt10buffer_refIcEC2EOS1_", "FFF Function: _ZN4mqtt10buffer_refIcEC2EOS1_", "FFF Function: _ZN4mqtt7message6createENS_10buffer_refIcEES2_", "FFF Function: _ZN4mqtt10buffer_refIcEC2EOS1_", "FFF Function: _ZN4mqtt10buffer_refIcEC2EOS1_", "FFF Function: _ZNK4mqtt10buffer_refIcE5emptyEv", "FFF Function: _ZN4mqtt7message12set_retainedEb"]], [177, ["FFF Function: _ZN4mqtt10buffer_refIcEC2EONSt7__cxx1112basic_stringIcSt11char_traitsIcESaIcEEE", "FFF Function: _ZN4mqtt10buffer_refIcEC2EOS1_", "FFF Function: _ZN4mqtt10buffer_refIcEC2EOS1_", "FFF Function: _ZN4mqtt7message6createENS_10buffer_refIcEES2_", "FFF Function: _ZN4mqtt10buffer_refIcEC2EOS1_", "FFF Function: _ZN4mqtt10buffer_refIcEC2EOS1_", "FFF Function: _ZNK4mqtt10buffer_refIcE5emptyEv", "FFF Function: _ZN4mqtt7message12validate_qosEi"]], [177, ["FFF Function: _ZN4mqtt10buffer_refIcEC2EONSt7__cxx1112basic_stringIcSt11char_traitsIcESaIcEEE", "FFF Function: _ZN4mqtt10buffer_refIcEC2EOS1_", "FFF Function: _ZN4mqtt10buffer_refIcEC2EOS1_", "FFF Function: _ZN4mqtt7message6createENS_10buffer_refIcEES2_", "FFF Function: _ZN4mqtt10buffer_refIcEC2EOS1_", "FFF Function: _ZN4mqtt10buffer_refIcEC2EOS1_", "FFF Function: _ZNK4mqtt10buffer_refIcE5emptyEv", "FFF Function: _ZN4mqtt7message12validate_qosEi", "FFF Function: _ZN4mqtt7message12set_retainedEb"]], [177, ["FFF Function: _ZN4mqtt10buffer_refIcEC2EONSt7__cxx1112basic_stringIcSt11char_traitsIcESaIcEEE", "FFF Function: _ZN4mqtt10buffer_refIcEC2EOS1_", "FFF Function: _ZN4mqtt10buffer_refIcEC2EOS1_", "FFF Function: _ZN4mqtt7message6createENS_10buffer_refIcEES2_", "FFF Function: _ZN4mqtt10buffer_refIcEC2EOS1_", "FFF Function: _ZN4mqtt7message12set_retainedEb"]], [177, ["FFF Function: _ZN4mqtt10buffer_refIcEC2EONSt7__cxx1112basic_stringIcSt11char_traitsIcESaIcEEE", "FFF Function: _ZN4mqtt10buffer_refIcEC2EOS1_", "FFF Function: _ZN4mqtt10buffer_refIcEC2EOS1_", "FFF Function: _ZN4mqtt7message6createENS_10buffer_refIcEES2_", "FFF Function: _ZN4mqtt10buffer_refIcEC2EOS1_", "FFF Function: _ZN4mqtt7message12validate_qosEi"]], [177, ["FFF Function: _ZN4mqtt10buffer_refIcEC2EONSt7__cxx1112basic_stringIcSt11char_traitsIcESaIcEEE", "FFF Function: _ZN4mqtt10buffer_refIcEC2EOS1_", "FFF Function: _ZN4mqtt10buffer_refIcEC2EOS1_", "FFF Function: _ZN4mqtt7message6createENS_10buffer_refIcEES2_", "FFF Function: _ZN4mqtt10buffer_refIcEC2EOS1_", "FFF Function: _ZN4mqtt7message12validate_qosEi", "FFF Function: _ZN4mqtt7message12set_retainedEb"]], [177, ["FFF Function: _ZN4mqtt10buffer_refIcEC2EONSt7__cxx1112basic_stringIcSt11char_traitsIcESaIcEEE", "FFF Function: _ZN4mqtt10buffer_refIcEC2EOS1_", "FFF Function: _ZN4mqtt10buffer_refIcEC2EOS1_", "FFF Function: _ZN4mqtt7message6createENS_10buffer_refIcEES2_", "FFF Function: _ZN4mqtt10buffer_refIcEC2EOS1_", "FFF Function: _ZNK4mqtt10buffer_refIcE5emptyEv", "FFF Function: _ZN4mqtt7message12set_retainedEb"]], [177, ["FFF Function: _ZN4mqtt10buffer_refIcEC2EONSt7__cxx1112basic_stringIcSt11char_traitsIcESaIcEEE", "FFF Function: _ZN4mqtt10buffer_refIcEC2EOS1_", "FFF Function: _ZN4mqtt10buffer_refIcEC2EOS1_", "FFF Function: _ZN4mqtt7message6createENS_10buffer_refIcEES2_", "FFF Function: _ZN4mqtt10buffer_refIcEC2EOS1_", "FFF Function: _ZNK4mqtt10buffer_refIcE5emptyEv", "FFF Function: _ZN4mqtt7message12validate_qosEi"]], [177, ["FFF Function: _ZN4mqtt10buffer_refIcEC2EONSt7__cxx1112basic_stringIcSt11char_traitsIcESaIcEEE", "FFF Function: _ZN4mqtt10buffer_refIcEC2EOS1_", "FFF Function: _ZN4mqtt10buffer_refIcEC2EOS1_", "FFF Function: _ZN4mqtt7message6createENS_10buffer_refIcEES2_", "FFF Function: _ZN4mqtt10buffer_refIcEC2EOS1_", "FFF Function: _ZNK4mqtt10buffer_refIcE5emptyEv", "FFF Function: _ZN4mqtt7message12validate_qosEi", "FFF Function: _ZN4mqtt7message12set_retainedEb"]], [177, ["FFF Function: _ZN4mqtt10buffer_refIcEC2EONSt7__cxx1112basic_stringIcSt11char_traitsIcESaIcEEE", "FFF Function: _ZN4mqtt10buffer_refIcEC2EOS1_", "FFF Function: _ZN4mqtt10buffer_refIcEC2EOS1_", "FFF Function: _ZN4mqtt7message6createENS_10buffer_refIcEES2_", "FFF Function: _ZN4mqtt7message12set_retainedEb"]], [177, ["FFF Function: _ZN4mqtt10buffer_refIcEC2EONSt7__cxx1112basic_stringIcSt11char_traitsIcESaIcEEE", "FFF Function: _ZN4mqtt10buffer_refIcEC2EOS1_", "FFF Function: _ZN4mqtt10buffer_refIcEC2EOS1_", "FFF Function: _ZN4mqtt7message6createENS_10buffer_refIcEES2_", "FFF Function: _ZN4mqtt7message12validate_qosEi"]], [177, ["FFF Function: _ZN4mqtt10buffer_refIcEC2EONSt7__cxx1112basic_stringIcSt11char_traitsIcESaIcEEE", "FFF Function: _ZN4mqtt10buffer_refIcEC2EOS1_", "FFF Function: _ZN4mqtt10buffer_refIcEC2EOS1_", "FFF Function: _ZN4mqtt7message6createENS_10buffer_refIcEES2_", "FFF Function: _ZN4mqtt7message12validate_qosEi", "FFF Function: _ZN4mqtt7message12set_retainedEb"]], [177, ["FFF Function: _ZN4mqtt10buffer_refIcEC2EONSt7__cxx1112basic_stringIcSt11char_traitsIcESaIcEEE", "FFF Function: _ZN4mqtt10buffer_refIcEC2EOS1_", "FFF Function: _ZN4mqtt10buffer_refIcEC2EOS1_", "FFF Function: _ZN4mqtt7message6createENS_10buffer_refIcEES2_", "FFF Function: _ZNK4mqtt10buffer_refIcE5emptyEv", "FFF Function: _ZN4mqtt7message12set_retainedEb"]], [177, ["FFF Function: _ZN4mqtt10buffer_refIcEC2EONSt7__cxx1112basic_stringIcSt11char_traitsIcESaIcEEE", "FFF Function: _ZN4mqtt10buffer_refIcEC2EOS1_", "FFF Function: _ZN4mqtt10buffer_refIcEC2EOS1_", "FFF Function: _ZN4mqtt7message6createENS_10buffer_refIcEES2_", "FFF Function: _ZNK4mqtt10buffer_refIcE5emptyEv", "FFF Function: _ZN4mqtt7message12validate_qosEi"]], [177, ["FFF Function: _ZN4mqtt10buffer_refIcEC2EONSt7__cxx1112basic_stringIcSt11char_traitsIcESaIcEEE", "FFF Function: _ZN4mqtt10buffer_refIcEC2EOS1_", "FFF Function: _ZN4mqtt10buffer_refIcEC2EOS1_", "FFF Function: _ZN4mqtt7message6createENS_10buffer_refIcEES2_", "FFF Function: _ZNK4mqtt10buffer_refIcE5emptyEv", "FFF Function: _ZN4mqtt7message12validate_qosEi", "FFF Function: _ZN4mqtt7message12set_retainedEb"]], [177, ["FFF Function: _ZN4mqtt10buffer_refIcEC2EONSt7__cxx1112basic_stringIcSt11char_traitsIcESaIcEEE", "FFF Function: _ZN4mqtt10buffer_refIcEC2EOS1_", "FFF Function: _ZN4mqtt10buffer_refIcEC2EOS1_", "FFF Function: _ZNK4mqtt10buffer_refIcE5emptyEv", "FFF Function: _ZN4mqtt7message12set_retainedEb"]], [177, ["FFF Function: _ZN4mqtt10buffer_refIcEC2EONSt7__cxx1112basic_stringIcSt11char_traitsIcESaIcEEE", "FFF Function: _ZN4mqtt10buffer_refIcEC2EOS1_", "FFF Function: _ZN4mqtt10buffer_refIcEC2EOS1_", "FFF Function: _ZNK4mqtt10buffer_refIcE5emptyEv", "FFF Function: _ZN4mqtt7message12validate_qosEi"]], [177, ["FFF Function: _ZN4mqtt10buffer_refIcEC2EONSt7__cxx1112basic_stringIcSt11char_traitsIcESaIcEEE", "FFF Function: _ZN4mqtt10buffer_refIcEC2EOS1_", "FFF Function: _ZN4mqtt10buffer_refIcEC2EOS1_", "FFF Function: _ZNK4mqtt10buffer_refIcE5emptyEv", "FFF Function: _ZN4mqtt7message12validate_qosEi", "FFF Function: _ZN4mqtt7message12set_retainedEb"]], [177, ["FFF Function: _ZN4mqtt10buffer_refIcEC2EONSt7__cxx1112basic_stringIcSt11char_traitsIcESaIcEEE", "FFF Function: _ZN4mqtt10buffer_refIcEC2EOS1_", "FFF Function: _ZN4mqtt7message6createENS_10buffer_refIcEES2_", "FFF Function: _ZN4mqtt10buffer_refIcEC2EOS1_", "FFF Function: _ZN4mqtt10buffer_refIcEC2EOS1_", "FFF Function: _ZN4mqtt7message12set_retainedEb"]], [177, ["FFF Function: _ZN4mqtt10buffer_refIcEC2EONSt7__cxx1112basic_stringIcSt11char_traitsIcESaIcEEE", "FFF Function: _ZN4mqtt10buffer_refIcEC2EOS1_", "FFF Function: _ZN4mqtt7message6createENS_10buffer_refIcEES2_", "FFF Function: _ZN4mqtt10buffer_refIcEC2EOS1_", "FFF Function: _ZN4mqtt10buffer_refIcEC2EOS1_", "FFF Function: _ZN4mqtt7message12validate_qosEi"]], [177, ["FFF Function: _ZN4mqtt10buffer_refIcEC2EONSt7__cxx1112basic_stringIcSt11char_traitsIcESaIcEEE", "FFF Function: _ZN4mqtt10buffer_refIcEC2EOS1_", "FFF Function: _ZN4mqtt7message6createENS_10buffer_refIcEES2_", "FFF Function: _ZN4mqtt10buffer_refIcEC2EOS1_", "FFF Function: _ZN4mqtt10buffer_refIcEC2EOS1_", "FFF Function: _ZN4mqtt7message12validate_qosEi", "FFF Function: _ZN4mqtt7message12set_retainedEb"]], [177, ["FFF Function: _ZN4mqtt10buffer_refIcEC2EONSt7__cxx1112basic_stringIcSt11char_traitsIcESaIcEEE", "FFF Function: _ZN4mqtt10buffer_refIcEC2EOS1_", "FFF Function: _ZN4mqtt7message6createENS_10buffer_refIcEES2_", "FFF Function: _ZN4mqtt10buffer_refIcEC2EOS1_", "FFF Function: _ZN4mqtt10buffer_refIcEC2EOS1_", "FFF Function: _ZNK4mqtt10buffer_refIcE5emptyEv", "FFF Function: _ZN4mqtt7message12set_retainedEb"]], [177, ["FFF Function: _ZN4mqtt10buffer_refIcEC2EONSt7__cxx1112basic_stringIcSt11char_traitsIcESaIcEEE", "FFF Function: _ZN4mqtt10buffer_refIcEC2EOS1_", "FFF Function: _ZN4mqtt7message6createENS_10buffer_refIcEES2_", "FFF Function: _ZN4mqtt10buffer_refIcEC2EOS1_", "FFF Function: _ZN4mqtt10buffer_refIcEC2EOS1_", "FFF Function: _ZNK4mqtt10buffer_refIcE5emptyEv", "FFF Function: _ZN4mqtt7message12validate_qosEi"]], [177, ["FFF Function: _ZN4mqtt10buffer_refIcEC2EONSt7__cxx1112basic_stringIcSt11char_traitsIcESaIcEEE", "FFF Function: _ZN4mqtt10buffer_refIcEC2EOS1_", "FFF Function: _ZN4mqtt7message6createENS_10buffer_refIcEES2_", "FFF Function: _ZN4mqtt10buffer_refIcEC2EOS1_", "FFF Function: _ZN4mqtt10buffer_refIcEC2EOS1_", "FFF Function: _ZNK4mqtt10buffer_refIcE5emptyEv", "FFF Function: _ZN4mqtt7message12validate_qosEi", "FFF Function: _ZN4mqtt7message12set_retainedEb"]], [177, ["FFF Function: _ZN4mqtt10buffer_refIcEC2EONSt7__cxx1112basic_stringIcSt11char_traitsIcESaIcEEE", "FFF Function: _ZN4mqtt10buffer_refIcEC2EOS1_", "FFF Function: _ZN4mqtt7message6createENS_10buffer_refIcEES2_", "FFF Function: _ZN4mqtt10buffer_refIcEC2EOS1_", "FFF Function: _ZN4mqtt7message12set_retainedEb"]], [177, ["FFF Function: _ZN4mqtt10buffer_refIcEC2EONSt7__cxx1112basic_stringIcSt11char_traitsIcESaIcEEE", "FFF Function: _ZN4mqtt10buffer_refIcEC2EOS1_", "FFF Function: _ZN4mqtt7message6createENS_10buffer_refIcEES2_", "FFF Function: _ZN4mqtt10buffer_refIcEC2EOS1_", "FFF Function: _ZN4mqtt7message12validate_qosEi"]], [177, ["FFF Function: _ZN4mqtt10buffer_refIcEC2EONSt7__cxx1112basic_stringIcSt11char_traitsIcESaIcEEE", "FFF Function: _ZN4mqtt10buffer_refIcEC2EOS1_", "FFF Function: _ZN4mqtt7message6createENS_10buffer_refIcEES2_", "FFF Function: _ZN4mqtt10buffer_refIcEC2EOS1_", "FFF Function: _ZN4mqtt7message12validate_qosEi", "FFF Function: _ZN4mqtt7message12set_retainedEb"]], [177, ["FFF Function: _ZN4mqtt10buffer_refIcEC2EONSt7__cxx1112basic_stringIcSt11char_traitsIcESaIcEEE", "FFF Function: _ZN4mqtt10buffer_refIcEC2EOS1_", "FFF Function: _ZN4mqtt7message6createENS_10buffer_refIcEES2_", "FFF Function: _ZN4mqtt10buffer_refIcEC2EOS1_", "FFF Function: _ZNK4mqtt10buffer_refIcE5emptyEv", "FFF Function: _ZN4mqtt7message12set_retainedEb"]], [177, ["FFF Function: _ZN4mqtt10buffer_refIcEC2EONSt7__cxx1112basic_stringIcSt11char_traitsIcESaIcEEE", "FFF Function: _ZN4mqtt10buffer_refIcEC2EOS1_", "FFF Function: _ZN4mqtt7message6createENS_10buffer_refIcEES2_", "FFF Function: _ZN4mqtt10buffer_refIcEC2EOS1_", "FFF Function: _ZNK4mqtt10buffer_refIcE5emptyEv", "FFF Function: _ZN4mqtt7message12validate_qosEi"]], [177, ["FFF Function: _ZN4mqtt10buffer_refIcEC2EONSt7__cxx1112basic_stringIcSt11char_traitsIcESaIcEEE", "FFF Function: _ZN4mqtt10buffer_refIcEC2EOS1_", "FFF Function: _ZN4mqtt7message6createENS_10buffer_refIcEES2_", "FFF Function: _ZN4mqtt10buffer_refIcEC2EOS1_", "FFF Function: _ZNK4mqtt10buffer_refIcE5emptyEv", "FFF Function: _ZN4mqtt7message12validate_qosEi", "FFF Function: _ZN4mqtt7message12set_retainedEb"]], [177, ["FFF Function: _ZN4mqtt10buffer_refIcEC2EONSt7__cxx1112basic_stringIcSt11char_traitsIcESaIcEEE", "FFF Function: _ZN4mqtt10buffer_refIcEC2EOS1_", "FFF Function: _ZN4mqtt7message6createENS_10buffer_refIcEES2_", "FFF Function: _ZN4mqtt7message12validate_qosEi", "FFF Function: _ZN4mqtt7message12set_retainedEb"]], [177, ["FFF Function: _ZN4mqtt10buffer_refIcEC2EONSt7__cxx1112basic_stringIcSt11char_traitsIcESaIcEEE", "FFF Function: _ZN4mqtt10buffer_refIcEC2EOS1_", "FFF Function: _ZN4mqtt7message6createENS_10buffer_refIcEES2_", "FFF Function: _ZNK4mqtt10buffer_refIcE5emptyEv", "FFF Function: _ZN4mqtt7message12set_retainedEb"]], [177, ["FFF Function: _ZN4mqtt10buffer_refIcEC2EONSt7__cxx1112basic_stringIcSt11char_traitsIcESaIcEEE", "FFF Function: _ZN4mqtt10buffer_refIcEC2EOS1_", "FFF Function: _ZN4mqtt7message6createENS_10buffer_refIcEES2_", "FFF Function: _ZNK4mqtt10buffer_refIcE5emptyEv", "FFF Function: _ZN4mqtt7message12validate_qosEi"]], [177, ["FFF Function: _ZN4mqtt10buffer_refIcEC2EONSt7__cxx1112basic_stringIcSt11char_traitsIcESaIcEEE", "FFF Function: _ZN4mqtt10buffer_refIcEC2EOS1_", "FFF Function: _ZN4mqtt7message6createENS_10buffer_refIcEES2_", "FFF Function: _ZNK4mqtt10buffer_refIcE5emptyEv", "FFF Function: _ZN4mqtt7message12validate_qosEi", "FFF Function: _ZN4mqtt7message12set_retainedEb"]], [177, ["FFF Function: _ZN4mqtt10buffer_refIcEC2EONSt7__cxx1112basic_stringIcSt11char_traitsIcESaIcEEE", "FFF Function: _ZN4mqtt10buffer_refIcEC2EOS1_", "FFF Function: _ZNK4mqtt10buffer_refIcE5emptyEv", "FFF Function: _ZN4mqtt7message12validate_qosEi", "FFF Function: _ZN4mqtt7message12set_retainedEb"]], [177, ["FFF Function: _ZN4mqtt10buffer_refIcEC2EONSt7__cxx1112basic_stringIcSt11char_traitsIcESaIcEEE", "FFF Function: _ZN4mqtt12make_messageENS_10buffer_refIcEES1_", "FFF Function: _ZN4mqtt10buffer_refIcEC2EOS1_", "FFF Function: _ZN4mqtt10buffer_refIcEC2EOS1_", "FFF Function: _ZN4mqtt10buffer_refIcEC2EOS1_", "FFF Function: _ZN4mqtt10buffer_refIcEC2EOS1_", "FFF Function: _ZN4mqtt7message12set_retainedEb"]], [177, ["FFF Function: _ZN4mqtt10buffer_refIcEC2EONSt7__cxx1112basic_stringIcSt11char_traitsIcESaIcEEE", "FFF Function: _ZN4mqtt12make_messageENS_10buffer_refIcEES1_", "FFF Function: _ZN4mqtt10buffer_refIcEC2EOS1_", "FFF Function: _ZN4mqtt10buffer_refIcEC2EOS1_", "FFF Function: _ZN4mqtt10buffer_refIcEC2EOS1_", "FFF Function: _ZN4mqtt10buffer_refIcEC2EOS1_", "FFF Function: _ZN4mqtt7message12validate_qosEi"]], [177, ["FFF Function: _ZN4mqtt10buffer_refIcEC2EONSt7__cxx1112basic_stringIcSt11char_traitsIcESaIcEEE", "FFF Function: _ZN4mqtt12make_messageENS_10buffer_refIcEES1_", "FFF Function: _ZN4mqtt10buffer_refIcEC2EOS1_", "FFF Function: _ZN4mqtt10buffer_refIcEC2EOS1_", "FFF Function: _ZN4mqtt10buffer_refIcEC2EOS1_", "FFF Function: _ZN4mqtt10buffer_refIcEC2EOS1_", "FFF Function: _ZN4mqtt7message12validate_qosEi", "FFF Function: _ZN4mqtt7message12set_retainedEb"]], [177, ["FFF Function: _ZN4mqtt10buffer_refIcEC2EONSt7__cxx1112basic_stringIcSt11char_traitsIcESaIcEEE", "FFF Function: _ZN4mqtt12make_messageENS_10buffer_refIcEES1_", "FFF Function: _ZN4mqtt10buffer_refIcEC2EOS1_", "FFF Function: _ZN4mqtt10buffer_refIcEC2EOS1_", "FFF Function: _ZN4mqtt10buffer_refIcEC2EOS1_", "FFF Function: _ZN4mqtt10buffer_refIcEC2EOS1_", "FFF Function: _ZNK4mqtt10buffer_refIcE5emptyEv", "FFF Function: _ZN4mqtt7message12set_retainedEb"]], [177, ["FFF Function: _ZN4mqtt10buffer_refIcEC2EONSt7__cxx1112basic_stringIcSt11char_traitsIcESaIcEEE", "FFF Function: _ZN4mqtt12make_messageENS_10buffer_refIcEES1_", "FFF Function: _ZN4mqtt10buffer_refIcEC2EOS1_", "FFF Function: _ZN4mqtt10buffer_refIcEC2EOS1_", "FFF Function: _ZN4mqtt10buffer_refIcEC2EOS1_", "FFF Function: _ZN4mqtt10buffer_refIcEC2EOS1_", "FFF Function: _ZNK4mqtt10buffer_refIcE5emptyEv", "FFF Function: _ZN4mqtt7message12validate_qosEi"]], [177, ["FFF Function: _ZN4mqtt10buffer_refIcEC2EONSt7__cxx1112basic_stringIcSt11char_traitsIcESaIcEEE", "FFF Function: _ZN4mqtt12make_messageENS_10buffer_refIcEES1_", "FFF Function: _ZN4mqtt10buffer_refIcEC2EOS1_", "FFF Function: _ZN4mqtt10buffer_refIcEC2EOS1_", "FFF Function: _ZN4mqtt10buffer_refIcEC2EOS1_", "FFF Function: _ZN4mqtt10buffer_refIcEC2EOS1_", "FFF Function: _ZNK4mqtt10buffer_refIcE5emptyEv", "FFF Function: _ZN4mqtt7message12validate_qosEi", "FFF Function: _ZN4mqtt7message12set_retainedEb"]], [177, ["FFF Function: _ZN4mqtt10buffer_refIcEC2EONSt7__cxx1112basic_stringIcSt11char_traitsIcESaIcEEE", "FFF Function: _ZN4mqtt12make_messageENS_10buffer_refIcEES1_", "FFF Function: _ZN4mqtt10buffer_refIcEC2EOS1_", "FFF Function: _ZN4mqtt10buffer_refIcEC2EOS1_", "FFF Function: _ZN4mqtt10buffer_refIcEC2EOS1_", "FFF Function: _ZN4mqtt7message12set_retainedEb"]], [177, ["FFF Function: _ZN4mqtt10buffer_refIcEC2EONSt7__cxx1112basic_stringIcSt11char_traitsIcESaIcEEE", "FFF Function: _ZN4mqtt12make_messageENS_10buffer_refIcEES1_", "FFF Function: _ZN4mqtt10buffer_refIcEC2EOS1_", "FFF Function: _ZN4mqtt10buffer_refIcEC2EOS1_", "FFF Function: _ZN4mqtt10buffer_refIcEC2EOS1_", "FFF Function: _ZN4mqtt7message12validate_qosEi"]], [177, ["FFF Function: _ZN4mqtt10buffer_refIcEC2EONSt7__cxx1112basic_stringIcSt11char_traitsIcESaIcEEE", "FFF Function: _ZN4mqtt12make_messageENS_10buffer_refIcEES1_", "FFF Function: _ZN4mqtt10buffer_refIcEC2EOS1_", "FFF Function: _ZN4mqtt10buffer_refIcEC2EOS1_", "FFF Function: _ZN4mqtt10buffer_refIcEC2EOS1_", "FFF Function: _ZN4mqtt7message12validate_qosEi", "FFF Function: _ZN4mqtt7message12set_retainedEb"]], [177, ["FFF Function: _ZN4mqtt10buffer_refIcEC2EONSt7__cxx1112basic_stringIcSt11char_traitsIcESaIcEEE", "FFF Function: _ZN4mqtt12make_messageENS_10buffer_refIcEES1_", "FFF Function: _ZN4mqtt10buffer_refIcEC2EOS1_", "FFF Function: _ZN4mqtt10buffer_refIcEC2EOS1_", "FFF Function: _ZN4mqtt10buffer_refIcEC2EOS1_", "FFF Function: _ZNK4mqtt10buffer_refIcE5emptyEv", "FFF Function: _ZN4mqtt7message12set_retainedEb"]], [177, ["FFF Function: _ZN4mqtt10buffer_refIcEC2EONSt7__cxx1112basic_stringIcSt11char_traitsIcESaIcEEE", "FFF Function: _ZN4mqtt12make_messageENS_10buffer_refIcEES1_", "FFF Function: _ZN4mqtt10buffer_refIcEC2EOS1_", "FFF Function: _ZN4mqtt10buffer_refIcEC2EOS1_", "FFF Function: _ZN4mqtt10buffer_refIcEC2EOS1_", "FFF Function: _ZNK4mqtt10buffer_refIcE5emptyEv", "FFF Function: _ZN4mqtt7message12validate_qosEi"]], [177, ["FFF Function: _ZN4mqtt10buffer_refIcEC2EONSt7__cxx1112basic_stringIcSt11char_traitsIcESaIcEEE", "FFF Function: _ZN4mqtt12make_messageENS_10buffer_refIcEES1_", "FFF Function: _ZN4mqtt10buffer_refIcEC2EOS1_", "FFF Function: _ZN4mqtt10buffer_refIcEC2EOS1_", "FFF Function: _ZN4mqtt10buffer_refIcEC2EOS1_", "FFF Function: _ZNK4mqtt10buffer_refIcE5emptyEv", "FFF Function: _ZN4mqtt7message12validate_qosEi", "FFF Function: _ZN4mqtt7message12set_retainedEb"]], [177, ["FFF Function: _ZN4mqtt10buffer_refIcEC2EONSt7__cxx1112basic_stringIcSt11char_traitsIcESaIcEEE", "FFF Function: _ZN4mqtt12make_messageENS_10buffer_refIcEES1_", "FFF Function: _ZN4mqtt10buffer_refIcEC2EOS1_", "FFF Function: _ZN4mqtt10buffer_refIcEC2EOS1_", "FFF Function: _ZN4mqtt7message12set_retainedEb"]], [177, ["FFF Function: _ZN4mqtt10buffer_refIcEC2EONSt7__cxx1112basic_stringIcSt11char_traitsIcESaIcEEE", "FFF Function: _ZN4mqtt12make_messageENS_10buffer_refIcEES1_", "FFF Function: _ZN4mqtt10buffer_refIcEC2EOS1_", "FFF Function: _ZN4mqtt10buffer_refIcEC2EOS1_", "FFF Function: _ZN4mqtt7message12validate_qosEi"]], [177, ["FFF Function: _ZN4mqtt10buffer_refIcEC2EONSt7__cxx1112basic_stringIcSt11char_traitsIcESaIcEEE", "FFF Function: _ZN4mqtt12make_messageENS_10buffer_refIcEES1_", "FFF Function: _ZN4mqtt10buffer_refIcEC2EOS1_", "FFF Function: _ZN4mqtt10buffer_refIcEC2EOS1_", "FFF Function: _ZN4mqtt7message12validate_qosEi", "FFF Function: _ZN4mqtt7message12set_retainedEb"]], [177, ["FFF Function: _ZN4mqtt10buffer_refIcEC2EONSt7__cxx1112basic_stringIcSt11char_traitsIcESaIcEEE", "FFF Function: _ZN4mqtt12make_messageENS_10buffer_refIcEES1_", "FFF Function: _ZN4mqtt10buffer_refIcEC2EOS1_", "FFF Function: _ZN4mqtt10buffer_refIcEC2EOS1_", "FFF Function: _ZN4mqtt7message6createENS_10buffer_refIcEES2_", "FFF Function: _ZN4mqtt10buffer_refIcEC2EOS1_", "FFF Function: _ZN4mqtt10buffer_refIcEC2EOS1_", "FFF Function: _ZN4mqtt7message12set_retainedEb"]], [177, ["FFF Function: _ZN4mqtt10buffer_refIcEC2EONSt7__cxx1112basic_stringIcSt11char_traitsIcESaIcEEE", "FFF Function: _ZN4mqtt12make_messageENS_10buffer_refIcEES1_", "FFF Function: _ZN4mqtt10buffer_refIcEC2EOS1_", "FFF Function: _ZN4mqtt10buffer_refIcEC2EOS1_", "FFF Function: _ZN4mqtt7message6createENS_10buffer_refIcEES2_", "FFF Function: _ZN4mqtt10buffer_refIcEC2EOS1_", "FFF Function: _ZN4mqtt10buffer_refIcEC2EOS1_", "FFF Function: _ZN4mqtt7message12validate_qosEi"]], [177, ["FFF Function: _ZN4mqtt10buffer_refIcEC2EONSt7__cxx1112basic_stringIcSt11char_traitsIcESaIcEEE", "FFF Function: _ZN4mqtt12make_messageENS_10buffer_refIcEES1_", "FFF Function: _ZN4mqtt10buffer_refIcEC2EOS1_", "FFF Function: _ZN4mqtt10buffer_refIcEC2EOS1_", "FFF Function: _ZN4mqtt7message6createENS_10buffer_refIcEES2_", "FFF Function: _ZN4mqtt10buffer_refIcEC2EOS1_", "FFF Function: _ZN4mqtt10buffer_refIcEC2EOS1_", "FFF Function: _ZN4mqtt7message12validate_qosEi", "FFF Function: _ZN4mqtt7message12set_retainedEb"]], [177, ["FFF Function: _ZN4mqtt10buffer_refIcEC2EONSt7__cxx1112basic_stringIcSt11char_traitsIcESaIcEEE", "FFF Function: _ZN4mqtt12make_messageENS_10buffer_refIcEES1_", "FFF Function: _ZN4mqtt10buffer_refIcEC2EOS1_", "FFF Function: _ZN4mqtt10buffer_refIcEC2EOS1_", "FFF Function: _ZN4mqtt7message6createENS_10buffer_refIcEES2_", "FFF Function: _ZN4mqtt10buffer_refIcEC2EOS1_", "FFF Function: _ZN4mqtt10buffer_refIcEC2EOS1_", "FFF Function: _ZNK4mqtt10buffer_refIcE5emptyEv", "FFF Function: _ZN4mqtt7message12set_retainedEb"]], [177, ["FFF Function: _ZN4mqtt10buffer_refIcEC2EONSt7__cxx1112basic_stringIcSt11char_traitsIcESaIcEEE", "FFF Function: _ZN4mqtt12make_messageENS_10buffer_refIcEES1_", "FFF Function: _ZN4mqtt10buffer_refIcEC2EOS1_", "FFF Function: _ZN4mqtt10buffer_refIcEC2EOS1_", "FFF Function: _ZN4mqtt7message6createENS_10buffer_refIcEES2_", "FFF Function: _ZN4mqtt10buffer_refIcEC2EOS1_", "FFF Function: _ZN4mqtt10buffer_refIcEC2EOS1_", "FFF Function: _ZNK4mqtt10buffer_refIcE5emptyEv", "FFF Function: _ZN4mqtt7message12validate_qosEi"]], [177, ["FFF Function: _ZN4mqtt10buffer_refIcEC2EONSt7__cxx1112basic_stringIcSt11char_traitsIcESaIcEEE", "FFF Function: _ZN4mqtt12make_messageENS_10buffer_refIcEES1_", "FFF Function: _ZN4mqtt10buffer_refIcEC2EOS1_", "FFF Function: _ZN4mqtt10buffer_refIcEC2EOS1_", "FFF Function: _ZN4mqtt7message6createENS_10buffer_refIcEES2_", "FFF Function: _ZN4mqtt10buffer_refIcEC2EOS1_", "FFF Function: _ZN4mqtt10buffer_refIcEC2EOS1_", "FFF Function: _ZNK4mqtt10buffer_refIcE5emptyEv", "FFF Function: _ZN4mqtt7message12validate_qosEi", "FFF Function: _ZN4mqtt7message12set_retainedEb"]], [177, ["FFF Function: _ZN4mqtt10buffer_refIcEC2EONSt7__cxx1112basic_stringIcSt11char_traitsIcESaIcEEE", "FFF Function: _ZN4mqtt12make_messageENS_10buffer_refIcEES1_", "FFF Function: _ZN4mqtt10buffer_refIcEC2EOS1_", "FFF Function: _ZN4mqtt10buffer_refIcEC2EOS1_", "FFF Function: _ZN4mqtt7message6createENS_10buffer_refIcEES2_", "FFF Function: _ZN4mqtt10buffer_refIcEC2EOS1_", "FFF Function: _ZN4mqtt7message12set_retainedEb"]], [177, ["FFF Function: _ZN4mqtt10buffer_refIcEC2EONSt7__cxx1112basic_stringIcSt11char_traitsIcESaIcEEE", "FFF Function: _ZN4mqtt12make_messageENS_10buffer_refIcEES1_", "FFF Function: _ZN4mqtt10buffer_refIcEC2EOS1_", "FFF Function: _ZN4mqtt10buffer_refIcEC2EOS1_", "FFF Function: _ZN4mqtt7message6createENS_10buffer_refIcEES2_", "FFF Function: _ZN4mqtt10buffer_refIcEC2EOS1_", "FFF Function: _ZN4mqtt7message12validate_qosEi"]], [177, ["FFF Function: _ZN4mqtt10buffer_refIcEC2EONSt7__cxx1112basic_stringIcSt11char_traitsIcESaIcEEE", "FFF Function: _ZN4mqtt12make_messageENS_10buffer_refIcEES1_", "FFF Function: _ZN4mqtt10buffer_refIcEC2EOS1_", "FFF Function: _ZN4mqtt10buffer_refIcEC2EOS1_", "FFF Function: _ZN4mqtt7message6createENS_10buffer_refIcEES2_", "FFF Function: _ZN4mqtt10buffer_refIcEC2EOS1_", "FFF Function: _ZN4mqtt7message12validate_qosEi", "FFF Function: _ZN4mqtt7message12set_retainedEb"]], [177, ["FFF Function: _ZN4mqtt10buffer_refIcEC2EONSt7__cxx1112basic_stringIcSt11char_traitsIcESaIcEEE", "FFF Function: _ZN4mqtt12make_messageENS_10buffer_refIcEES1_", "FFF Function: _ZN4mqtt10buffer_refIcEC2EOS1_", "FFF Function: _ZN4mqtt10buffer_refIcEC2EOS1_", "FFF Function: _ZN4mqtt7message6createENS_10buffer_refIcEES2_", "FFF Function: _ZN4mqtt10buffer_refIcEC2EOS1_", "FFF Function: _ZNK4mqtt10buffer_refIcE5emptyEv", "FFF Function: _ZN4mqtt7message12set_retainedEb"]], [177, ["FFF Function: _ZN4mqtt10buffer_refIcEC2EONSt7__cxx1112basic_stringIcSt11char_traitsIcESaIcEEE", "FFF Function: _ZN4mqtt12make_messageENS_10buffer_refIcEES1_", "FFF Function: _ZN4mqtt10buffer_refIcEC2EOS1_", "FFF Function: _ZN4mqtt10buffer_refIcEC2EOS1_", "FFF Function: _ZN4mqtt7message6createENS_10buffer_refIcEES2_", "FFF Function: _ZN4mqtt10buffer_refIcEC2EOS1_", "FFF Function: _ZNK4mqtt10buffer_refIcE5emptyEv", "FFF Function: _ZN4mqtt7message12validate_qosEi"]], [177, ["FFF Function: _ZN4mqtt10buffer_refIcEC2EONSt7__cxx1112basic_stringIcSt11char_traitsIcESaIcEEE", "FFF Function: _ZN4mqtt12make_messageENS_10buffer_refIcEES1_", "FFF Function: _ZN4mqtt10buffer_refIcEC2EOS1_", "FFF Function: _ZN4mqtt10buffer_refIcEC2EOS1_", "FFF Function: _ZN4mqtt7message6createENS_10buffer_refIcEES2_", "FFF Function: _ZN4mqtt10buffer_refIcEC2EOS1_", "FFF Function: _ZNK4mqtt10buffer_refIcE5emptyEv", "FFF Function: _ZN4mqtt7message12validate_qosEi", "FFF Function: _ZN4mqtt7message12set_retainedEb"]], [177, ["FFF Function: _ZN4mqtt10buffer_refIcEC2EONSt7__cxx1112basic_stringIcSt11char_traitsIcESaIcEEE", "FFF Function: _ZN4mqtt12make_messageENS_10buffer_refIcEES1_", "FFF Function: _ZN4mqtt10buffer_refIcEC2EOS1_", "FFF Function: _ZN4mqtt10buffer_refIcEC2EOS1_", "FFF Function: _ZN4mqtt7message6createENS_10buffer_refIcEES2_", "FFF Function: _ZN4mqtt7message12set_retainedEb"]], [177, ["FFF Function: _ZN4mqtt10buffer_refIcEC2EONSt7__cxx1112basic_stringIcSt11char_traitsIcESaIcEEE", "FFF Function: _ZN4mqtt12make_messageENS_10buffer_refIcEES1_", "FFF Function: _ZN4mqtt10buffer_refIcEC2EOS1_", "FFF Function: _ZN4mqtt10buffer_refIcEC2EOS1_", "FFF Function: _ZN4mqtt7message6createENS_10buffer_refIcEES2_", "FFF Function: _ZN4mqtt7message12validate_qosEi"]], [177, ["FFF Function: _ZN4mqtt10buffer_refIcEC2EONSt7__cxx1112basic_stringIcSt11char_traitsIcESaIcEEE", "FFF Function: _ZN4mqtt12make_messageENS_10buffer_refIcEES1_", "FFF Function: _ZN4mqtt10buffer_refIcEC2EOS1_", "FFF Function: _ZN4mqtt10buffer_refIcEC2EOS1_", "FFF Function: _ZN4mqtt7message6createENS_10buffer_refIcEES2_", "FFF Function: _ZN4mqtt7message12validate_qosEi", "FFF Function: _ZN4mqtt7message12set_retainedEb"]], [177, ["FFF Function: _ZN4mqtt10buffer_refIcEC2EONSt7__cxx1112basic_stringIcSt11char_traitsIcESaIcEEE", "FFF Function: _ZN4mqtt12make_messageENS_10buffer_refIcEES1_", "FFF Function: _ZN4mqtt10buffer_refIcEC2EOS1_", "FFF Function: _ZN4mqtt10buffer_refIcEC2EOS1_", "FFF Function: _ZN4mqtt7message6createENS_10buffer_refIcEES2_", "FFF Function: _ZNK4mqtt10buffer_refIcE5emptyEv", "FFF Function: _ZN4mqtt7message12set_retainedEb"]], [177, ["FFF Function: _ZN4mqtt10buffer_refIcEC2EONSt7__cxx1112basic_stringIcSt11char_traitsIcESaIcEEE", "FFF Function: _ZN4mqtt12make_messageENS_10buffer_refIcEES1_", "FFF Function: _ZN4mqtt10buffer_refIcEC2EOS1_", "FFF Function: _ZN4mqtt10buffer_refIcEC2EOS1_", "FFF Function: _ZN4mqtt7message6createENS_10buffer_refIcEES2_", "FFF Function: _ZNK4mqtt10buffer_refIcE5emptyEv", "FFF Function: _ZN4mqtt7message12validate_qosEi"]], [177, ["FFF Function: _ZN4mqtt10buffer_refIcEC2EONSt7__cxx1112basic_stringIcSt11char_traitsIcESaIcEEE", "FFF Function: _ZN4mqtt12make_messageENS_10buffer_refIcEES1_", "FFF Function: _ZN4mqtt10buffer_refIcEC2EOS1_", "FFF Function: _ZN4mqtt10buffer_refIcEC2EOS1_", "FFF Function: _ZN4mqtt7message6createENS_10buffer_refIcEES2_", "FFF Function: _ZNK4mqtt10buffer_refIcE5emptyEv", "FFF Function: _ZN4mqtt7message12validate_qosEi", "FFF Function: _ZN4mqtt7message12set_retainedEb"]], [177, ["FFF Function: _ZN4mqtt10buffer_refIcEC2EONSt7__cxx1112basic_stringIcSt11char_traitsIcESaIcEEE", "FFF Function: _ZN4mqtt12make_messageENS_10buffer_refIcEES1_", "FFF Function: _ZN4mqtt10buffer_refIcEC2EOS1_", "FFF Function: _ZN4mqtt10buffer_refIcEC2EOS1_", "FFF Function: _ZNK4mqtt10buffer_refIcE5emptyEv", "FFF Function: _ZN4mqtt7message12set_retainedEb"]], [177, ["FFF Function: _ZN4mqtt10buffer_refIcEC2EONSt7__cxx1112basic_stringIcSt11char_traitsIcESaIcEEE", "FFF Function: _ZN4mqtt12make_messageENS_10buffer_refIcEES1_", "FFF Function: _ZN4mqtt10buffer_refIcEC2EOS1_", "FFF Function: _ZN4mqtt10buffer_refIcEC2EOS1_", "FFF Function: _ZNK4mqtt10buffer_refIcE5emptyEv", "FFF Function: _ZN4mqtt7message12validate_qosEi"]], [177, ["FFF Function: _ZN4mqtt10buffer_refIcEC2EONSt7__cxx1112basic_stringIcSt11char_traitsIcESaIcEEE", "FFF Function: _ZN4mqtt12make_messageENS_10buffer_refIcEES1_", "FFF Function: _ZN4mqtt10buffer_refIcEC2EOS1_", "FFF Function: _ZN4mqtt10buffer_refIcEC2EOS1_", "FFF Function: _ZNK4mqtt10buffer_refIcE5emptyEv", "FFF Function: _ZN4mqtt7message12validate_qosEi", "FFF Function: _ZN4mqtt7message12set_retainedEb"]], [177, ["FFF Function: _ZN4mqtt10buffer_refIcEC2EONSt7__cxx1112basic_stringIcSt11char_traitsIcESaIcEEE", "FFF Function: _ZN4mqtt12make_messageENS_10buffer_refIcEES1_", "FFF Function: _ZN4mqtt10buffer_refIcEC2EOS1_", "FFF Function: _ZN4mqtt7message12validate_qosEi", "FFF Function: _ZN4mqtt7message12set_retainedEb"]], [177, ["FFF Function: _ZN4mqtt10buffer_refIcEC2EONSt7__cxx1112basic_stringIcSt11char_traitsIcESaIcEEE", "FFF Function: _ZN4mqtt12make_messageENS_10buffer_refIcEES1_", "FFF Function: _ZN4mqtt10buffer_refIcEC2EOS1_", "FFF Function: _ZN4mqtt7message6createENS_10buffer_refIcEES2_", "FFF Function: _ZN4mqtt10buffer_refIcEC2EOS1_", "FFF Function: _ZN4mqtt10buffer_refIcEC2EOS1_", "FFF Function: _ZN4mqtt7message12set_retainedEb"]], [177, ["FFF Function: _ZN4mqtt10buffer_refIcEC2EONSt7__cxx1112basic_stringIcSt11char_traitsIcESaIcEEE", "FFF Function: _ZN4mqtt12make_messageENS_10buffer_refIcEES1_", "FFF Function: _ZN4mqtt10buffer_refIcEC2EOS1_", "FFF Function: _ZN4mqtt7message6createENS_10buffer_refIcEES2_", "FFF Function: _ZN4mqtt10buffer_refIcEC2EOS1_", "FFF Function: _ZN4mqtt10buffer_refIcEC2EOS1_", "FFF Function: _ZN4mqtt7message12validate_qosEi"]], [177, ["FFF Function: _ZN4mqtt10buffer_refIcEC2EONSt7__cxx1112basic_stringIcSt11char_traitsIcESaIcEEE", "FFF Function: _ZN4mqtt12make_messageENS_10buffer_refIcEES1_", "FFF Function: _ZN4mqtt10buffer_refIcEC2EOS1_", "FFF Function: _ZN4mqtt7message6createENS_10buffer_refIcEES2_", "FFF Function: _ZN4mqtt10buffer_refIcEC2EOS1_", "FFF Function: _ZN4mqtt10buffer_refIcEC2EOS1_", "FFF Function: _ZN4mqtt7message12validate_qosEi", "FFF Function: _ZN4mqtt7message12set_retainedEb"]], [177, ["FFF Function: _ZN4mqtt10buffer_refIcEC2EONSt7__cxx1112basic_stringIcSt11char_traitsIcESaIcEEE", "FFF Function: _ZN4mqtt12make_messageENS_10buffer_refIcEES1_", "FFF Function: _ZN4mqtt10buffer_refIcEC2EOS1_", "FFF Function: _ZN4mqtt7message6createENS_10buffer_refIcEES2_", "FFF Function: _ZN4mqtt10buffer_refIcEC2EOS1_", "FFF Function: _ZN4mqtt10buffer_refIcEC2EOS1_", "FFF Function: _ZNK4mqtt10buffer_refIcE5emptyEv", "FFF Function: _ZN4mqtt7message12set_retainedEb"]], [177, ["FFF Function: _ZN4mqtt10buffer_refIcEC2EONSt7__cxx1112basic_stringIcSt11char_traitsIcESaIcEEE", "FFF Function: _ZN4mqtt12make_messageENS_10buffer_refIcEES1_", "FFF Function: _ZN4mqtt10buffer_refIcEC2EOS1_", "FFF Function: _ZN4mqtt7message6createENS_10buffer_refIcEES2_", "FFF Function: _ZN4mqtt10buffer_refIcEC2EOS1_", "FFF Function: _ZN4mqtt10buffer_refIcEC2EOS1_", "FFF Function: _ZNK4mqtt10buffer_refIcE5emptyEv", "FFF Function: _ZN4mqtt7message12validate_qosEi"]], [177, ["FFF Function: _ZN4mqtt10buffer_refIcEC2EONSt7__cxx1112basic_stringIcSt11char_traitsIcESaIcEEE", "FFF Function: _ZN4mqtt12make_messageENS_10buffer_refIcEES1_", "FFF Function: _ZN4mqtt10buffer_refIcEC2EOS1_", "FFF Function: _ZN4mqtt7message6createENS_10buffer_refIcEES2_", "FFF Function: _ZN4mqtt10buffer_refIcEC2EOS1_", "FFF Function: _ZN4mqtt10buffer_refIcEC2EOS1_", "FFF Function: _ZNK4mqtt10buffer_refIcE5emptyEv", "FFF Function: _ZN4mqtt7message12validate_qosEi", "FFF Function: _ZN4mqtt7message12set_retainedEb"]], [177, ["FFF Function: _ZN4mqtt10buffer_refIcEC2EONSt7__cxx1112basic_stringIcSt11char_traitsIcESaIcEEE", "FFF Function: _ZN4mqtt12make_messageENS_10buffer_refIcEES1_", "FFF Function: _ZN4mqtt10buffer_refIcEC2EOS1_", "FFF Function: _ZN4mqtt7message6createENS_10buffer_refIcEES2_", "FFF Function: _ZN4mqtt10buffer_refIcEC2EOS1_", "FFF Function: _ZN4mqtt7message12set_retainedEb"]], [177, ["FFF Function: _ZN4mqtt10buffer_refIcEC2EONSt7__cxx1112basic_stringIcSt11char_traitsIcESaIcEEE", "FFF Function: _ZN4mqtt12make_messageENS_10buffer_refIcEES1_", "FFF Function: _ZN4mqtt10buffer_refIcEC2EOS1_", "FFF Function: _ZN4mqtt7message6createENS_10buffer_refIcEES2_", "FFF Function: _ZN4mqtt10buffer_refIcEC2EOS1_", "FFF Function: _ZN4mqtt7message12validate_qosEi"]], [177, ["FFF Function: _ZN4mqtt10buffer_refIcEC2EONSt7__cxx1112basic_stringIcSt11char_traitsIcESaIcEEE", "FFF Function: _ZN4mqtt12make_messageENS_10buffer_refIcEES1_", "FFF Function: _ZN4mqtt10buffer_refIcEC2EOS1_", "FFF Function: _ZN4mqtt7message6createENS_10buffer_refIcEES2_", "FFF Function: _ZN4mqtt10buffer_refIcEC2EOS1_", "FFF Function: _ZN4mqtt7message12validate_qosEi", "FFF Function: _ZN4mqtt7message12set_retainedEb"]], [177, ["FFF Function: _ZN4mqtt10buffer_refIcEC2EONSt7__cxx1112basic_stringIcSt11char_traitsIcESaIcEEE", "FFF Function: _ZN4mqtt12make_messageENS_10buffer_refIcEES1_", "FFF Function: _ZN4mqtt10buffer_refIcEC2EOS1_", "FFF Function: _ZN4mqtt7message6createENS_10buffer_refIcEES2_", "FFF Function: _ZN4mqtt10buffer_refIcEC2EOS1_", "FFF Function: _ZNK4mqtt10buffer_refIcE5emptyEv", "FFF Function: _ZN4mqtt7message12set_retainedEb"]], [177, ["FFF Function: _ZN4mqtt10buffer_refIcEC2EONSt7__cxx1112basic_stringIcSt11char_traitsIcESaIcEEE", "FFF Function: _ZN4mqtt12make_messageENS_10buffer_refIcEES1_", "FFF Function: _ZN4mqtt10buffer_refIcEC2EOS1_", "FFF Function: _ZN4mqtt7message6createENS_10buffer_refIcEES2_", "FFF Function: _ZN4mqtt10buffer_refIcEC2EOS1_", "FFF Function: _ZNK4mqtt10buffer_refIcE5emptyEv", "FFF Function: _ZN4mqtt7message12validate_qosEi"]], [177, ["FFF Function: _ZN4mqtt10buffer_refIcEC2EONSt7__cxx1112basic_stringIcSt11char_traitsIcESaIcEEE", "FFF Function: _ZN4mqtt12make_messageENS_10buffer_refIcEES1_", "FFF Function: _ZN4mqtt10buffer_refIcEC2EOS1_", "FFF Function: _ZN4mqtt7message6createENS_10buffer_refIcEES2_", "FFF Function: _ZN4mqtt10buffer_refIcEC2EOS1_", "FFF Function: _ZNK4mqtt10buffer_refIcE5emptyEv", "FFF Function: _ZN4mqtt7message12validate_qosEi", "FFF Function: _ZN4mqtt7message12set_retainedEb"]], [177, ["FFF Function: _ZN4mqtt10buffer_refIcEC2EONSt7__cxx1112basic_stringIcSt11char_traitsIcESaIcEEE", "FFF Function: _ZN4mqtt12make_messageENS_10buffer_refIcEES1_", "FFF Function: _ZN4mqtt10buffer_refIcEC2EOS1_", "FFF Function: _ZN4mqtt7message6createENS_10buffer_refIcEES2_", "FFF Function: _ZN4mqtt7message12set_retainedEb"]], [177, ["FFF Function: _ZN4mqtt10buffer_refIcEC2EONSt7__cxx1112basic_stringIcSt11char_traitsIcESaIcEEE", "FFF Function: _ZN4mqtt12make_messageENS_10buffer_refIcEES1_", "FFF Function: _ZN4mqtt10buffer_refIcEC2EOS1_", "FFF Function: _ZN4mqtt7message6createENS_10buffer_refIcEES2_", "FFF Function: _ZN4mqtt7message12validate_qosEi"]], [177, ["FFF Function: _ZN4mqtt10buffer_refIcEC2EONSt7__cxx1112basic_stringIcSt11char_traitsIcESaIcEEE", "FFF Function: _ZN4mqtt12make_messageENS_10buffer_refIcEES1_", "FFF Function: _ZN4mqtt10buffer_refIcEC2EOS1_", "FFF Function: _ZN4mqtt7message6createENS_10buffer_refIcEES2_", "FFF Function: _ZN4mqtt7message12validate_qosEi", "FFF Function: _ZN4mqtt7message12set_retainedEb"]], [177, ["FFF Function: _ZN4mqtt10buffer_refIcEC2EONSt7__cxx1112basic_stringIcSt11char_traitsIcESaIcEEE", "FFF Function: _ZN4mqtt12make_messageENS_10buffer_refIcEES1_", "FFF Function: _ZN4mqtt10buffer_refIcEC2EOS1_", "FFF Function: _ZN4mqtt7message6createENS_10buffer_refIcEES2_", "FFF Function: _ZNK4mqtt10buffer_refIcE5emptyEv", "FFF Function: _ZN4mqtt7message12set_retainedEb"]], [177, ["FFF Function: _ZN4mqtt10buffer_refIcEC2EONSt7__cxx1112basic_stringIcSt11char_traitsIcESaIcEEE", "FFF Function: _ZN4mqtt12make_messageENS_10buffer_refIcEES1_", "FFF Function: _ZN4mqtt10buffer_refIcEC2EOS1_", "FFF Function: _ZN4mqtt7message6createENS_10buffer_refIcEES2_", "FFF Function: _ZNK4mqtt10buffer_refIcE5emptyEv", "FFF Function: _ZN4mqtt7message12validate_qosEi"]], [177, ["FFF Function: _ZN4mqtt10buffer_refIcEC2EONSt7__cxx1112basic_stringIcSt11char_traitsIcESaIcEEE", "FFF Function: _ZN4mqtt12make_messageENS_10buffer_refIcEES1_", "FFF Function: _ZN4mqtt10buffer_refIcEC2EOS1_", "FFF Function: _ZN4mqtt7message6createENS_10buffer_refIcEES2_", "FFF Function: _ZNK4mqtt10buffer_refIcE5emptyEv", "FFF Function: _ZN4mqtt7message12validate_qosEi", "FFF Function: _ZN4mqtt7message12set_retainedEb"]], [177, ["FFF Function: _ZN4mqtt10buffer_refIcEC2EONSt7__cxx1112basic_stringIcSt11char_traitsIcESaIcEEE", "FFF Function: _ZN4mqtt12make_messageENS_10buffer_refIcEES1_", "FFF Function: _ZN4mqtt10buffer_refIcEC2EOS1_", "FFF Function: _ZNK4mqtt10buffer_refIcE5emptyEv", "FFF Function: _ZN4mqtt7message12set_retainedEb"]], [177, ["FFF Function: _ZN4mqtt10buffer_refIcEC2EONSt7__cxx1112basic_stringIcSt11char_traitsIcESaIcEEE", "FFF Function: _ZN4mqtt12make_messageENS_10buffer_refIcEES1_", "FFF Function: _ZN4mqtt10buffer_refIcEC2EOS1_", "FFF Function: _ZNK4mqtt10buffer_refIcE5emptyEv", "FFF Function: _ZN4mqtt7message12validate_qosEi"]], [177, ["FFF Function: _ZN4mqtt10buffer_refIcEC2EONSt7__cxx1112basic_stringIcSt11char_traitsIcESaIcEEE", "FFF Function: _ZN4mqtt12make_messageENS_10buffer_refIcEES1_", "FFF Function: _ZN4mqtt10buffer_refIcEC2EOS1_", "FFF Function: _ZNK4mqtt10buffer_refIcE5emptyEv", "FFF Function: _ZN4mqtt7message12validate_qosEi", "FFF Function: _ZN4mqtt7message12set_retainedEb"]], [177, ["FFF Function: _ZN4mqtt10buffer_refIcEC2EONSt7__cxx1112basic_stringIcSt11char_traitsIcESaIcEEE", "FFF Function: _ZN4mqtt12make_messageENS_10buffer_refIcEES1_", "FFF Function: _ZN4mqtt7message6createENS_10buffer_refIcEES2_", "FFF Function: _ZN4mqtt10buffer_refIcEC2EOS1_", "FFF Function: _ZN4mqtt10buffer_refIcEC2EOS1_", "FFF Function: _ZN4mqtt7message12set_retainedEb"]], [177, ["FFF Function: _ZN4mqtt10buffer_refIcEC2EONSt7__cxx1112basic_stringIcSt11char_traitsIcESaIcEEE", "FFF Function: _ZN4mqtt12make_messageENS_10buffer_refIcEES1_", "FFF Function: _ZN4mqtt7message6createENS_10buffer_refIcEES2_", "FFF Function: _ZN4mqtt10buffer_refIcEC2EOS1_", "FFF Function: _ZN4mqtt10buffer_refIcEC2EOS1_", "FFF Function: _ZN4mqtt7message12validate_qosEi"]], [177, ["FFF Function: _ZN4mqtt10buffer_refIcEC2EONSt7__cxx1112basic_stringIcSt11char_traitsIcESaIcEEE", "FFF Function: _ZN4mqtt12make_messageENS_10buffer_refIcEES1_", "FFF Function: _ZN4mqtt7message6createENS_10buffer_refIcEES2_", "FFF Function: _ZN4mqtt10buffer_refIcEC2EOS1_", "FFF Function: _ZN4mqtt10buffer_refIcEC2EOS1_", "FFF Function: _ZN4mqtt7message12validate_qosEi", "FFF Function: _ZN4mqtt7message12set_retainedEb"]], [177, ["FFF Function: _ZN4mqtt10buffer_refIcEC2EONSt7__cxx1112basic_stringIcSt11char_traitsIcESaIcEEE", "FFF Function: _ZN4mqtt12make_messageENS_10buffer_refIcEES1_", "FFF Function: _ZN4mqtt7message6createENS_10buffer_refIcEES2_", "FFF Function: _ZN4mqtt10buffer_refIcEC2EOS1_", "FFF Function: _ZN4mqtt10buffer_refIcEC2EOS1_", "FFF Function: _ZNK4mqtt10buffer_refIcE5emptyEv", "FFF Function: _ZN4mqtt7message12set_retainedEb"]], [177, ["FFF Function: _ZN4mqtt10buffer_refIcEC2EONSt7__cxx1112basic_stringIcSt11char_traitsIcESaIcEEE", "FFF Function: _ZN4mqtt12make_messageENS_10buffer_refIcEES1_", "FFF Function: _ZN4mqtt7message6createENS_10buffer_refIcEES2_", "FFF Function: _ZN4mqtt10buffer_refIcEC2EOS1_", "FFF Function: _ZN4mqtt10buffer_refIcEC2EOS1_", "FFF Function: _ZNK4mqtt10buffer_refIcE5emptyEv", "FFF Function: _ZN4mqtt7message12validate_qosEi"]], [177, ["FFF Function: _ZN4mqtt10buffer_refIcEC2EONSt7__cxx1112basic_stringIcSt11char_traitsIcESaIcEEE", "FFF Function: _ZN4mqtt12make_messageENS_10buffer_refIcEES1_", "FFF Function: _ZN4mqtt7message6createENS_10buffer_refIcEES2_", "FFF Function: _ZN4mqtt10buffer_refIcEC2EOS1_", "FFF Function: _ZN4mqtt10buffer_refIcEC2EOS1_", "FFF Function: _ZNK4mqtt10buffer_refIcE5emptyEv", "FFF Function: _ZN4mqtt7message12validate_qosEi", "FFF Function: _ZN4mqtt7message12set_retainedEb"]], [177, ["FFF Function: _ZN4mqtt10buffer_refIcEC2EONSt7__cxx1112basic_stringIcSt11char_traitsIcESaIcEEE", "FFF Function: _ZN4mqtt12make_messageENS_10buffer_refIcEES1_", "FFF Function: _ZN4mqtt7message6createENS_10buffer_refIcEES2_", "FFF Function: _ZN4mqtt10buffer_refIcEC2EOS1_", "FFF Function: _ZN4mqtt7message12set_retainedEb"]], [177, ["FFF Function: _ZN4mqtt10buffer_refIcEC2EONSt7__cxx1112basic_stringIcSt11char_traitsIcESaIcEEE", "FFF Function: _ZN4mqtt12make_messageENS_10buffer_refIcEES1_", "FFF Function: _ZN4mqtt7message6createENS_10buffer_refIcEES2_", "FFF Function: _ZN4mqtt10buffer_refIcEC2EOS1_", "FFF Function: _ZN4mqtt7message12validate_qosEi"]], [177, ["FFF Function: _ZN4mqtt10buffer_refIcEC2EONSt7__cxx1112basic_stringIcSt11char_traitsIcESaIcEEE", "FFF Function: _ZN4mqtt12make_messageENS_10buffer_refIcEES1_", "FFF Function: _ZN4mqtt7message6createENS_10buffer_refIcEES2_", "FFF Function: _ZN4mqtt10buffer_refIcEC2EOS1_", "FFF Function: _ZN4mqtt7message12validate_qosEi", "FFF Function: _ZN4mqtt7message12set_retainedEb"]], [177, ["FFF Function: _ZN4mqtt10buffer_refIcEC2EONSt7__cxx1112basic_stringIcSt11char_traitsIcESaIcEEE", "FFF Function: _ZN4mqtt12make_messageENS_10buffer_refIcEES1_", "FFF Function: _ZN4mqtt7message6createENS_10buffer_refIcEES2_", "FFF Function: _ZN4mqtt10buffer_refIcEC2EOS1_", "FFF Function: _ZNK4mqtt10buffer_refIcE5emptyEv", "FFF Function: _ZN4mqtt7message12set_retainedEb"]], [177, ["FFF Function: _ZN4mqtt10buffer_refIcEC2EONSt7__cxx1112basic_stringIcSt11char_traitsIcESaIcEEE", "FFF Function: _ZN4mqtt12make_messageENS_10buffer_refIcEES1_", "FFF Function: _ZN4mqtt7message6createENS_10buffer_refIcEES2_", "FFF Function: _ZN4mqtt10buffer_refIcEC2EOS1_", "FFF Function: _ZNK4mqtt10buffer_refIcE5emptyEv", "FFF Function: _ZN4mqtt7message12validate_qosEi"]], [177, ["FFF Function: _ZN4mqtt10buffer_refIcEC2EONSt7__cxx1112basic_stringIcSt11char_traitsIcESaIcEEE", "FFF Function: _ZN4mqtt12make_messageENS_10buffer_refIcEES1_", "FFF Function: _ZN4mqtt7message6createENS_10buffer_refIcEES2_", "FFF Function: _ZN4mqtt10buffer_refIcEC2EOS1_", "FFF Function: _ZNK4mqtt10buffer_refIcE5emptyEv", "FFF Function: _ZN4mqtt7message12validate_qosEi", "FFF Function: _ZN4mqtt7message12set_retainedEb"]], [177, ["FFF Function: _ZN4mqtt10buffer_refIcEC2EONSt7__cxx1112basic_stringIcSt11char_traitsIcESaIcEEE", "FFF Function: _ZN4mqtt12make_messageENS_10buffer_refIcEES1_", "FFF Function: _ZN4mqtt7message6createENS_10buffer_refIcEES2_", "FFF Function: _ZN4mqtt7message12validate_qosEi", "FFF Function: _ZN4mqtt7message12set_retainedEb"]], [177, ["FFF Function: _ZN4mqtt10buffer_refIcEC2EONSt7__cxx1112basic_stringIcSt11char_traitsIcESaIcEEE", "FFF Function: _ZN4mqtt12make_messageENS_10buffer_refIcEES1_", "FFF Function: _ZN4mqtt7message6createENS_10buffer_refIcEES2_", "FFF Function: _ZNK4mqtt10buffer_refIcE5emptyEv", "FFF Function: _ZN4mqtt7message12set_retainedEb"]], [177, ["FFF Function: _ZN4mqtt10buffer_refIcEC2EONSt7__cxx1112basic_stringIcSt11char_traitsIcESaIcEEE", "FFF Function: _ZN4mqtt12make_messageENS_10buffer_refIcEES1_", "FFF Function: _ZN4mqtt7message6createENS_10buffer_refIcEES2_", "FFF Function: _ZNK4mqtt10buffer_refIcE5emptyEv", "FFF Function: _ZN4mqtt7message12validate_qosEi"]], [177, ["FFF Function: _ZN4mqtt10buffer_refIcEC2EONSt7__cxx1112basic_stringIcSt11char_traitsIcESaIcEEE", "FFF Function: _ZN4mqtt12make_messageENS_10buffer_refIcEES1_", "FFF Function: _ZN4mqtt7message6createENS_10buffer_refIcEES2_", "FFF Function: _ZNK4mqtt10buffer_refIcE5emptyEv", "FFF Function: _ZN4mqtt7message12validate_qosEi", "FFF Function: _ZN4mqtt7message12set_retainedEb"]], [177, ["FFF Function: _ZN4mqtt10buffer_refIcEC2EONSt7__cxx1112basic_stringIcSt11char_traitsIcESaIcEEE", "FFF Function: _ZN4mqtt12make_messageENS_10buffer_refIcEES1_", "FFF Function: _ZNK4mqtt10buffer_refIcE5emptyEv", "FFF Function: _ZN4mqtt7message12validate_qosEi", "FFF Function: _ZN4mqtt7message12set_retainedEb"]], [177, ["FFF Function: _ZN4mqtt10buffer_refIcEC2EONSt7__cxx1112basic_stringIcSt11char_traitsIcESaIcEEE", "FFF Function: _ZN4mqtt7message6createENS_10buffer_refIcEES2_", "FFF Function: _ZN4mqtt10buffer_refIcEC2EOS1_", "FFF Function: _ZN4mqtt10buffer_refIcEC2EOS1_", "FFF Function: _ZN4mqtt7message12set_retainedEb"]], [177, ["FFF Function: _ZN4mqtt10buffer_refIcEC2EONSt7__cxx1112basic_stringIcSt11char_traitsIcESaIcEEE", "FFF Function: _ZN4mqtt7message6createENS_10buffer_refIcEES2_", "FFF Function: _ZN4mqtt10buffer_refIcEC2EOS1_", "FFF Function: _ZN4mqtt10buffer_refIcEC2EOS1_", "FFF Function: _ZN4mqtt7message12validate_qosEi"]], [177, ["FFF Function: _ZN4mqtt10buffer_refIcEC2EONSt7__cxx1112basic_stringIcSt11char_traitsIcESaIcEEE", "FFF Function: _ZN4mqtt7message6createENS_10buffer_refIcEES2_", "FFF Function: _ZN4mqtt10buffer_refIcEC2EOS1_", "FFF Function: _ZN4mqtt10buffer_refIcEC2EOS1_", "FFF Function: _ZN4mqtt7message12validate_qosEi", "FFF Function: _ZN4mqtt7message12set_retainedEb"]], [177, ["FFF Function: _ZN4mqtt10buffer_refIcEC2EONSt7__cxx1112basic_stringIcSt11char_traitsIcESaIcEEE", "FFF Function: _ZN4mqtt7message6createENS_10buffer_refIcEES2_", "FFF Function: _ZN4mqtt10buffer_refIcEC2EOS1_", "FFF Function: _ZN4mqtt10buffer_refIcEC2EOS1_", "FFF Function: _ZNK4mqtt10buffer_refIcE5emptyEv", "FFF Function: _ZN4mqtt7message12set_retainedEb"]], [177, ["FFF Function: _ZN4mqtt10buffer_refIcEC2EONSt7__cxx1112basic_stringIcSt11char_traitsIcESaIcEEE", "FFF Function: _ZN4mqtt7message6createENS_10buffer_refIcEES2_", "FFF Function: _ZN4mqtt10buffer_refIcEC2EOS1_", "FFF Function: _ZN4mqtt10buffer_refIcEC2EOS1_", "FFF Function: _ZNK4mqtt10buffer_refIcE5emptyEv", "FFF Function: _ZN4mqtt7message12validate_qosEi"]], [177, ["FFF Function: _ZN4mqtt10buffer_refIcEC2EONSt7__cxx1112basic_stringIcSt11char_traitsIcESaIcEEE", "FFF Function: _ZN4mqtt7message6createENS_10buffer_refIcEES2_", "FFF Function: _ZN4mqtt10buffer_refIcEC2EOS1_", "FFF Function: _ZN4mqtt10buffer_refIcEC2EOS1_", "FFF Function: _ZNK4mqtt10buffer_refIcE5emptyEv", "FFF Function: _ZN4mqtt7message12validate_qosEi", "FFF Function: _ZN4mqtt7message12set_retainedEb"]], [177, ["FFF Function: _ZN4mqtt10buffer_refIcEC2EONSt7__cxx1112basic_stringIcSt11char_traitsIcESaIcEEE", "FFF Function: _ZN4mqtt7message6createENS_10buffer_refIcEES2_", "FFF Function: _ZN4mqtt10buffer_refIcEC2EOS1_", "FFF Function: _ZN4mqtt7message12validate_qosEi", "FFF Function: _ZN4mqtt7message12set_retainedEb"]], [177, ["FFF Function: _ZN4mqtt10buffer_refIcEC2EONSt7__cxx1112basic_stringIcSt11char_traitsIcESaIcEEE", "FFF Function: _ZN4mqtt7message6createENS_10buffer_refIcEES2_", "FFF Function: _ZN4mqtt10buffer_refIcEC2EOS1_", "FFF Function: _ZNK4mqtt10buffer_refIcE5emptyEv", "FFF Function: _ZN4mqtt7message12set_retainedEb"]], [177, ["FFF Function: _ZN4mqtt10buffer_refIcEC2EONSt7__cxx1112basic_stringIcSt11char_traitsIcESaIcEEE", "FFF Function: _ZN4mqtt7message6createENS_10buffer_refIcEES2_", "FFF Function: _ZN4mqtt10buffer_refIcEC2EOS1_", "FFF Function: _ZNK4mqtt10buffer_refIcE5emptyEv", "FFF Function: _ZN4mqtt7message12validate_qosEi"]], [177, ["FFF Function: _ZN4mqtt10buffer_refIcEC2EONSt7__cxx1112basic_stringIcSt11char_traitsIcESaIcEEE", "FFF Function: _ZN4mqtt7message6createENS_10buffer_refIcEES2_", "FFF Function: _ZN4mqtt10buffer_refIcEC2EOS1_", "FFF Function: _ZNK4mqtt10buffer_refIcE5emptyEv", "FFF Function: _ZN4mqtt7message12validate_qosEi", "FFF Function: _ZN4mqtt7message12set_retainedEb"]], [177, ["FFF Function: _ZN4mqtt10buffer_refIcEC2EONSt7__cxx1112basic_stringIcSt11char_traitsIcESaIcEEE", "FFF Function: _ZN4mqtt7message6createENS_10buffer_refIcEES2_", "FFF Function: _ZNK4mqtt10buffer_refIcE5emptyEv", "FFF Function: _ZN4mqtt7message12validate_qosEi", "FFF Function: _ZN4mqtt7message12set_retainedEb"]], [177, ["FFF Function: _ZN4mqtt10buffer_refIcED2Ev", "FFF Function: _ZN4mqtt10buffer_refIcED2Ev", "FFF Function: _ZN4mqtt10buffer_refIcED2Ev", "FFF Function: _ZN4mqtt10buffer_refIcED2Ev", "FFF Function: _ZN4mqtt10buffer_refIcED2Ev", "FFF Function: _ZN4mqtt10buffer_refIcED2Ev"]], [177, ["FFF Function: _ZN4mqtt10buffer_refIcED2Ev", "FFF Function: _ZN4mqtt10buffer_refIcED2Ev", "FFF Function: _ZN4mqtt10buffer_refIcED2Ev", "FFF Function: _ZN4mqtt7message7set_qosEi", "FFF Function: _ZN4mqtt7message12validate_qosEi"]], [177, ["FFF Function: _ZN4mqtt10buffer_refIcED2Ev", "FFF Function: _ZN4mqtt10buffer_refIcED2Ev", "FFF Function: _ZN4mqtt7message12validate_qosEi", "FFF Function: _ZN4mqtt7message12set_retainedEb", "FFF Function: _ZN4mqtt6to_intEb"]], [177, ["FFF Function: _ZN4mqtt12make_messageENS_10buffer_refIcEES1_", "FFF Function: _ZN4mqtt10buffer_refIcEC2EOS1_", "FFF Function: _ZN4mqtt10buffer_refIcEC2EOS1_", "FFF Function: _ZN4mqtt7message6createENS_10buffer_refIcEES2_", "FFF Function: _ZN4mqtt10buffer_refIcEC2EOS1_", "FFF Function: _ZN4mqtt10buffer_refIcEC2EOS1_", "FFF Function: _ZN4mqtt7message12set_retainedEb"]], [177, ["FFF Function: _ZN4mqtt12make_messageENS_10buffer_refIcEES1_", "FFF Function: _ZN4mqtt10buffer_refIcEC2EOS1_", "FFF Function: _ZN4mqtt10buffer_refIcEC2EOS1_", "FFF Function: _ZN4mqtt7message6createENS_10buffer_refIcEES2_", "FFF Function: _ZN4mqtt10buffer_refIcEC2EOS1_", "FFF Function: _ZN4mqtt10buffer_refIcEC2EOS1_", "FFF Function: _ZN4mqtt7message12validate_qosEi"]], [177, ["FFF Function: _ZN4mqtt12make_messageENS_10buffer_refIcEES1_", "FFF Function: _ZN4mqtt10buffer_refIcEC2EOS1_", "FFF Function: _ZN4mqtt10buffer_refIcEC2EOS1_", "FFF Function: _ZN4mqtt7message6createENS_10buffer_refIcEES2_", "FFF Function: _ZN4mqtt10buffer_refIcEC2EOS1_", "FFF Function: _ZN4mqtt10buffer_refIcEC2EOS1_", "FFF Function: _ZN4mqtt7message12validate_qosEi", "FFF Function: _ZN4mqtt7message12set_retainedEb"]], [177, ["FFF Function: _ZN4mqtt12make_messageENS_10buffer_refIcEES1_", "FFF Function: _ZN4mqtt10buffer_refIcEC2EOS1_", "FFF Function: _ZN4mqtt10buffer_refIcEC2EOS1_", "FFF Function: _ZN4mqtt7message6createENS_10buffer_refIcEES2_", "FFF Function: _ZN4mqtt10buffer_refIcEC2EOS1_", "FFF Function: _ZN4mqtt10buffer_refIcEC2EOS1_", "FFF Function: _ZNK4mqtt10buffer_refIcE5emptyEv", "FFF Function: _ZN4mqtt7message12set_retainedEb"]], [177, ["FFF Function: _ZN4mqtt12make_messageENS_10buffer_refIcEES1_", "FFF Function: _ZN4mqtt10buffer_refIcEC2EOS1_", "FFF Function: _ZN4mqtt10buffer_refIcEC2EOS1_", "FFF Function: _ZN4mqtt7message6createENS_10buffer_refIcEES2_", "FFF Function: _ZN4mqtt10buffer_refIcEC2EOS1_", "FFF Function: _ZN4mqtt10buffer_refIcEC2EOS1_", "FFF Function: _ZNK4mqtt10buffer_refIcE5emptyEv", "FFF Function: _ZN4mqtt7message12validate_qosEi"]], [177, ["FFF Function: _ZN4mqtt12make_messageENS_10buffer_refIcEES1_", "FFF Function: _ZN4mqtt10buffer_refIcEC2EOS1_", "FFF Function: _ZN4mqtt10buffer_refIcEC2EOS1_", "FFF Function: _ZN4mqtt7message6createENS_10buffer_refIcEES2_", "FFF Function: _ZN4mqtt10buffer_refIcEC2EOS1_", "FFF Function: _ZN4mqtt10buffer_refIcEC2EOS1_", "FFF Function: _ZNK4mqtt10buffer_refIcE5emptyEv", "FFF Function: _ZN4mqtt7message12validate_qosEi", "FFF Function: _ZN4mqtt7message12set_retainedEb"]], [177, ["FFF Function: _ZN4mqtt12make_messageENS_10buffer_refIcEES1_", "FFF Function: _ZN4mqtt10buffer_refIcEC2EOS1_", "FFF Function: _ZN4mqtt10buffer_refIcEC2EOS1_", "FFF Function: _ZN4mqtt7message6createENS_10buffer_refIcEES2_", "FFF Function: _ZN4mqtt10buffer_refIcEC2EOS1_", "FFF Function: _ZN4mqtt7message12set_retainedEb"]], [177, ["FFF Function: _ZN4mqtt12make_messageENS_10buffer_refIcEES1_", "FFF Function: _ZN4mqtt10buffer_refIcEC2EOS1_", "FFF Function: _ZN4mqtt10buffer_refIcEC2EOS1_", "FFF Function: _ZN4mqtt7message6createENS_10buffer_refIcEES2_", "FFF Function: _ZN4mqtt10buffer_refIcEC2EOS1_", "FFF Function: _ZN4mqtt7message12validate_qosEi"]], [177, ["FFF Function: _ZN4mqtt12make_messageENS_10buffer_refIcEES1_", "FFF Function: _ZN4mqtt10buffer_refIcEC2EOS1_", "FFF Function: _ZN4mqtt10buffer_refIcEC2EOS1_", "FFF Function: _ZN4mqtt7message6createENS_10buffer_refIcEES2_", "FFF Function: _ZN4mqtt10buffer_refIcEC2EOS1_", "FFF Function: _ZN4mqtt7message12validate_qosEi", "FFF Function: _ZN4mqtt7message12set_retainedEb"]], [177, ["FFF Function: _ZN4mqtt12make_messageENS_10buffer_refIcEES1_", "FFF Function: _ZN4mqtt10buffer_refIcEC2EOS1_", "FFF Function: _ZN4mqtt10buffer_refIcEC2EOS1_", "FFF Function: _ZN4mqtt7message6createENS_10buffer_refIcEES2_", "FFF Function: _ZN4mqtt10buffer_refIcEC2EOS1_", "FFF Function: _ZNK4mqtt10buffer_refIcE5emptyEv", "FFF Function: _ZN4mqtt7message12set_retainedEb"]], [177, ["FFF Function: _ZN4mqtt12make_messageENS_10buffer_refIcEES1_", "FFF Function: _ZN4mqtt10buffer_refIcEC2EOS1_", "FFF Function: _ZN4mqtt10buffer_refIcEC2EOS1_", "FFF Function: _ZN4mqtt7message6createENS_10buffer_refIcEES2_", "FFF Function: _ZN4mqtt10buffer_refIcEC2EOS1_", "FFF Function: _ZNK4mqtt10buffer_refIcE5emptyEv", "FFF Function: _ZN4mqtt7message12validate_qosEi"]], [177, ["FFF Function: _ZN4mqtt12make_messageENS_10buffer_refIcEES1_", "FFF Function: _ZN4mqtt10buffer_refIcEC2EOS1_", "FFF Function: _ZN4mqtt10buffer_refIcEC2EOS1_", "FFF Function: _ZN4mqtt7message6createENS_10buffer_refIcEES2_", "FFF Function: _ZN4mqtt10buffer_refIcEC2EOS1_", "FFF Function: _ZNK4mqtt10buffer_refIcE5emptyEv", "FFF Function: _ZN4mqtt7message12validate_qosEi", "FFF Function: _ZN4mqtt7message12set_retainedEb"]], [177, ["FFF Function: _ZN4mqtt7message12validate_qosEi", "FFF Function: _ZN4mqtt10buffer_refIcED2Ev", "FFF Function: _ZN4mqtt10buffer_refIcED2Ev", "FFF Function: _ZN4mqtt10buffer_refIcED2Ev", "FFF Function: _ZN4mqtt10buffer_refIcED2Ev"]], [177, ["FFF Function: _ZN4mqtt7message12validate_qosEi", "FFF Function: _ZN4mqtt6to_intEb", "FFF Function: _ZN4mqtt10buffer_refIcED2Ev", "FFF Function: _ZN4mqtt10buffer_refIcED2Ev", "FFF Function: _ZN4mqtt10buffer_refIcED2Ev"]], [177, ["FFF Function: _ZN4mqtt7message12validate_qosEi", "FFF Function: _ZN4mqtt6to_intEb", "FFF Function: _ZN4mqtt10buffer_refIcED2Ev", "FFF Function: _ZN4mqtt10buffer_refIcED2Ev", "FFF Function: _ZN4mqtt10buffer_refIcED2Ev", "FFF Function: _ZN4mqtt10buffer_refIcED2Ev"]], [177, ["FFF Function: _ZN4mqtt7message12validate_qosEi", "FFF Function: _ZN4mqtt7message12set_retainedEb", "FFF Function: _ZN4mqtt10buffer_refIcED2Ev", "FFF Function: _ZN4mqtt10buffer_refIcED2Ev", "FFF Function: _ZN4mqtt10buffer_refIcED2Ev"]], [177, ["FFF Function: _ZN4mqtt7message12validate_qosEi", "FFF Function: _ZN4mqtt7message12set_retainedEb", "FFF Function: _ZN4mqtt10buffer_refIcED2Ev", "FFF Function: _ZN4mqtt10buffer_refIcED2Ev", "FFF Function: _ZN4mqtt10buffer_refIcED2Ev", "FFF Function: _ZN4mqtt10buffer_refIcED2Ev"]], [177, ["FFF Function: _ZN4mqtt7message12validate_qosEi", "FFF Function: _ZN4mqtt7message12set_retainedEb", "FFF Function: _ZN4mqtt6to_intEb", "FFF Function: _ZN4mqtt10buffer_refIcED2Ev", "FFF Function: _ZN4mqtt10buffer_refIcED2Ev", "FFF Function: _ZN4mqtt10buffer_refIcED2Ev"]], [177, ["FFF Function: _ZN4mqtt7message12validate_qosEi", "FFF Function: _ZN4mqtt7message12set_retainedEb", "FFF Function: _ZN4mqtt6to_intEb", "FFF Function: _ZN4mqtt10buffer_refIcED2Ev", "FFF Function: _ZN4mqtt10buffer_refIcED2Ev", "FFF Function: _ZN4mqtt10buffer_refIcED2Ev", "FFF Function: _ZN4mqtt10buffer_refIcED2Ev"]]]}