{"input_dir": "/home/raihan/CPS-VVI-LOGS-DATA/All-new-logs/10.2.everything-logged-with-good/OnlyFunctionNames", "fname": "vgrall3", "seq_len": 256, "stride": 256, "min_len": 5, "max_len": 15, "topk": [[196, ["FFF Function: _ZN2ft31DPSTransferAreaCallbackFunctionEP8shm_if_si", "FFF Function: _ZN2ft31DPSTransferAreaCallbackFunctionEP8shm_if_si", "FFF Function: _ZN2ft31DPSTransferAreaCallbackFunctionEP8shm_if_si", "FFF Function: _ZN2ft31DPSTransferAreaCallbackFunctionEP8shm_if_si", "FFF Function: _ZN2ft31DPSTransferAreaCallbackFunctionEP8shm_if_si"]], [196, ["FFF Function: _ZN2ft31DPSTransferAreaCallbackFunctionEP8shm_if_si", "FFF Function: _ZN2ft31DPSTransferAreaCallbackFunctionEP8shm_if_si", "FFF Function: _ZN2ft31DPSTransferAreaCallbackFunctionEP8shm_if_si", "FFF Function: _ZN2ft31DPSTransferAreaCallbackFunctionEP8shm_if_si", "FFF Function: _ZN2ft31DPSTransferAreaCallbackFunctionEP8shm_if_si", "FFF Function: _ZN2ft31DPSTransferAreaCallbackFunctionEP8shm_if_si"]], [195, ["FFF Function: _ZN2ft31DPSTransferAreaCallbackFunctionEP8shm_if_si", "FFF Function: _ZN2ft31DPSTransferAreaCallbackFunctionEP8shm_if_si", "FFF Function: _ZN2ft31DPSTransferAreaCallbackFunctionEP8shm_if_si", "FFF Function: _ZN2ft31DPSTransferAreaCallbackFunctionEP8shm_if_si", "FFF Function: _ZN2ft31DPSTransferAreaCallbackFunctionEP8shm_if_si", "FFF Function: _ZN2ft31DPSTransferAreaCallbackFunctionEP8shm_if_si", "FFF Function: _ZN2ft31DPSTransferAreaCallbackFunctionEP8shm_if_si"]], [193, ["FFF Function: _ZN2ft31DPSTransferAreaCallbackFunctionEP8shm_if_si", "FFF Function: _ZN2ft31DPSTransferAreaCallbackFunctionEP8shm_if_si", "FFF Function: _ZN2ft31DPSTransferAreaCallbackFunctionEP8shm_if_si", "FFF Function: _ZN2ft31DPSTransferAreaCallbackFunctionEP8shm_if_si", "FFF Function: _ZN2ft31DPSTransferAreaCallbackFunctionEP8shm_if_si", "FFF Function: _ZN2ft31DPSTransferAreaCallbackFunctionEP8shm_if_si", "FFF Function: _ZN2ft31DPSTransferAreaCallbackFunctionEP8shm_if_si", "FFF Function: _ZN2ft31DPSTransferAreaCallbackFunctionEP8shm_if_si"]], [190, ["FFF Function: _ZN2ft31DPSTransferAreaCallbackFunctionEP8shm_if_si", "FFF Function: _ZN2ft31DPSTransferAreaCallbackFunctionEP8shm_if_si", "FFF Function: _ZN2ft31DPSTransferAreaCallbackFunctionEP8shm_if_si", "FFF Function: _ZN2ft31DPSTransferAreaCallbackFunctionEP8shm_if_si", "FFF Function: _ZN2ft31DPSTransferAreaCallbackFunctionEP8shm_if_si", "FFF Function: _ZN2ft31DPSTransferAreaCallbackFunctionEP8shm_if_si", "FFF Function: _ZN2ft31DPSTransferAreaCallbackFunctionEP8shm_if_si", "FFF Function: _ZN2ft31DPSTransferAreaCallbackFunctionEP8shm_if_si", "FFF Function: _ZN2ft31DPSTransferAreaCallbackFunctionEP8shm_if_si"]], [189, ["FFF Function: _ZN2ft31DPSTransferAreaCallbackFunctionEP8shm_if_si", "FFF Function: _ZN2ft31DPSTransferAreaCallbackFunctionEP8shm_if_si", "FFF Function: _ZN2ft31DPSTransferAreaCallbackFunctionEP8shm_if_si", "FFF Function: _ZN2ft31DPSTransferAreaCallbackFunctionEP8shm_if_si", "FFF Function: _ZN2ft31DPSTransferAreaCallbackFunctionEP8shm_if_si", "FFF Function: _ZN2ft31DPSTransferAreaCallbackFunctionEP8shm_if_si", "FFF Function: _ZN2ft31DPSTransferAreaCallbackFunctionEP8shm_if_si", "FFF Function: _ZN2ft31DPSTransferAreaCallbackFunctionEP8shm_if_si", "FFF Function: _ZN2ft31DPSTransferAreaCallbackFunctionEP8shm_if_si", "FFF Function: _ZN2ft31DPSTransferAreaCallbackFunctionEP8shm_if_si"]], [189, ["FFF Function: _ZN2ft31DPSTransferAreaCallbackFunctionEP8shm_if_si", "FFF Function: _ZN2ft31DPSTransferAreaCallbackFunctionEP8shm_if_si", "FFF Function: _ZN2ft31DPSTransferAreaCallbackFunctionEP8shm_if_si", "FFF Function: _ZN2ft31DPSTransferAreaCallbackFunctionEP8shm_if_si", "FFF Function: _ZN2ft31DPSTransferAreaCallbackFunctionEP8shm_if_si", "FFF Function: _ZN2ft31DPSTransferAreaCallbackFunctionEP8shm_if_si", "FFF Function: _ZN2ft31DPSTransferAreaCallbackFunctionEP8shm_if_si", "FFF Function: _ZN2ft31DPSTransferAreaCallbackFunctionEP8shm_if_si", "FFF Function: _ZN2ft31DPSTransferAreaCallbackFunctionEP8shm_if_si", "FFF Function: _ZN2ft31DPSTransferAreaCallbackFunctionEP8shm_if_si", "FFF Function: _ZN2ft31DPSTransferAreaCallbackFunctionEP8shm_if_si"]], [189, ["FFF Function: _ZN2ft31DPSTransferAreaCallbackFunctionEP8shm_if_si", "FFF Function: _ZN2ft31DPSTransferAreaCallbackFunctionEP8shm_if_si", "FFF Function: _ZN2ft31DPSTransferAreaCallbackFunctionEP8shm_if_si", "FFF Function: _ZN2ft31DPSTransferAreaCallbackFunctionEP8shm_if_si", "FFF Function: _ZN2ft31DPSTransferAreaCallbackFunctionEP8shm_if_si", "FFF Function: _ZN2ft31DPSTransferAreaCallbackFunctionEP8shm_if_si", "FFF Function: _ZN2ft31DPSTransferAreaCallbackFunctionEP8shm_if_si", "FFF Function: _ZN2ft31DPSTransferAreaCallbackFunctionEP8shm_if_si", "FFF Function: _ZN2ft31DPSTransferAreaCallbackFunctionEP8shm_if_si", "FFF Function: _ZN2ft31DPSTransferAreaCallbackFunctionEP8shm_if_si", "FFF Function: _ZN2ft31DPSTransferAreaCallbackFunctionEP8shm_if_si", "FFF Function: _ZN2ft31DPSTransferAreaCallbackFunctionEP8shm_if_si"]], [189, ["FFF Function: _ZN2ft31DPSTransferAreaCallbackFunctionEP8shm_if_si", "FFF Function: _ZN2ft31DPSTransferAreaCallbackFunctionEP8shm_if_si", "FFF Function: _ZN2ft31DPSTransferAreaCallbackFunctionEP8shm_if_si", "FFF Function: _ZN2ft31DPSTransferAreaCallbackFunctionEP8shm_if_si", "FFF Function: _ZN2ft31DPSTransferAreaCallbackFunctionEP8shm_if_si", "FFF Function: _ZN2ft31DPSTransferAreaCallbackFunctionEP8shm_if_si", "FFF Function: _ZN2ft31DPSTransferAreaCallbackFunctionEP8shm_if_si", "FFF Function: _ZN2ft31DPSTransferAreaCallbackFunctionEP8shm_if_si", "FFF Function: _ZN2ft31DPSTransferAreaCallbackFunctionEP8shm_if_si", "FFF Function: _ZN2ft31DPSTransferAreaCallbackFunctionEP8shm_if_si", "FFF Function: _ZN2ft31DPSTransferAreaCallbackFunctionEP8shm_if_si", "FFF Function: _ZN2ft31DPSTransferAreaCallbackFunctionEP8shm_if_si", "FFF Function: _ZN2ft31DPSTransferAreaCallbackFunctionEP8shm_if_si"]], [189, ["FFF Function: _ZN2ft31DPSTransferAreaCallbackFunctionEP8shm_if_si", "FFF Function: _ZN2ft31DPSTransferAreaCallbackFunctionEP8shm_if_si", "FFF Function: _ZN2ft31DPSTransferAreaCallbackFunctionEP8shm_if_si", "FFF Function: _ZN2ft31DPSTransferAreaCallbackFunctionEP8shm_if_si", "FFF Function: _ZN2ft31DPSTransferAreaCallbackFunctionEP8shm_if_si", "FFF Function: _ZN2ft31DPSTransferAreaCallbackFunctionEP8shm_if_si", "FFF Function: _ZN2ft31DPSTransferAreaCallbackFunctionEP8shm_if_si", "FFF Function: _ZN2ft31DPSTransferAreaCallbackFunctionEP8shm_if_si", "FFF Function: _ZN2ft31DPSTransferAreaCallbackFunctionEP8shm_if_si", "FFF Function: _ZN2ft31DPSTransferAreaCallbackFunctionEP8shm_if_si", "FFF Function: _ZN2ft31DPSTransferAreaCallbackFunctionEP8shm_if_si", "FFF Function: _ZN2ft31DPSTransferAreaCallbackFunctionEP8shm_if_si", "FFF Function: _ZN2ft31DPSTransferAreaCallbackFunctionEP8shm_if_si", "FFF Function: _ZN2ft31DPSTransferAreaCallbackFunctionEP8shm_if_si"]], [189, ["FFF Function: _ZN2ft31DPSTransferAreaCallbackFunctionEP8shm_if_si", "FFF Function: _ZN2ft31DPSTransferAreaCallbackFunctionEP8shm_if_si", "FFF Function: _ZN2ft31DPSTransferAreaCallbackFunctionEP8shm_if_si", "FFF Function: _ZN2ft31DPSTransferAreaCallbackFunctionEP8shm_if_si", "FFF Function: _ZN2ft31DPSTransferAreaCallbackFunctionEP8shm_if_si", "FFF Function: _ZN2ft31DPSTransferAreaCallbackFunctionEP8shm_if_si", "FFF Function: _ZN2ft31DPSTransferAreaCallbackFunctionEP8shm_if_si", "FFF Function: _ZN2ft31DPSTransferAreaCallbackFunctionEP8shm_if_si", "FFF Function: _ZN2ft31DPSTransferAreaCallbackFunctionEP8shm_if_si", "FFF Function: _ZN2ft31DPSTransferAreaCallbackFunctionEP8shm_if_si", "FFF Function: _ZN2ft31DPSTransferAreaCallbackFunctionEP8shm_if_si", "FFF Function: _ZN2ft31DPSTransferAreaCallbackFunctionEP8shm_if_si", "FFF Function: _ZN2ft31DPSTransferAreaCallbackFunctionEP8shm_if_si", "FFF Function: _ZN2ft31DPSTransferAreaCallbackFunctionEP8shm_if_si", "FFF Function: _ZN2ft31DPSTransferAreaCallbackFunctionEP8shm_if_si"]], [83, ["FFF Function: _ZN2ft31DPSTransferAreaCallbackFunctionEP8shm_if_si", "FFF Function: _ZN2ft31DPSTransferAreaCallbackFunctionEP8shm_if_si", "FFF Function: _ZN2ft31DPSTransferAreaCallbackFunctionEP8shm_if_si", "FFF Function: _ZN2ft31DPSTransferAreaCallbackFunctionEP8shm_if_si", "FFF Function: _ZN2ft15SubjectObserver6NotifyEv"]], [82, ["FFF Function: _ZN2ft31DPSTransferAreaCallbackFunctionEP8shm_if_si", "FFF Function: _ZN2ft31DPSTransferAreaCallbackFunctionEP8shm_if_si", "FFF Function: _ZN2ft31DPSTransferAreaCallbackFunctionEP8shm_if_si", "FFF Function: _ZN2ft31DPSTransferAreaCallbackFunctionEP8shm_if_si", "FFF Function: _ZN2ft31DPSTransferAreaCallbackFunctionEP8shm_if_si", "FFF Function: _ZN2ft15SubjectObserver6NotifyEv"]], [82, ["FFF Function: _ZN2ft31DPSTransferAreaCallbackFunctionEP8shm_if_si", "FFF Function: _ZN2ft31DPSTransferAreaCallbackFunctionEP8shm_if_si", "FFF Function: _ZN2ft31DPSTransferAreaCallbackFunctionEP8shm_if_si", "FFF Function: _ZN2ft31DPSTransferAreaCallbackFunctionEP8shm_if_si", "FFF Function: _ZN2ft31DPSTransferAreaCallbackFunctionEP8shm_if_si", "FFF Function: _ZN2ft31DPSTransferAreaCallbackFunctionEP8shm_if_si", "FFF Function: _ZN2ft15SubjectObserver6NotifyEv"]], [82, ["FFF Function: _ZN2ft31DPSTransferAreaCallbackFunctionEP8shm_if_si", "FFF Function: _ZN4mqtt10buffer_refIcED2Ev", "FFF Function: _ZN4mqtt10buffer_refIcED2Ev", "FFF Function: _ZN2ft31DPSTransferAreaCallbackFunctionEP8shm_if_si", "FFF Function: _ZN2ft31DPSTransferAreaCallbackFunctionEP8shm_if_si"]], [82, ["FFF Function: _ZN4mqtt10buffer_refIcED2Ev", "FFF Function: _ZN2ft31DPSTransferAreaCallbackFunctionEP8shm_if_si", "FFF Function: _ZN2ft31DPSTransferAreaCallbackFunctionEP8shm_if_si", "FFF Function: _ZN2ft31DPSTransferAreaCallbackFunctionEP8shm_if_si", "FFF Function: _ZN2ft31DPSTransferAreaCallbackFunctionEP8shm_if_si"]], [82, ["FFF Function: _ZN4mqtt10buffer_refIcED2Ev", "FFF Function: _ZN4mqtt10buffer_refIcED2Ev", "FFF Function: _ZN2ft31DPSTransferAreaCallbackFunctionEP8shm_if_si", "FFF Function: _ZN2ft31DPSTransferAreaCallbackFunctionEP8shm_if_si", "FFF Function: _ZN2ft31DPSTransferAreaCallbackFunctionEP8shm_if_si"]], [82, ["FFF Function: _ZN4mqtt10buffer_refIcED2Ev", "FFF Function: _ZN4mqtt10buffer_refIcED2Ev", "FFF Function: _ZN2ft31DPSTransferAreaCallbackFunctionEP8shm_if_si", "FFF Function: _ZN2ft31DPSTransferAreaCallbackFunctionEP8shm_if_si", "FFF Function: _ZN2ft31DPSTransferAreaCallbackFunctionEP8shm_if_si", "FFF Function: _ZN2ft31DPSTransferAreaCallbackFunctionEP8shm_if_si"]], [81, ["FFF Function: _ZN2ft31DPSTransferAreaCallbackFunctionEP8shm_if_si", "FFF Function: _ZN2ft31DPSTransferAreaCallbackFunctionEP8shm_if_si", "FFF Function: _ZN2ft31DPSTransferAreaCallbackFunctionEP8shm_if_si", "FFF Function: _ZN2ft31DPSTransferAreaCallbackFunctionEP8shm_if_si", "FFF Function: _ZN2ft31DPSTransferAreaCallbackFunctionEP8shm_if_si", "FFF Function: _ZN2ft31DPSTransferAreaCallbackFunctionEP8shm_if_si", "FFF Function: _ZN2ft31DPSTransferAreaCallbackFunctionEP8shm_if_si", "FFF Function: _ZN2ft15SubjectObserver6NotifyEv"]], [81, ["FFF Function: _ZN2ft31DPSTransferAreaCallbackFunctionEP8shm_if_si", "FFF Function: _ZN2ft31DPSTransferAreaCallbackFunctionEP8shm_if_si", "FFF Function: _ZN2ft31DPSTransferAreaCallbackFunctionEP8shm_if_si", "FFF Function: _ZN4mqtt10buffer_refIcED2Ev", "FFF Function: _ZN4mqtt10buffer_refIcED2Ev"]], [81, ["FFF Function: _ZN2ft31DPSTransferAreaCallbackFunctionEP8shm_if_si", "FFF Function: _ZN2ft31DPSTransferAreaCallbackFunctionEP8shm_if_si", "FFF Function: _ZN4mqtt10buffer_refIcED2Ev", "FFF Function: _ZN4mqtt10buffer_refIcED2Ev", "FFF Function: _ZN2ft31DPSTransferAreaCallbackFunctionEP8shm_if_si"]], [80, ["FFF Function: _ZN2ft31DPSTransferAreaCallbackFunctionEP8shm_if_si", "FFF Function: _ZN2ft31DPSTransferAreaCallbackFunctionEP8shm_if_si", "FFF Function: _ZN4mqtt10buffer_refIcED2Ev", "FFF Function: _ZN2ft31DPSTransferAreaCallbackFunctionEP8shm_if_si", "FFF Function: _ZN2ft31DPSTransferAreaCallbackFunctionEP8shm_if_si"]], [80, ["FFF Function: _ZN2ft31DPSTransferAreaCallbackFunctionEP8shm_if_si", "FFF Function: _ZN2ft31DPSTransferAreaCallbackFunctionEP8shm_if_si", "FFF Function: _ZN4mqtt10buffer_refIcED2Ev", "FFF Function: _ZN4mqtt10buffer_refIcED2Ev", "FFF Function: _ZN2ft31DPSTransferAreaCallbackFunctionEP8shm_if_si", "FFF Function: _ZN2ft31DPSTransferAreaCallbackFunctionEP8shm_if_si"]], [80, ["FFF Function: _ZN2ft31DPSTransferAreaCallbackFunctionEP8shm_if_si", "FFF Function: _ZN4mqtt10buffer_refIcED2Ev", "FFF Function: _ZN2ft31DPSTransferAreaCallbackFunctionEP8shm_if_si", "FFF Function: _ZN2ft31DPSTransferAreaCallbackFunctionEP8shm_if_si", "FFF Function: _ZN2ft31DPSTransferAreaCallbackFunctionEP8shm_if_si"]], [80, ["FFF Function: _ZN2ft31DPSTransferAreaCallbackFunctionEP8shm_if_si", "FFF Function: _ZN4mqtt10buffer_refIcED2Ev", "FFF Function: _ZN4mqtt10buffer_refIcED2Ev", "FFF Function: _ZN2ft31DPSTransferAreaCallbackFunctionEP8shm_if_si", "FFF Function: _ZN2ft31DPSTransferAreaCallbackFunctionEP8shm_if_si", "FFF Function: _ZN2ft31DPSTransferAreaCallbackFunctionEP8shm_if_si"]], [79, ["FFF Function: _ZN2ft31DPSTransferAreaCallbackFunctionEP8shm_if_si", "FFF Function: _ZN4mqtt10buffer_refIcED2Ev", "FFF Function: _ZN2ft31DPSTransferAreaCallbackFunctionEP8shm_if_si", "FFF Function: _ZN2ft31DPSTransferAreaCallbackFunctionEP8shm_if_si", "FFF Function: _ZN2ft31DPSTransferAreaCallbackFunctionEP8shm_if_si", "FFF Function: _ZN2ft31DPSTransferAreaCallbackFunctionEP8shm_if_si"]], [79, ["FFF Function: _ZN2ft31DPSTransferAreaCallbackFunctionEP8shm_if_si", "FFF Function: _ZN4mqtt10buffer_refIcED2Ev", "FFF Function: _ZN4mqtt10buffer_refIcED2Ev", "FFF Function: _ZN2ft31DPSTransferAreaCallbackFunctionEP8shm_if_si", "FFF Function: _ZN2ft31DPSTransferAreaCallbackFunctionEP8shm_if_si", "FFF Function: _ZN2ft31DPSTransferAreaCallbackFunctionEP8shm_if_si", "FFF Function: _ZN2ft31DPSTransferAreaCallbackFunctionEP8shm_if_si"]], [78, ["FFF Function: _ZN2ft31DPSTransferAreaCallbackFunctionEP8shm_if_si", "FFF Function: _ZN2ft31DPSTransferAreaCallbackFunctionEP8shm_if_si", "FFF Function: _ZN4mqtt10buffer_refIcED2Ev", "FFF Function: _ZN2ft31DPSTransferAreaCallbackFunctionEP8shm_if_si", "FFF Function: _ZN2ft31DPSTransferAreaCallbackFunctionEP8shm_if_si", "FFF Function: _ZN2ft31DPSTransferAreaCallbackFunctionEP8shm_if_si"]], [78, ["FFF Function: _ZN2ft31DPSTransferAreaCallbackFunctionEP8shm_if_si", "FFF Function: _ZN2ft31DPSTransferAreaCallbackFunctionEP8shm_if_si", "FFF Function: _ZN4mqtt10buffer_refIcED2Ev", "FFF Function: _ZN4mqtt10buffer_refIcED2Ev", "FFF Function: _ZN2ft31DPSTransferAreaCallbackFunctionEP8shm_if_si", "FFF Function: _ZN2ft31DPSTransferAreaCallbackFunctionEP8shm_if_si", "FFF Function: _ZN2ft31DPSTransferAreaCallbackFunctionEP8shm_if_si"]], [78, ["FFF Function: _ZN4mqtt10buffer_refIcED2Ev", "FFF Function: _ZN2ft31DPSTransferAreaCallbackFunctionEP8shm_if_si", "FFF Function: _ZN2ft31DPSTransferAreaCallbackFunctionEP8shm_if_si", "FFF Function: _ZN2ft31DPSTransferAreaCallbackFunctionEP8shm_if_si", "FFF Function: _ZN2ft31DPSTransferAreaCallbackFunctionEP8shm_if_si", "FFF Function: _ZN2ft31DPSTransferAreaCallbackFunctionEP8shm_if_si"]], [78, ["FFF Function: _ZN4mqtt10buffer_refIcED2Ev", "FFF Function: _ZN2ft31DPSTransferAreaCallbackFunctionEP8shm_if_si", "FFF Function: _ZN2ft31DPSTransferAreaCallbackFunctionEP8shm_if_si", "FFF Function: _ZN2ft31DPSTransferAreaCallbackFunctionEP8shm_if_si", "FFF Function: _ZN2ft31DPSTransferAreaCallbackFunctionEP8shm_if_si", "FFF Function: _ZN2ft31DPSTransferAreaCallbackFunctionEP8shm_if_si", "FFF Function: _ZN2ft31DPSTransferAreaCallbackFunctionEP8shm_if_si"]], [78, ["FFF Function: _ZN4mqtt10buffer_refIcED2Ev", "FFF Function: _ZN4mqtt10buffer_refIcED2Ev", "FFF Function: _ZN2ft31DPSTransferAreaCallbackFunctionEP8shm_if_si", "FFF Function: _ZN2ft31DPSTransferAreaCallbackFunctionEP8shm_if_si", "FFF Function: _ZN2ft31DPSTransferAreaCallbackFunctionEP8shm_if_si", "FFF Function: _ZN2ft31DPSTransferAreaCallbackFunctionEP8shm_if_si", "FFF Function: _ZN2ft31DPSTransferAreaCallbackFunctionEP8shm_if_si"]], [78, ["FFF Function: _ZN4mqtt10buffer_refIcED2Ev", "FFF Function: _ZN4mqtt10buffer_refIcED2Ev", "FFF Function: _ZN2ft31DPSTransferAreaCallbackFunctionEP8shm_if_si", "FFF Function: _ZN2ft31DPSTransferAreaCallbackFunctionEP8shm_if_si", "FFF Function: _ZN2ft31DPSTransferAreaCallbackFunctionEP8shm_if_si", "FFF Function: _ZN2ft31DPSTransferAreaCallbackFunctionEP8shm_if_si", "FFF Function: _ZN2ft31DPSTransferAreaCallbackFunctionEP8shm_if_si", "FFF Function: _ZN2ft31DPSTransferAreaCallbackFunctionEP8shm_if_si"]], [78, ["FFF Function: _ZNK4mqtt10buffer_refIcEcvbEv", "FFF Function: _ZNK4mqtt10buffer_refIcE3strB5cxx11Ev", "FFF Function: _ZNK4mqtt7message9get_topicB5cxx11Ev", "FFF Function: _ZNK4mqtt10buffer_refIcEcvbEv", "FFF Function: _ZNK4mqtt10buffer_refIcE3strB5cxx11Ev"]], [78, ["FFF Function: _ZNK4mqtt7message9get_topicB5cxx11Ev", "FFF Function: _ZNK4mqtt10buffer_refIcEcvbEv", "FFF Function: _ZNK4mqtt10buffer_refIcE3strB5cxx11Ev", "FFF Function: _ZNK4mqtt7message9get_topicB5cxx11Ev", "FFF Function: _ZNK4mqtt10buffer_refIcEcvbEv"]], [77, ["FFF Function: _ZN2ft10gettimestrEliPc", "FFF Function: _ZN4mqtt10buffer_refIcEC2EONSt7__cxx1112basic_stringIcSt11char_traitsIcESaIcEEE", "FFF Function: _ZN4mqtt12make_messageENS_10buffer_refIcEES1_", "FFF Function: _ZN4mqtt10buffer_refIcEC2EOS1_", "FFF Function: _ZN4mqtt10buffer_refIcEC2EOS1_"]], [77, ["FFF Function: _ZN2ft31DPSTransferAreaCallbackFunctionEP8shm_if_si", "FFF Function: _ZN2ft31DPSTransferAreaCallbackFunctionEP8shm_if_si", "FFF Function: _ZN2ft15SubjectObserver6NotifyEv", "FFF Function: _ZN2ft31DPSTransferAreaCallbackFunctionEP8shm_if_si", "FFF Function: _ZN2ft31DPSTransferAreaCallbackFunctionEP8shm_if_si"]], [77, ["FFF Function: _ZN2ft31DPSTransferAreaCallbackFunctionEP8shm_if_si", "FFF Function: _ZN2ft31DPSTransferAreaCallbackFunctionEP8shm_if_si", "FFF Function: _ZN2ft31DPSTransferAreaCallbackFunctionEP8shm_if_si", "FFF Function: _ZN2ft31DPSTransferAreaCallbackFunctionEP8shm_if_si", "FFF Function: _ZN2ft31DPSTransferAreaCallbackFunctionEP8shm_if_si", "FFF Function: _ZN2ft31DPSTransferAreaCallbackFunctionEP8shm_if_si", "FFF Function: _ZN2ft31DPSTransferAreaCallbackFunctionEP8shm_if_si", "FFF Function: _ZN2ft31DPSTransferAreaCallbackFunctionEP8shm_if_si", "FFF Function: _ZN2ft15SubjectObserver6NotifyEv"]], [77, ["FFF Function: _ZN2ft31DPSTransferAreaCallbackFunctionEP8shm_if_si", "FFF Function: _ZN2ft31DPSTransferAreaCallbackFunctionEP8shm_if_si", "FFF Function: _ZN2ft31DPSTransferAreaCallbackFunctionEP8shm_if_si", "FFF Function: _ZN2ft31DPSTransferAreaCallbackFunctionEP8shm_if_si", "FFF Function: _ZN4mqtt10buffer_refIcED2Ev"]], [77, ["FFF Function: _ZN2ft31DPSTransferAreaCallbackFunctionEP8shm_if_si", "FFF Function: _ZN2ft31DPSTransferAreaCallbackFunctionEP8shm_if_si", "FFF Function: _ZN2ft31DPSTransferAreaCallbackFunctionEP8shm_if_si", "FFF Function: _ZN2ft31DPSTransferAreaCallbackFunctionEP8shm_if_si", "FFF Function: _ZN4mqtt10buffer_refIcED2Ev", "FFF Function: _ZN4mqtt10buffer_refIcED2Ev"]], [77, ["FFF Function: _ZN2ft31DPSTransferAreaCallbackFunctionEP8shm_if_si", "FFF Function: _ZN2ft31DPSTransferAreaCallbackFunctionEP8shm_if_si", "FFF Function: _ZN2ft31DPSTransferAreaCallbackFunctionEP8shm_if_si", "FFF Function: _ZN4mqtt10buffer_refIcED2Ev", "FFF Function: _ZN2ft31DPSTransferAreaCallbackFunctionEP8shm_if_si"]], [77, ["FFF Function: _ZN2ft31DPSTransferAreaCallbackFunctionEP8shm_if_si", "FFF Function: _ZN2ft31DPSTransferAreaCallbackFunctionEP8shm_if_si", "FFF Function: _ZN2ft31DPSTransferAreaCallbackFunctionEP8shm_if_si", "FFF Function: _ZN4mqtt10buffer_refIcED2Ev", "FFF Function: _ZN4mqtt10buffer_refIcED2Ev", "FFF Function: _ZN2ft31DPSTransferAreaCallbackFunctionEP8shm_if_si"]], [77, ["FFF Function: _ZN2ft31DPSTransferAreaCallbackFunctionEP8shm_if_si", "FFF Function: _ZN2ft31DPSTransferAreaCallbackFunctionEP8shm_if_si", "FFF Function: _ZN4mqtt10buffer_refIcED2Ev", "FFF Function: _ZN2ft31DPSTransferAreaCallbackFunctionEP8shm_if_si", "FFF Function: _ZN2ft31DPSTransferAreaCallbackFunctionEP8shm_if_si", "FFF Function: _ZN2ft31DPSTransferAreaCallbackFunctionEP8shm_if_si", "FFF Function: _ZN2ft31DPSTransferAreaCallbackFunctionEP8shm_if_si"]], [77, ["FFF Function: _ZN2ft31DPSTransferAreaCallbackFunctionEP8shm_if_si", "FFF Function: _ZN2ft31DPSTransferAreaCallbackFunctionEP8shm_if_si", "FFF Function: _ZN4mqtt10buffer_refIcED2Ev", "FFF Function: _ZN4mqtt10buffer_refIcED2Ev", "FFF Function: _ZN2ft31DPSTransferAreaCallbackFunctionEP8shm_if_si", "FFF Function: _ZN2ft31DPSTransferAreaCallbackFunctionEP8shm_if_si", "FFF Function: _ZN2ft31DPSTransferAreaCallbackFunctionEP8shm_if_si", "FFF Function: _ZN2ft31DPSTransferAreaCallbackFunctionEP8shm_if_si"]], [77, ["FFF Function: _ZN2ft31DPSTransferAreaCallbackFunctionEP8shm_if_si", "FFF Function: _ZN4mqtt10buffer_refIcEC2EONSt7__cxx1112basic_stringIcSt11char_traitsIcESaIcEEE", "FFF Function: _ZN4mqtt12make_messageENS_10buffer_refIcEES1_", "FFF Function: _ZN4mqtt10buffer_refIcEC2EOS1_", "FFF Function: _ZN4mqtt10buffer_refIcEC2EOS1_"]], [77, ["FFF Function: _ZN2ft9getnowstrEPc", "FFF Function: _ZN2ft10gettimestrEliPc", "FFF Function: _ZN4mqtt10buffer_refIcEC2EONSt7__cxx1112basic_stringIcSt11char_traitsIcESaIcEEE", "FFF Function: _ZN4mqtt10buffer_refIcEC2EOS1_", "FFF Function: _ZN4mqtt10buffer_refIcEC2EOS1_"]], [77, ["FFF Function: _ZN2ft9getnowstrEPc", "FFF Function: _ZN2ft10gettimestrEliPc", "FFF Function: _ZN4mqtt10buffer_refIcEC2EONSt7__cxx1112basic_stringIcSt11char_traitsIcESaIcEEE", "FFF Function: _ZN4mqtt12make_messageENS_10buffer_refIcEES1_", "FFF Function: _ZN4mqtt10buffer_refIcEC2EOS1_"]], [77, ["FFF Function: _ZN2ft9getnowstrEPc", "FFF Function: _ZN2ft10gettimestrEliPc", "FFF Function: _ZN4mqtt10buffer_refIcEC2EONSt7__cxx1112basic_stringIcSt11char_traitsIcESaIcEEE", "FFF Function: _ZN4mqtt12make_messageENS_10buffer_refIcEES1_", "FFF Function: _ZN4mqtt10buffer_refIcEC2EOS1_", "FFF Function: _ZN4mqtt10buffer_refIcEC2EOS1_"]], [77, ["FFF Function: _ZN2ft9getnowstrEPc", "FFF Function: _ZN2ft10gettimestrEliPc", "FFF Function: _ZN4mqtt12make_messageENS_10buffer_refIcEES1_", "FFF Function: _ZN4mqtt10buffer_refIcEC2EOS1_", "FFF Function: _ZN4mqtt10buffer_refIcEC2EOS1_"]], [77, ["FFF Function: _ZN2ft9getnowstrEPc", "FFF Function: _ZN4mqtt10buffer_refIcEC2EONSt7__cxx1112basic_stringIcSt11char_traitsIcESaIcEEE", "FFF Function: _ZN4mqtt12make_messageENS_10buffer_refIcEES1_", "FFF Function: _ZN4mqtt10buffer_refIcEC2EOS1_", "FFF Function: _ZN4mqtt10buffer_refIcEC2EOS1_"]], [77, ["FFF Function: _ZNK4mqtt10buffer_refIcE3strB5cxx11Ev", "FFF Function: _ZNK4mqtt7message9get_topicB5cxx11Ev", "FFF Function: _ZNK4mqtt10buffer_refIcEcvbEv", "FFF Function: _ZNK4mqtt10buffer_refIcE3strB5cxx11Ev", "FFF Function: _ZN2ft31DPSTransferAreaCallbackFunctionEP8shm_if_si"]], [77, ["FFF Function: _ZNK4mqtt10buffer_refIcEcvbEv", "FFF Function: _ZNK4mqtt10buffer_refIcE3strB5cxx11Ev", "FFF Function: _ZNK4mqtt10buffer_refIcEcvbEv", "FFF Function: _ZNK4mqtt10buffer_refIcE3strB5cxx11Ev", "FFF Function: _ZN2ft31DPSTransferAreaCallbackFunctionEP8shm_if_si"]], [77, ["FFF Function: _ZNK4mqtt10buffer_refIcEcvbEv", "FFF Function: _ZNK4mqtt10buffer_refIcE3strB5cxx11Ev", "FFF Function: _ZNK4mqtt7message9get_topicB5cxx11Ev", "FFF Function: _ZNK4mqtt10buffer_refIcE3strB5cxx11Ev", "FFF Function: _ZN2ft31DPSTransferAreaCallbackFunctionEP8shm_if_si"]], [77, ["FFF Function: _ZNK4mqtt10buffer_refIcEcvbEv", "FFF Function: _ZNK4mqtt10buffer_refIcE3strB5cxx11Ev", "FFF Function: _ZNK4mqtt7message9get_topicB5cxx11Ev", "FFF Function: _ZNK4mqtt10buffer_refIcEcvbEv", "FFF Function: _ZN2ft31DPSTransferAreaCallbackFunctionEP8shm_if_si"]], [77, ["FFF Function: _ZNK4mqtt10buffer_refIcEcvbEv", "FFF Function: _ZNK4mqtt10buffer_refIcE3strB5cxx11Ev", "FFF Function: _ZNK4mqtt7message9get_topicB5cxx11Ev", "FFF Function: _ZNK4mqtt10buffer_refIcEcvbEv", "FFF Function: _ZNK4mqtt10buffer_refIcE3strB5cxx11Ev", "FFF Function: _ZN2ft31DPSTransferAreaCallbackFunctionEP8shm_if_si"]], [77, ["FFF Function: _ZNK4mqtt10buffer_refIcEcvbEv", "FFF Function: _ZNK4mqtt7message9get_topicB5cxx11Ev", "FFF Function: _ZNK4mqtt10buffer_refIcEcvbEv", "FFF Function: _ZNK4mqtt10buffer_refIcE3strB5cxx11Ev", "FFF Function: _ZN2ft31DPSTransferAreaCallbackFunctionEP8shm_if_si"]], [77, ["FFF Function: _ZNK4mqtt7message9get_topicB5cxx11Ev", "FFF Function: _ZNK4mqtt10buffer_refIcE3strB5cxx11Ev", "FFF Function: _ZNK4mqtt7message9get_topicB5cxx11Ev", "FFF Function: _ZNK4mqtt10buffer_refIcEcvbEv", "FFF Function: _ZNK4mqtt10buffer_refIcE3strB5cxx11Ev"]], [77, ["FFF Function: _ZNK4mqtt7message9get_topicB5cxx11Ev", "FFF Function: _ZNK4mqtt10buffer_refIcEcvbEv", "FFF Function: _ZNK4mqtt10buffer_refIcE3strB5cxx11Ev", "FFF Function: _ZNK4mqtt10buffer_refIcEcvbEv", "FFF Function: _ZNK4mqtt10buffer_refIcE3strB5cxx11Ev"]], [77, ["FFF Function: _ZNK4mqtt7message9get_topicB5cxx11Ev", "FFF Function: _ZNK4mqtt10buffer_refIcEcvbEv", "FFF Function: _ZNK4mqtt10buffer_refIcE3strB5cxx11Ev", "FFF Function: _ZNK4mqtt7message9get_topicB5cxx11Ev", "FFF Function: _ZNK4mqtt10buffer_refIcE3strB5cxx11Ev"]], [77, ["FFF Function: _ZNK4mqtt7message9get_topicB5cxx11Ev", "FFF Function: _ZNK4mqtt10buffer_refIcEcvbEv", "FFF Function: _ZNK4mqtt10buffer_refIcE3strB5cxx11Ev", "FFF Function: _ZNK4mqtt7message9get_topicB5cxx11Ev", "FFF Function: _ZNK4mqtt10buffer_refIcEcvbEv", "FFF Function: _ZNK4mqtt10buffer_refIcE3strB5cxx11Ev"]], [77, ["FFF Function: _ZNK4mqtt7message9get_topicB5cxx11Ev", "FFF Function: _ZNK4mqtt10buffer_refIcEcvbEv", "FFF Function: _ZNK4mqtt7message9get_topicB5cxx11Ev", "FFF Function: _ZNK4mqtt10buffer_refIcEcvbEv", "FFF Function: _ZNK4mqtt10buffer_refIcE3strB5cxx11Ev"]], [76, ["FFF Function: _ZN2ft31DPSTransferAreaCallbackFunctionEP8shm_if_si", "FFF Function: _ZN2ft31DPSTransferAreaCallbackFunctionEP8shm_if_si", "FFF Function: _ZN2ft31DPSTransferAreaCallbackFunctionEP8shm_if_si", "FFF Function: _ZN2ft31DPSTransferAreaCallbackFunctionEP8shm_if_si", "FFF Function: _ZN2ft31DPSTransferAreaCallbackFunctionEP8shm_if_si", "FFF Function: _ZN2ft31DPSTransferAreaCallbackFunctionEP8shm_if_si", "FFF Function: _ZN4mqtt10buffer_refIcED2Ev"]], [76, ["FFF Function: _ZN2ft31DPSTransferAreaCallbackFunctionEP8shm_if_si", "FFF Function: _ZN2ft31DPSTransferAreaCallbackFunctionEP8shm_if_si", "FFF Function: _ZN2ft31DPSTransferAreaCallbackFunctionEP8shm_if_si", "FFF Function: _ZN2ft31DPSTransferAreaCallbackFunctionEP8shm_if_si", "FFF Function: _ZN2ft31DPSTransferAreaCallbackFunctionEP8shm_if_si", "FFF Function: _ZN2ft31DPSTransferAreaCallbackFunctionEP8shm_if_si", "FFF Function: _ZN4mqtt10buffer_refIcED2Ev", "FFF Function: _ZN4mqtt10buffer_refIcED2Ev"]], [76, ["FFF Function: _ZN2ft31DPSTransferAreaCallbackFunctionEP8shm_if_si", "FFF Function: _ZN2ft31DPSTransferAreaCallbackFunctionEP8shm_if_si", "FFF Function: _ZN2ft31DPSTransferAreaCallbackFunctionEP8shm_if_si", "FFF Function: _ZN2ft31DPSTransferAreaCallbackFunctionEP8shm_if_si", "FFF Function: _ZN2ft31DPSTransferAreaCallbackFunctionEP8shm_if_si", "FFF Function: _ZN4mqtt10buffer_refIcED2Ev"]], [76, ["FFF Function: _ZN2ft31DPSTransferAreaCallbackFunctionEP8shm_if_si", "FFF Function: _ZN2ft31DPSTransferAreaCallbackFunctionEP8shm_if_si", "FFF Function: _ZN2ft31DPSTransferAreaCallbackFunctionEP8shm_if_si", "FFF Function: _ZN2ft31DPSTransferAreaCallbackFunctionEP8shm_if_si", "FFF Function: _ZN2ft31DPSTransferAreaCallbackFunctionEP8shm_if_si", "FFF Function: _ZN4mqtt10buffer_refIcED2Ev", "FFF Function: _ZN4mqtt10buffer_refIcED2Ev"]], [76, ["FFF Function: _ZN2ft31DPSTransferAreaCallbackFunctionEP8shm_if_si", "FFF Function: _ZN2ft9getnowstrEPc", "FFF Function: _ZN2ft10gettimestrEliPc", "FFF Function: _ZN4mqtt10buffer_refIcEC2EONSt7__cxx1112basic_stringIcSt11char_traitsIcESaIcEEE", "FFF Function: _ZN4mqtt10buffer_refIcEC2EOS1_"]], [76, ["FFF Function: _ZN2ft31DPSTransferAreaCallbackFunctionEP8shm_if_si", "FFF Function: _ZN2ft9getnowstrEPc", "FFF Function: _ZN2ft10gettimestrEliPc", "FFF Function: _ZN4mqtt10buffer_refIcEC2EONSt7__cxx1112basic_stringIcSt11char_traitsIcESaIcEEE", "FFF Function: _ZN4mqtt10buffer_refIcEC2EOS1_", "FFF Function: _ZN4mqtt10buffer_refIcEC2EOS1_"]], [76, ["FFF Function: _ZN2ft31DPSTransferAreaCallbackFunctionEP8shm_if_si", "FFF Function: _ZN2ft9getnowstrEPc", "FFF Function: _ZN2ft10gettimestrEliPc", "FFF Function: _ZN4mqtt10buffer_refIcEC2EONSt7__cxx1112basic_stringIcSt11char_traitsIcESaIcEEE", "FFF Function: _ZN4mqtt12make_messageENS_10buffer_refIcEES1_"]], [76, ["FFF Function: _ZN2ft31DPSTransferAreaCallbackFunctionEP8shm_if_si", "FFF Function: _ZN2ft9getnowstrEPc", "FFF Function: _ZN2ft10gettimestrEliPc", "FFF Function: _ZN4mqtt10buffer_refIcEC2EONSt7__cxx1112basic_stringIcSt11char_traitsIcESaIcEEE", "FFF Function: _ZN4mqtt12make_messageENS_10buffer_refIcEES1_", "FFF Function: _ZN4mqtt10buffer_refIcEC2EOS1_"]], [76, ["FFF Function: _ZN2ft31DPSTransferAreaCallbackFunctionEP8shm_if_si", "FFF Function: _ZN2ft9getnowstrEPc", "FFF Function: _ZN2ft10gettimestrEliPc", "FFF Function: _ZN4mqtt10buffer_refIcEC2EONSt7__cxx1112basic_stringIcSt11char_traitsIcESaIcEEE", "FFF Function: _ZN4mqtt12make_messageENS_10buffer_refIcEES1_", "FFF Function: _ZN4mqtt10buffer_refIcEC2EOS1_", "FFF Function: _ZN4mqtt10buffer_refIcEC2EOS1_"]], [76, ["FFF Function: _ZN2ft31DPSTransferAreaCallbackFunctionEP8shm_if_si", "FFF Function: _ZN2ft9getnowstrEPc", "FFF Function: _ZN2ft10gettimestrEliPc", "FFF Function: _ZN4mqtt10buffer_refIcEC2EOS1_", "FFF Function: _ZN4mqtt10buffer_refIcEC2EOS1_"]], [76, ["FFF Function: _ZN2ft31DPSTransferAreaCallbackFunctionEP8shm_if_si", "FFF Function: _ZN2ft9getnowstrEPc", "FFF Function: _ZN2ft10gettimestrEliPc", "FFF Function: _ZN4mqtt12make_messageENS_10buffer_refIcEES1_", "FFF Function: _ZN4mqtt10buffer_refIcEC2EOS1_"]], [76, ["FFF Function: _ZN2ft31DPSTransferAreaCallbackFunctionEP8shm_if_si", "FFF Function: _ZN2ft9getnowstrEPc", "FFF Function: _ZN2ft10gettimestrEliPc", "FFF Function: _ZN4mqtt12make_messageENS_10buffer_refIcEES1_", "FFF Function: _ZN4mqtt10buffer_refIcEC2EOS1_", "FFF Function: _ZN4mqtt10buffer_refIcEC2EOS1_"]], [76, ["FFF Function: _ZN2ft31DPSTransferAreaCallbackFunctionEP8shm_if_si", "FFF Function: _ZN2ft9getnowstrEPc", "FFF Function: _ZN4mqtt10buffer_refIcEC2EONSt7__cxx1112basic_stringIcSt11char_traitsIcESaIcEEE", "FFF Function: _ZN4mqtt10buffer_refIcEC2EOS1_", "FFF Function: _ZN4mqtt10buffer_refIcEC2EOS1_"]], [76, ["FFF Function: _ZN2ft31DPSTransferAreaCallbackFunctionEP8shm_if_si", "FFF Function: _ZN2ft9getnowstrEPc", "FFF Function: _ZN4mqtt10buffer_refIcEC2EONSt7__cxx1112basic_stringIcSt11char_traitsIcESaIcEEE", "FFF Function: _ZN4mqtt12make_messageENS_10buffer_refIcEES1_", "FFF Function: _ZN4mqtt10buffer_refIcEC2EOS1_"]], [76, ["FFF Function: _ZN2ft31DPSTransferAreaCallbackFunctionEP8shm_if_si", "FFF Function: _ZN2ft9getnowstrEPc", "FFF Function: _ZN4mqtt10buffer_refIcEC2EONSt7__cxx1112basic_stringIcSt11char_traitsIcESaIcEEE", "FFF Function: _ZN4mqtt12make_messageENS_10buffer_refIcEES1_", "FFF Function: _ZN4mqtt10buffer_refIcEC2EOS1_", "FFF Function: _ZN4mqtt10buffer_refIcEC2EOS1_"]], [76, ["FFF Function: _ZN2ft31DPSTransferAreaCallbackFunctionEP8shm_if_si", "FFF Function: _ZN2ft9getnowstrEPc", "FFF Function: _ZN4mqtt12make_messageENS_10buffer_refIcEES1_", "FFF Function: _ZN4mqtt10buffer_refIcEC2EOS1_", "FFF Function: _ZN4mqtt10buffer_refIcEC2EOS1_"]], [76, ["FFF Function: _ZN4mqtt10buffer_refIcEC2EONSt7__cxx1112basic_stringIcSt11char_traitsIcESaIcEEE", "FFF Function: _ZN4mqtt10buffer_refIcEC2EOS1_", "FFF Function: _ZN4mqtt10buffer_refIcEC2EOS1_", "FFF Function: _ZN4mqtt10buffer_refIcEC2EOS1_", "FFF Function: _ZN4mqtt10buffer_refIcEC2EOS1_"]], [76, ["FFF Function: _ZN4mqtt10buffer_refIcEC2EONSt7__cxx1112basic_stringIcSt11char_traitsIcESaIcEEE", "FFF Function: _ZN4mqtt10buffer_refIcEC2EOS1_", "FFF Function: _ZN4mqtt10buffer_refIcEC2EOS1_", "FFF Function: _ZN4mqtt10buffer_refIcEC2EOS1_", "FFF Function: _ZN4mqtt10buffer_refIcEC2EOS1_", "FFF Function: _ZN4mqtt7message12validate_qosEi"]], [76, ["FFF Function: _ZN4mqtt10buffer_refIcEC2EONSt7__cxx1112basic_stringIcSt11char_traitsIcESaIcEEE", "FFF Function: _ZN4mqtt10buffer_refIcEC2EOS1_", "FFF Function: _ZN4mqtt10buffer_refIcEC2EOS1_", "FFF Function: _ZN4mqtt10buffer_refIcEC2EOS1_", "FFF Function: _ZN4mqtt10buffer_refIcEC2EOS1_", "FFF Function: _ZNK4mqtt10buffer_refIcE5emptyEv"]], [76, ["FFF Function: _ZN4mqtt10buffer_refIcEC2EONSt7__cxx1112basic_stringIcSt11char_traitsIcESaIcEEE", "FFF Function: _ZN4mqtt10buffer_refIcEC2EOS1_", "FFF Function: _ZN4mqtt10buffer_refIcEC2EOS1_", "FFF Function: _ZN4mqtt10buffer_refIcEC2EOS1_", "FFF Function: _ZN4mqtt10buffer_refIcEC2EOS1_", "FFF Function: _ZNK4mqtt10buffer_refIcE5emptyEv", "FFF Function: _ZN4mqtt7message12validate_qosEi"]], [76, ["FFF Function: _ZN4mqtt10buffer_refIcEC2EONSt7__cxx1112basic_stringIcSt11char_traitsIcESaIcEEE", "FFF Function: _ZN4mqtt10buffer_refIcEC2EOS1_", "FFF Function: _ZN4mqtt10buffer_refIcEC2EOS1_", "FFF Function: _ZN4mqtt10buffer_refIcEC2EOS1_", "FFF Function: _ZN4mqtt7message12validate_qosEi"]], [76, ["FFF Function: _ZN4mqtt10buffer_refIcEC2EONSt7__cxx1112basic_stringIcSt11char_traitsIcESaIcEEE", "FFF Function: _ZN4mqtt10buffer_refIcEC2EOS1_", "FFF Function: _ZN4mqtt10buffer_refIcEC2EOS1_", "FFF Function: _ZN4mqtt10buffer_refIcEC2EOS1_", "FFF Function: _ZNK4mqtt10buffer_refIcE5emptyEv"]], [76, ["FFF Function: _ZN4mqtt10buffer_refIcEC2EONSt7__cxx1112basic_stringIcSt11char_traitsIcESaIcEEE", "FFF Function: _ZN4mqtt10buffer_refIcEC2EOS1_", "FFF Function: _ZN4mqtt10buffer_refIcEC2EOS1_", "FFF Function: _ZN4mqtt10buffer_refIcEC2EOS1_", "FFF Function: _ZNK4mqtt10buffer_refIcE5emptyEv", "FFF Function: _ZN4mqtt7message12validate_qosEi"]], [76, ["FFF Function: _ZN4mqtt10buffer_refIcEC2EONSt7__cxx1112basic_stringIcSt11char_traitsIcESaIcEEE", "FFF Function: _ZN4mqtt10buffer_refIcEC2EOS1_", "FFF Function: _ZN4mqtt10buffer_refIcEC2EOS1_", "FFF Function: _ZN4mqtt7message6createENS_10buffer_refIcEES2_", "FFF Function: _ZN4mqtt10buffer_refIcEC2EOS1_"]], [76, ["FFF Function: _ZN4mqtt10buffer_refIcEC2EONSt7__cxx1112basic_stringIcSt11char_traitsIcESaIcEEE", "FFF Function: _ZN4mqtt10buffer_refIcEC2EOS1_", "FFF Function: _ZN4mqtt10buffer_refIcEC2EOS1_", "FFF Function: _ZN4mqtt7message6createENS_10buffer_refIcEES2_", "FFF Function: _ZN4mqtt10buffer_refIcEC2EOS1_", "FFF Function: _ZN4mqtt10buffer_refIcEC2EOS1_"]], [76, ["FFF Function: _ZN4mqtt10buffer_refIcEC2EONSt7__cxx1112basic_stringIcSt11char_traitsIcESaIcEEE", "FFF Function: _ZN4mqtt10buffer_refIcEC2EOS1_", "FFF Function: _ZN4mqtt10buffer_refIcEC2EOS1_", "FFF Function: _ZN4mqtt7message6createENS_10buffer_refIcEES2_", "FFF Function: _ZN4mqtt10buffer_refIcEC2EOS1_", "FFF Function: _ZN4mqtt10buffer_refIcEC2EOS1_", "FFF Function: _ZN4mqtt7message12validate_qosEi"]], [76, ["FFF Function: _ZN4mqtt10buffer_refIcEC2EONSt7__cxx1112basic_stringIcSt11char_traitsIcESaIcEEE", "FFF Function: _ZN4mqtt10buffer_refIcEC2EOS1_", "FFF Function: _ZN4mqtt10buffer_refIcEC2EOS1_", "FFF Function: _ZN4mqtt7message6createENS_10buffer_refIcEES2_", "FFF Function: _ZN4mqtt10buffer_refIcEC2EOS1_", "FFF Function: _ZN4mqtt10buffer_refIcEC2EOS1_", "FFF Function: _ZNK4mqtt10buffer_refIcE5emptyEv"]], [76, ["FFF Function: _ZN4mqtt10buffer_refIcEC2EONSt7__cxx1112basic_stringIcSt11char_traitsIcESaIcEEE", "FFF Function: _ZN4mqtt10buffer_refIcEC2EOS1_", "FFF Function: _ZN4mqtt10buffer_refIcEC2EOS1_", "FFF Function: _ZN4mqtt7message6createENS_10buffer_refIcEES2_", "FFF Function: _ZN4mqtt10buffer_refIcEC2EOS1_", "FFF Function: _ZN4mqtt10buffer_refIcEC2EOS1_", "FFF Function: _ZNK4mqtt10buffer_refIcE5emptyEv", "FFF Function: _ZN4mqtt7message12validate_qosEi"]], [76, ["FFF Function: _ZN4mqtt10buffer_refIcEC2EONSt7__cxx1112basic_stringIcSt11char_traitsIcESaIcEEE", "FFF Function: _ZN4mqtt10buffer_refIcEC2EOS1_", "FFF Function: _ZN4mqtt10buffer_refIcEC2EOS1_", "FFF Function: _ZN4mqtt7message6createENS_10buffer_refIcEES2_", "FFF Function: _ZN4mqtt10buffer_refIcEC2EOS1_", "FFF Function: _ZN4mqtt7message12validate_qosEi"]], [76, ["FFF Function: _ZN4mqtt10buffer_refIcEC2EONSt7__cxx1112basic_stringIcSt11char_traitsIcESaIcEEE", "FFF Function: _ZN4mqtt10buffer_refIcEC2EOS1_", "FFF Function: _ZN4mqtt10buffer_refIcEC2EOS1_", "FFF Function: _ZN4mqtt7message6createENS_10buffer_refIcEES2_", "FFF Function: _ZN4mqtt10buffer_refIcEC2EOS1_", "FFF Function: _ZNK4mqtt10buffer_refIcE5emptyEv"]], [76, ["FFF Function: _ZN4mqtt10buffer_refIcEC2EONSt7__cxx1112basic_stringIcSt11char_traitsIcESaIcEEE", "FFF Function: _ZN4mqtt10buffer_refIcEC2EOS1_", "FFF Function: _ZN4mqtt10buffer_refIcEC2EOS1_", "FFF Function: _ZN4mqtt7message6createENS_10buffer_refIcEES2_", "FFF Function: _ZN4mqtt10buffer_refIcEC2EOS1_", "FFF Function: _ZNK4mqtt10buffer_refIcE5emptyEv", "FFF Function: _ZN4mqtt7message12validate_qosEi"]], [76, ["FFF Function: _ZN4mqtt10buffer_refIcEC2EONSt7__cxx1112basic_stringIcSt11char_traitsIcESaIcEEE", "FFF Function: _ZN4mqtt10buffer_refIcEC2EOS1_", "FFF Function: _ZN4mqtt10buffer_refIcEC2EOS1_", "FFF Function: _ZN4mqtt7message6createENS_10buffer_refIcEES2_", "FFF Function: _ZN4mqtt7message12validate_qosEi"]], [76, ["FFF Function: _ZN4mqtt10buffer_refIcEC2EONSt7__cxx1112basic_stringIcSt11char_traitsIcESaIcEEE", "FFF Function: _ZN4mqtt10buffer_refIcEC2EOS1_", "FFF Function: _ZN4mqtt10buffer_refIcEC2EOS1_", "FFF Function: _ZN4mqtt7message6createENS_10buffer_refIcEES2_", "FFF Function: _ZNK4mqtt10buffer_refIcE5emptyEv"]], [76, ["FFF Function: _ZN4mqtt10buffer_refIcEC2EONSt7__cxx1112basic_stringIcSt11char_traitsIcESaIcEEE", "FFF Function: _ZN4mqtt10buffer_refIcEC2EOS1_", "FFF Function: _ZN4mqtt10buffer_refIcEC2EOS1_", "FFF Function: _ZN4mqtt7message6createENS_10buffer_refIcEES2_", "FFF Function: _ZNK4mqtt10buffer_refIcE5emptyEv", "FFF Function: _ZN4mqtt7message12validate_qosEi"]], [76, ["FFF Function: _ZN4mqtt10buffer_refIcEC2EONSt7__cxx1112basic_stringIcSt11char_traitsIcESaIcEEE", "FFF Function: _ZN4mqtt10buffer_refIcEC2EOS1_", "FFF Function: _ZN4mqtt10buffer_refIcEC2EOS1_", "FFF Function: _ZNK4mqtt10buffer_refIcE5emptyEv", "FFF Function: _ZN4mqtt7message12validate_qosEi"]], [76, ["FFF Function: _ZN4mqtt10buffer_refIcEC2EONSt7__cxx1112basic_stringIcSt11char_traitsIcESaIcEEE", "FFF Function: _ZN4mqtt10buffer_refIcEC2EOS1_", "FFF Function: _ZN4mqtt7message6createENS_10buffer_refIcEES2_", "FFF Function: _ZN4mqtt10buffer_refIcEC2EOS1_", "FFF Function: _ZN4mqtt10buffer_refIcEC2EOS1_"]], [76, ["FFF Function: _ZN4mqtt10buffer_refIcEC2EONSt7__cxx1112basic_stringIcSt11char_traitsIcESaIcEEE", "FFF Function: _ZN4mqtt10buffer_refIcEC2EOS1_", "FFF Function: _ZN4mqtt7message6createENS_10buffer_refIcEES2_", "FFF Function: _ZN4mqtt10buffer_refIcEC2EOS1_", "FFF Function: _ZN4mqtt10buffer_refIcEC2EOS1_", "FFF Function: _ZN4mqtt7message12validate_qosEi"]], [76, ["FFF Function: _ZN4mqtt10buffer_refIcEC2EONSt7__cxx1112basic_stringIcSt11char_traitsIcESaIcEEE", "FFF Function: _ZN4mqtt10buffer_refIcEC2EOS1_", "FFF Function: _ZN4mqtt7message6createENS_10buffer_refIcEES2_", "FFF Function: _ZN4mqtt10buffer_refIcEC2EOS1_", "FFF Function: _ZN4mqtt10buffer_refIcEC2EOS1_", "FFF Function: _ZNK4mqtt10buffer_refIcE5emptyEv"]], [76, ["FFF Function: _ZN4mqtt10buffer_refIcEC2EONSt7__cxx1112basic_stringIcSt11char_traitsIcESaIcEEE", "FFF Function: _ZN4mqtt10buffer_refIcEC2EOS1_", "FFF Function: _ZN4mqtt7message6createENS_10buffer_refIcEES2_", "FFF Function: _ZN4mqtt10buffer_refIcEC2EOS1_", "FFF Function: _ZN4mqtt10buffer_refIcEC2EOS1_", "FFF Function: _ZNK4mqtt10buffer_refIcE5emptyEv", "FFF Function: _ZN4mqtt7message12validate_qosEi"]], [76, ["FFF Function: _ZN4mqtt10buffer_refIcEC2EONSt7__cxx1112basic_stringIcSt11char_traitsIcESaIcEEE", "FFF Function: _ZN4mqtt10buffer_refIcEC2EOS1_", "FFF Function: _ZN4mqtt7message6createENS_10buffer_refIcEES2_", "FFF Function: _ZN4mqtt10buffer_refIcEC2EOS1_", "FFF Function: _ZN4mqtt7message12validate_qosEi"]], [76, ["FFF Function: _ZN4mqtt10buffer_refIcEC2EONSt7__cxx1112basic_stringIcSt11char_traitsIcESaIcEEE", "FFF Function: _ZN4mqtt10buffer_refIcEC2EOS1_", "FFF Function: _ZN4mqtt7message6createENS_10buffer_refIcEES2_", "FFF Function: _ZN4mqtt10buffer_refIcEC2EOS1_", "FFF Function: _ZNK4mqtt10buffer_refIcE5emptyEv"]], [76, ["FFF Function: _ZN4mqtt10buffer_refIcEC2EONSt7__cxx1112basic_stringIcSt11char_traitsIcESaIcEEE", "FFF Function: _ZN4mqtt10buffer_refIcEC2EOS1_", "FFF Function: _ZN4mqtt7message6createENS_10buffer_refIcEES2_", "FFF Function: _ZN4mqtt10buffer_refIcEC2EOS1_", "FFF Function: _ZNK4mqtt10buffer_refIcE5emptyEv", "FFF Function: _ZN4mqtt7message12validate_qosEi"]], [76, ["FFF Function: _ZN4mqtt10buffer_refIcEC2EONSt7__cxx1112basic_stringIcSt11char_traitsIcESaIcEEE", "FFF Function: _ZN4mqtt10buffer_refIcEC2EOS1_", "FFF Function: _ZN4mqtt7message6createENS_10buffer_refIcEES2_", "FFF Function: _ZNK4mqtt10buffer_refIcE5emptyEv", "FFF Function: _ZN4mqtt7message12validate_qosEi"]], [76, ["FFF Function: _ZN4mqtt10buffer_refIcEC2EONSt7__cxx1112basic_stringIcSt11char_traitsIcESaIcEEE", "FFF Function: _ZN4mqtt12make_messageENS_10buffer_refIcEES1_", "FFF Function: _ZN4mqtt10buffer_refIcEC2EOS1_", "FFF Function: _ZN4mqtt10buffer_refIcEC2EOS1_", "FFF Function: _ZN4mqtt10buffer_refIcEC2EOS1_"]], [76, ["FFF Function: _ZN4mqtt10buffer_refIcEC2EONSt7__cxx1112basic_stringIcSt11char_traitsIcESaIcEEE", "FFF Function: _ZN4mqtt12make_messageENS_10buffer_refIcEES1_", "FFF Function: _ZN4mqtt10buffer_refIcEC2EOS1_", "FFF Function: _ZN4mqtt10buffer_refIcEC2EOS1_", "FFF Function: _ZN4mqtt10buffer_refIcEC2EOS1_", "FFF Function: _ZN4mqtt10buffer_refIcEC2EOS1_"]], [76, ["FFF Function: _ZN4mqtt10buffer_refIcEC2EONSt7__cxx1112basic_stringIcSt11char_traitsIcESaIcEEE", "FFF Function: _ZN4mqtt12make_messageENS_10buffer_refIcEES1_", "FFF Function: _ZN4mqtt10buffer_refIcEC2EOS1_", "FFF Function: _ZN4mqtt10buffer_refIcEC2EOS1_", "FFF Function: _ZN4mqtt10buffer_refIcEC2EOS1_", "FFF Function: _ZN4mqtt10buffer_refIcEC2EOS1_", "FFF Function: _ZN4mqtt7message12validate_qosEi"]], [76, ["FFF Function: _ZN4mqtt10buffer_refIcEC2EONSt7__cxx1112basic_stringIcSt11char_traitsIcESaIcEEE", "FFF Function: _ZN4mqtt12make_messageENS_10buffer_refIcEES1_", "FFF Function: _ZN4mqtt10buffer_refIcEC2EOS1_", "FFF Function: _ZN4mqtt10buffer_refIcEC2EOS1_", "FFF Function: _ZN4mqtt10buffer_refIcEC2EOS1_", "FFF Function: _ZN4mqtt10buffer_refIcEC2EOS1_", "FFF Function: _ZNK4mqtt10buffer_refIcE5emptyEv"]], [76, ["FFF Function: _ZN4mqtt10buffer_refIcEC2EONSt7__cxx1112basic_stringIcSt11char_traitsIcESaIcEEE", "FFF Function: _ZN4mqtt12make_messageENS_10buffer_refIcEES1_", "FFF Function: _ZN4mqtt10buffer_refIcEC2EOS1_", "FFF Function: _ZN4mqtt10buffer_refIcEC2EOS1_", "FFF Function: _ZN4mqtt10buffer_refIcEC2EOS1_", "FFF Function: _ZN4mqtt10buffer_refIcEC2EOS1_", "FFF Function: _ZNK4mqtt10buffer_refIcE5emptyEv", "FFF Function: _ZN4mqtt7message12validate_qosEi"]], [76, ["FFF Function: _ZN4mqtt10buffer_refIcEC2EONSt7__cxx1112basic_stringIcSt11char_traitsIcESaIcEEE", "FFF Function: _ZN4mqtt12make_messageENS_10buffer_refIcEES1_", "FFF Function: _ZN4mqtt10buffer_refIcEC2EOS1_", "FFF Function: _ZN4mqtt10buffer_refIcEC2EOS1_", "FFF Function: _ZN4mqtt10buffer_refIcEC2EOS1_", "FFF Function: _ZN4mqtt7message12validate_qosEi"]], [76, ["FFF Function: _ZN4mqtt10buffer_refIcEC2EONSt7__cxx1112basic_stringIcSt11char_traitsIcESaIcEEE", "FFF Function: _ZN4mqtt12make_messageENS_10buffer_refIcEES1_", "FFF Function: _ZN4mqtt10buffer_refIcEC2EOS1_", "FFF Function: _ZN4mqtt10buffer_refIcEC2EOS1_", "FFF Function: _ZN4mqtt10buffer_refIcEC2EOS1_", "FFF Function: _ZNK4mqtt10buffer_refIcE5emptyEv"]], [76, ["FFF Function: _ZN4mqtt10buffer_refIcEC2EONSt7__cxx1112basic_stringIcSt11char_traitsIcESaIcEEE", "FFF Function: _ZN4mqtt12make_messageENS_10buffer_refIcEES1_", "FFF Function: _ZN4mqtt10buffer_refIcEC2EOS1_", "FFF Function: _ZN4mqtt10buffer_refIcEC2EOS1_", "FFF Function: _ZN4mqtt10buffer_refIcEC2EOS1_", "FFF Function: _ZNK4mqtt10buffer_refIcE5emptyEv", "FFF Function: _ZN4mqtt7message12validate_qosEi"]], [76, ["FFF Function: _ZN4mqtt10buffer_refIcEC2EONSt7__cxx1112basic_stringIcSt11char_traitsIcESaIcEEE", "FFF Function: _ZN4mqtt12make_messageENS_10buffer_refIcEES1_", "FFF Function: _ZN4mqtt10buffer_refIcEC2EOS1_", "FFF Function: _ZN4mqtt10buffer_refIcEC2EOS1_", "FFF Function: _ZN4mqtt7message12validate_qosEi"]], [76, ["FFF Function: _ZN4mqtt10buffer_refIcEC2EONSt7__cxx1112basic_stringIcSt11char_traitsIcESaIcEEE", "FFF Function: _ZN4mqtt12make_messageENS_10buffer_refIcEES1_", "FFF Function: _ZN4mqtt10buffer_refIcEC2EOS1_", "FFF Function: _ZN4mqtt10buffer_refIcEC2EOS1_", "FFF Function: _ZN4mqtt7message6createENS_10buffer_refIcEES2_"]], [76, ["FFF Function: _ZN4mqtt10buffer_refIcEC2EONSt7__cxx1112basic_stringIcSt11char_traitsIcESaIcEEE", "FFF Function: _ZN4mqtt12make_messageENS_10buffer_refIcEES1_", "FFF Function: _ZN4mqtt10buffer_refIcEC2EOS1_", "FFF Function: _ZN4mqtt10buffer_refIcEC2EOS1_", "FFF Function: _ZN4mqtt7message6createENS_10buffer_refIcEES2_", "FFF Function: _ZN4mqtt10buffer_refIcEC2EOS1_"]], [76, ["FFF Function: _ZN4mqtt10buffer_refIcEC2EONSt7__cxx1112basic_stringIcSt11char_traitsIcESaIcEEE", "FFF Function: _ZN4mqtt12make_messageENS_10buffer_refIcEES1_", "FFF Function: _ZN4mqtt10buffer_refIcEC2EOS1_", "FFF Function: _ZN4mqtt10buffer_refIcEC2EOS1_", "FFF Function: _ZN4mqtt7message6createENS_10buffer_refIcEES2_", "FFF Function: _ZN4mqtt10buffer_refIcEC2EOS1_", "FFF Function: _ZN4mqtt10buffer_refIcEC2EOS1_"]], [76, ["FFF Function: _ZN4mqtt10buffer_refIcEC2EONSt7__cxx1112basic_stringIcSt11char_traitsIcESaIcEEE", "FFF Function: _ZN4mqtt12make_messageENS_10buffer_refIcEES1_", "FFF Function: _ZN4mqtt10buffer_refIcEC2EOS1_", "FFF Function: _ZN4mqtt10buffer_refIcEC2EOS1_", "FFF Function: _ZN4mqtt7message6createENS_10buffer_refIcEES2_", "FFF Function: _ZN4mqtt10buffer_refIcEC2EOS1_", "FFF Function: _ZN4mqtt10buffer_refIcEC2EOS1_", "FFF Function: _ZN4mqtt7message12validate_qosEi"]], [76, ["FFF Function: _ZN4mqtt10buffer_refIcEC2EONSt7__cxx1112basic_stringIcSt11char_traitsIcESaIcEEE", "FFF Function: _ZN4mqtt12make_messageENS_10buffer_refIcEES1_", "FFF Function: _ZN4mqtt10buffer_refIcEC2EOS1_", "FFF Function: _ZN4mqtt10buffer_refIcEC2EOS1_", "FFF Function: _ZN4mqtt7message6createENS_10buffer_refIcEES2_", "FFF Function: _ZN4mqtt10buffer_refIcEC2EOS1_", "FFF Function: _ZN4mqtt10buffer_refIcEC2EOS1_", "FFF Function: _ZNK4mqtt10buffer_refIcE5emptyEv"]], [76, ["FFF Function: _ZN4mqtt10buffer_refIcEC2EONSt7__cxx1112basic_stringIcSt11char_traitsIcESaIcEEE", "FFF Function: _ZN4mqtt12make_messageENS_10buffer_refIcEES1_", "FFF Function: _ZN4mqtt10buffer_refIcEC2EOS1_", "FFF Function: _ZN4mqtt10buffer_refIcEC2EOS1_", "FFF Function: _ZN4mqtt7message6createENS_10buffer_refIcEES2_", "FFF Function: _ZN4mqtt10buffer_refIcEC2EOS1_", "FFF Function: _ZN4mqtt10buffer_refIcEC2EOS1_", "FFF Function: _ZNK4mqtt10buffer_refIcE5emptyEv", "FFF Function: _ZN4mqtt7message12validate_qosEi"]], [76, ["FFF Function: _ZN4mqtt10buffer_refIcEC2EONSt7__cxx1112basic_stringIcSt11char_traitsIcESaIcEEE", "FFF Function: _ZN4mqtt12make_messageENS_10buffer_refIcEES1_", "FFF Function: _ZN4mqtt10buffer_refIcEC2EOS1_", "FFF Function: _ZN4mqtt10buffer_refIcEC2EOS1_", "FFF Function: _ZN4mqtt7message6createENS_10buffer_refIcEES2_", "FFF Function: _ZN4mqtt10buffer_refIcEC2EOS1_", "FFF Function: _ZN4mqtt7message12validate_qosEi"]], [76, ["FFF Function: _ZN4mqtt10buffer_refIcEC2EONSt7__cxx1112basic_stringIcSt11char_traitsIcESaIcEEE", "FFF Function: _ZN4mqtt12make_messageENS_10buffer_refIcEES1_", "FFF Function: _ZN4mqtt10buffer_refIcEC2EOS1_", "FFF Function: _ZN4mqtt10buffer_refIcEC2EOS1_", "FFF Function: _ZN4mqtt7message6createENS_10buffer_refIcEES2_", "FFF Function: _ZN4mqtt10buffer_refIcEC2EOS1_", "FFF Function: _ZNK4mqtt10buffer_refIcE5emptyEv"]], [76, ["FFF Function: _ZN4mqtt10buffer_refIcEC2EONSt7__cxx1112basic_stringIcSt11char_traitsIcESaIcEEE", "FFF Function: _ZN4mqtt12make_messageENS_10buffer_refIcEES1_", "FFF Function: _ZN4mqtt10buffer_refIcEC2EOS1_", "FFF Function: _ZN4mqtt10buffer_refIcEC2EOS1_", "FFF Function: _ZN4mqtt7message6createENS_10buffer_refIcEES2_", "FFF Function: _ZN4mqtt10buffer_refIcEC2EOS1_", "FFF Function: _ZNK4mqtt10buffer_refIcE5emptyEv", "FFF Function: _ZN4mqtt7message12validate_qosEi"]], [76, ["FFF Function: _ZN4mqtt10buffer_refIcEC2EONSt7__cxx1112basic_stringIcSt11char_traitsIcESaIcEEE", "FFF Function: _ZN4mqtt12make_messageENS_10buffer_refIcEES1_", "FFF Function: _ZN4mqtt10buffer_refIcEC2EOS1_", "FFF Function: _ZN4mqtt10buffer_refIcEC2EOS1_", "FFF Function: _ZN4mqtt7message6createENS_10buffer_refIcEES2_", "FFF Function: _ZN4mqtt7message12validate_qosEi"]], [76, ["FFF Function: _ZN4mqtt10buffer_refIcEC2EONSt7__cxx1112basic_stringIcSt11char_traitsIcESaIcEEE", "FFF Function: _ZN4mqtt12make_messageENS_10buffer_refIcEES1_", "FFF Function: _ZN4mqtt10buffer_refIcEC2EOS1_", "FFF Function: _ZN4mqtt10buffer_refIcEC2EOS1_", "FFF Function: _ZN4mqtt7message6createENS_10buffer_refIcEES2_", "FFF Function: _ZNK4mqtt10buffer_refIcE5emptyEv"]], [76, ["FFF Function: _ZN4mqtt10buffer_refIcEC2EONSt7__cxx1112basic_stringIcSt11char_traitsIcESaIcEEE", "FFF Function: _ZN4mqtt12make_messageENS_10buffer_refIcEES1_", "FFF Function: _ZN4mqtt10buffer_refIcEC2EOS1_", "FFF Function: _ZN4mqtt10buffer_refIcEC2EOS1_", "FFF Function: _ZN4mqtt7message6createENS_10buffer_refIcEES2_", "FFF Function: _ZNK4mqtt10buffer_refIcE5emptyEv", "FFF Function: _ZN4mqtt7message12validate_qosEi"]], [76, ["FFF Function: _ZN4mqtt10buffer_refIcEC2EONSt7__cxx1112basic_stringIcSt11char_traitsIcESaIcEEE", "FFF Function: _ZN4mqtt12make_messageENS_10buffer_refIcEES1_", "FFF Function: _ZN4mqtt10buffer_refIcEC2EOS1_", "FFF Function: _ZN4mqtt10buffer_refIcEC2EOS1_", "FFF Function: _ZNK4mqtt10buffer_refIcE5emptyEv"]], [76, ["FFF Function: _ZN4mqtt10buffer_refIcEC2EONSt7__cxx1112basic_stringIcSt11char_traitsIcESaIcEEE", "FFF Function: _ZN4mqtt12make_messageENS_10buffer_refIcEES1_", "FFF Function: _ZN4mqtt10buffer_refIcEC2EOS1_", "FFF Function: _ZN4mqtt10buffer_refIcEC2EOS1_", "FFF Function: _ZNK4mqtt10buffer_refIcE5emptyEv", "FFF Function: _ZN4mqtt7message12validate_qosEi"]], [76, ["FFF Function: _ZN4mqtt10buffer_refIcEC2EONSt7__cxx1112basic_stringIcSt11char_traitsIcESaIcEEE", "FFF Function: _ZN4mqtt12make_messageENS_10buffer_refIcEES1_", "FFF Function: _ZN4mqtt10buffer_refIcEC2EOS1_", "FFF Function: _ZN4mqtt7message6createENS_10buffer_refIcEES2_", "FFF Function: _ZN4mqtt10buffer_refIcEC2EOS1_"]], [76, ["FFF Function: _ZN4mqtt10buffer_refIcEC2EONSt7__cxx1112basic_stringIcSt11char_traitsIcESaIcEEE", "FFF Function: _ZN4mqtt12make_messageENS_10buffer_refIcEES1_", "FFF Function: _ZN4mqtt10buffer_refIcEC2EOS1_", "FFF Function: _ZN4mqtt7message6createENS_10buffer_refIcEES2_", "FFF Function: _ZN4mqtt10buffer_refIcEC2EOS1_", "FFF Function: _ZN4mqtt10buffer_refIcEC2EOS1_"]], [76, ["FFF Function: _ZN4mqtt10buffer_refIcEC2EONSt7__cxx1112basic_stringIcSt11char_traitsIcESaIcEEE", "FFF Function: _ZN4mqtt12make_messageENS_10buffer_refIcEES1_", "FFF Function: _ZN4mqtt10buffer_refIcEC2EOS1_", "FFF Function: _ZN4mqtt7message6createENS_10buffer_refIcEES2_", "FFF Function: _ZN4mqtt10buffer_refIcEC2EOS1_", "FFF Function: _ZN4mqtt10buffer_refIcEC2EOS1_", "FFF Function: _ZN4mqtt7message12validate_qosEi"]], [76, ["FFF Function: _ZN4mqtt10buffer_refIcEC2EONSt7__cxx1112basic_stringIcSt11char_traitsIcESaIcEEE", "FFF Function: _ZN4mqtt12make_messageENS_10buffer_refIcEES1_", "FFF Function: _ZN4mqtt10buffer_refIcEC2EOS1_", "FFF Function: _ZN4mqtt7message6createENS_10buffer_refIcEES2_", "FFF Function: _ZN4mqtt10buffer_refIcEC2EOS1_", "FFF Function: _ZN4mqtt10buffer_refIcEC2EOS1_", "FFF Function: _ZNK4mqtt10buffer_refIcE5emptyEv"]], [76, ["FFF Function: _ZN4mqtt10buffer_refIcEC2EONSt7__cxx1112basic_stringIcSt11char_traitsIcESaIcEEE", "FFF Function: _ZN4mqtt12make_messageENS_10buffer_refIcEES1_", "FFF Function: _ZN4mqtt10buffer_refIcEC2EOS1_", "FFF Function: _ZN4mqtt7message6createENS_10buffer_refIcEES2_", "FFF Function: _ZN4mqtt10buffer_refIcEC2EOS1_", "FFF Function: _ZN4mqtt10buffer_refIcEC2EOS1_", "FFF Function: _ZNK4mqtt10buffer_refIcE5emptyEv", "FFF Function: _ZN4mqtt7message12validate_qosEi"]], [76, ["FFF Function: _ZN4mqtt10buffer_refIcEC2EONSt7__cxx1112basic_stringIcSt11char_traitsIcESaIcEEE", "FFF Function: _ZN4mqtt12make_messageENS_10buffer_refIcEES1_", "FFF Function: _ZN4mqtt10buffer_refIcEC2EOS1_", "FFF Function: _ZN4mqtt7message6createENS_10buffer_refIcEES2_", "FFF Function: _ZN4mqtt10buffer_refIcEC2EOS1_", "FFF Function: _ZN4mqtt7message12validate_qosEi"]], [76, ["FFF Function: _ZN4mqtt10buffer_refIcEC2EONSt7__cxx1112basic_stringIcSt11char_traitsIcESaIcEEE", "FFF Function: _ZN4mqtt12make_messageENS_10buffer_refIcEES1_", "FFF Function: _ZN4mqtt10buffer_refIcEC2EOS1_", "FFF Function: _ZN4mqtt7message6createENS_10buffer_refIcEES2_", "FFF Function: _ZN4mqtt10buffer_refIcEC2EOS1_", "FFF Function: _ZNK4mqtt10buffer_refIcE5emptyEv"]], [76, ["FFF Function: _ZN4mqtt10buffer_refIcEC2EONSt7__cxx1112basic_stringIcSt11char_traitsIcESaIcEEE", "FFF Function: _ZN4mqtt12make_messageENS_10buffer_refIcEES1_", "FFF Function: _ZN4mqtt10buffer_refIcEC2EOS1_", "FFF Function: _ZN4mqtt7message6createENS_10buffer_refIcEES2_", "FFF Function: _ZN4mqtt10buffer_refIcEC2EOS1_", "FFF Function: _ZNK4mqtt10buffer_refIcE5emptyEv", "FFF Function: _ZN4mqtt7message12validate_qosEi"]], [76, ["FFF Function: _ZN4mqtt10buffer_refIcEC2EONSt7__cxx1112basic_stringIcSt11char_traitsIcESaIcEEE", "FFF Function: _ZN4mqtt12make_messageENS_10buffer_refIcEES1_", "FFF Function: _ZN4mqtt10buffer_refIcEC2EOS1_", "FFF Function: _ZN4mqtt7message6createENS_10buffer_refIcEES2_", "FFF Function: _ZN4mqtt7message12validate_qosEi"]], [76, ["FFF Function: _ZN4mqtt10buffer_refIcEC2EONSt7__cxx1112basic_stringIcSt11char_traitsIcESaIcEEE", "FFF Function: _ZN4mqtt12make_messageENS_10buffer_refIcEES1_", "FFF Function: _ZN4mqtt10buffer_refIcEC2EOS1_", "FFF Function: _ZN4mqtt7message6createENS_10buffer_refIcEES2_", "FFF Function: _ZNK4mqtt10buffer_refIcE5emptyEv"]], [76, ["FFF Function: _ZN4mqtt10buffer_refIcEC2EONSt7__cxx1112basic_stringIcSt11char_traitsIcESaIcEEE", "FFF Function: _ZN4mqtt12make_messageENS_10buffer_refIcEES1_", "FFF Function: _ZN4mqtt10buffer_refIcEC2EOS1_", "FFF Function: _ZN4mqtt7message6createENS_10buffer_refIcEES2_", "FFF Function: _ZNK4mqtt10buffer_refIcE5emptyEv", "FFF Function: _ZN4mqtt7message12validate_qosEi"]], [76, ["FFF Function: _ZN4mqtt10buffer_refIcEC2EONSt7__cxx1112basic_stringIcSt11char_traitsIcESaIcEEE", "FFF Function: _ZN4mqtt12make_messageENS_10buffer_refIcEES1_", "FFF Function: _ZN4mqtt10buffer_refIcEC2EOS1_", "FFF Function: _ZNK4mqtt10buffer_refIcE5emptyEv", "FFF Function: _ZN4mqtt7message12validate_qosEi"]], [76, ["FFF Function: _ZN4mqtt10buffer_refIcEC2EONSt7__cxx1112basic_stringIcSt11char_traitsIcESaIcEEE", "FFF Function: _ZN4mqtt12make_messageENS_10buffer_refIcEES1_", "FFF Function: _ZN4mqtt7message6createENS_10buffer_refIcEES2_", "FFF Function: _ZN4mqtt10buffer_refIcEC2EOS1_", "FFF Function: _ZN4mqtt10buffer_refIcEC2EOS1_"]], [76, ["FFF Function: _ZN4mqtt10buffer_refIcEC2EONSt7__cxx1112basic_stringIcSt11char_traitsIcESaIcEEE", "FFF Function: _ZN4mqtt12make_messageENS_10buffer_refIcEES1_", "FFF Function: _ZN4mqtt7message6createENS_10buffer_refIcEES2_", "FFF Function: _ZN4mqtt10buffer_refIcEC2EOS1_", "FFF Function: _ZN4mqtt10buffer_refIcEC2EOS1_", "FFF Function: _ZN4mqtt7message12validate_qosEi"]], [76, ["FFF Function: _ZN4mqtt10buffer_refIcEC2EONSt7__cxx1112basic_stringIcSt11char_traitsIcESaIcEEE", "FFF Function: _ZN4mqtt12make_messageENS_10buffer_refIcEES1_", "FFF Function: _ZN4mqtt7message6createENS_10buffer_refIcEES2_", "FFF Function: _ZN4mqtt10buffer_refIcEC2EOS1_", "FFF Function: _ZN4mqtt10buffer_refIcEC2EOS1_", "FFF Function: _ZNK4mqtt10buffer_refIcE5emptyEv"]], [76, ["FFF Function: _ZN4mqtt10buffer_refIcEC2EONSt7__cxx1112basic_stringIcSt11char_traitsIcESaIcEEE", "FFF Function: _ZN4mqtt12make_messageENS_10buffer_refIcEES1_", "FFF Function: _ZN4mqtt7message6createENS_10buffer_refIcEES2_", "FFF Function: _ZN4mqtt10buffer_refIcEC2EOS1_", "FFF Function: _ZN4mqtt10buffer_refIcEC2EOS1_", "FFF Function: _ZNK4mqtt10buffer_refIcE5emptyEv", "FFF Function: _ZN4mqtt7message12validate_qosEi"]], [76, ["FFF Function: _ZN4mqtt10buffer_refIcEC2EONSt7__cxx1112basic_stringIcSt11char_traitsIcESaIcEEE", "FFF Function: _ZN4mqtt12make_messageENS_10buffer_refIcEES1_", "FFF Function: _ZN4mqtt7message6createENS_10buffer_refIcEES2_", "FFF Function: _ZN4mqtt10buffer_refIcEC2EOS1_", "FFF Function: _ZN4mqtt7message12validate_qosEi"]], [76, ["FFF Function: _ZN4mqtt10buffer_refIcEC2EONSt7__cxx1112basic_stringIcSt11char_traitsIcESaIcEEE", "FFF Function: _ZN4mqtt12make_messageENS_10buffer_refIcEES1_", "FFF Function: _ZN4mqtt7message6createENS_10buffer_refIcEES2_", "FFF Function: _ZN4mqtt10buffer_refIcEC2EOS1_", "FFF Function: _ZNK4mqtt10buffer_refIcE5emptyEv"]], [76, ["FFF Function: _ZN4mqtt10buffer_refIcEC2EONSt7__cxx1112basic_stringIcSt11char_traitsIcESaIcEEE", "FFF Function: _ZN4mqtt12make_messageENS_10buffer_refIcEES1_", "FFF Function: _ZN4mqtt7message6createENS_10buffer_refIcEES2_", "FFF Function: _ZN4mqtt10buffer_refIcEC2EOS1_", "FFF Function: _ZNK4mqtt10buffer_refIcE5emptyEv", "FFF Function: _ZN4mqtt7message12validate_qosEi"]], [76, ["FFF Function: _ZN4mqtt10buffer_refIcEC2EONSt7__cxx1112basic_stringIcSt11char_traitsIcESaIcEEE", "FFF Function: _ZN4mqtt12make_messageENS_10buffer_refIcEES1_", "FFF Function: _ZN4mqtt7message6createENS_10buffer_refIcEES2_", "FFF Function: _ZNK4mqtt10buffer_refIcE5emptyEv", "FFF Function: _ZN4mqtt7message12validate_qosEi"]], [76, ["FFF Function: _ZN4mqtt10buffer_refIcEC2EONSt7__cxx1112basic_stringIcSt11char_traitsIcESaIcEEE", "FFF Function: _ZN4mqtt7message6createENS_10buffer_refIcEES2_", "FFF Function: _ZN4mqtt10buffer_refIcEC2EOS1_", "FFF Function: _ZN4mqtt10buffer_refIcEC2EOS1_", "FFF Function: _ZN4mqtt7message12validate_qosEi"]], [76, ["FFF Function: _ZN4mqtt10buffer_refIcEC2EONSt7__cxx1112basic_stringIcSt11char_traitsIcESaIcEEE", "FFF Function: _ZN4mqtt7message6createENS_10buffer_refIcEES2_", "FFF Function: _ZN4mqtt10buffer_refIcEC2EOS1_", "FFF Function: _ZN4mqtt10buffer_refIcEC2EOS1_", "FFF Function: _ZNK4mqtt10buffer_refIcE5emptyEv"]], [76, ["FFF Function: _ZN4mqtt10buffer_refIcEC2EONSt7__cxx1112basic_stringIcSt11char_traitsIcESaIcEEE", "FFF Function: _ZN4mqtt7message6createENS_10buffer_refIcEES2_", "FFF Function: _ZN4mqtt10buffer_refIcEC2EOS1_", "FFF Function: _ZN4mqtt10buffer_refIcEC2EOS1_", "FFF Function: _ZNK4mqtt10buffer_refIcE5emptyEv", "FFF Function: _ZN4mqtt7message12validate_qosEi"]], [76, ["FFF Function: _ZN4mqtt10buffer_refIcEC2EONSt7__cxx1112basic_stringIcSt11char_traitsIcESaIcEEE", "FFF Function: _ZN4mqtt7message6createENS_10buffer_refIcEES2_", "FFF Function: _ZN4mqtt10buffer_refIcEC2EOS1_", "FFF Function: _ZNK4mqtt10buffer_refIcE5emptyEv", "FFF Function: _ZN4mqtt7message12validate_qosEi"]], [76, ["FFF Function: _ZN4mqtt10buffer_refIcEC2EOS1_", "FFF Function: _ZN4mqtt10buffer_refIcEC2EOS1_", "FFF Function: _ZN4mqtt7message6createENS_10buffer_refIcEES2_", "FFF Function: _ZN4mqtt10buffer_refIcEC2EOS1_", "FFF Function: _ZN4mqtt10buffer_refIcEC2EOS1_"]], [76, ["FFF Function: _ZN4mqtt10buffer_refIcEC2EOS1_", "FFF Function: _ZN4mqtt10buffer_refIcEC2EOS1_", "FFF Function: _ZN4mqtt7message6createENS_10buffer_refIcEES2_", "FFF Function: _ZN4mqtt10buffer_refIcEC2EOS1_", "FFF Function: _ZN4mqtt10buffer_refIcEC2EOS1_", "FFF Function: _ZNK4mqtt10buffer_refIcE5emptyEv"]], [76, ["FFF Function: _ZN4mqtt12make_messageENS_10buffer_refIcEES1_", "FFF Function: _ZN4mqtt10buffer_refIcEC2EOS1_", "FFF Function: _ZN4mqtt10buffer_refIcEC2EOS1_", "FFF Function: _ZN4mqtt10buffer_refIcEC2EOS1_", "FFF Function: _ZN4mqtt10buffer_refIcEC2EOS1_"]], [76, ["FFF Function: _ZN4mqtt12make_messageENS_10buffer_refIcEES1_", "FFF Function: _ZN4mqtt10buffer_refIcEC2EOS1_", "FFF Function: _ZN4mqtt10buffer_refIcEC2EOS1_", "FFF Function: _ZN4mqtt10buffer_refIcEC2EOS1_", "FFF Function: _ZN4mqtt10buffer_refIcEC2EOS1_", "FFF Function: _ZN4mqtt7message12validate_qosEi"]], [76, ["FFF Function: _ZN4mqtt12make_messageENS_10buffer_refIcEES1_", "FFF Function: _ZN4mqtt10buffer_refIcEC2EOS1_", "FFF Function: _ZN4mqtt10buffer_refIcEC2EOS1_", "FFF Function: _ZN4mqtt10buffer_refIcEC2EOS1_", "FFF Function: _ZN4mqtt10buffer_refIcEC2EOS1_", "FFF Function: _ZNK4mqtt10buffer_refIcE5emptyEv"]], [76, ["FFF Function: _ZN4mqtt12make_messageENS_10buffer_refIcEES1_", "FFF Function: _ZN4mqtt10buffer_refIcEC2EOS1_", "FFF Function: _ZN4mqtt10buffer_refIcEC2EOS1_", "FFF Function: _ZN4mqtt10buffer_refIcEC2EOS1_", "FFF Function: _ZN4mqtt10buffer_refIcEC2EOS1_", "FFF Function: _ZNK4mqtt10buffer_refIcE5emptyEv", "FFF Function: _ZN4mqtt7message12validate_qosEi"]], [76, ["FFF Function: _ZN4mqtt12make_messageENS_10buffer_refIcEES1_", "FFF Function: _ZN4mqtt10buffer_refIcEC2EOS1_", "FFF Function: _ZN4mqtt10buffer_refIcEC2EOS1_", "FFF Function: _ZN4mqtt10buffer_refIcEC2EOS1_", "FFF Function: _ZN4mqtt7message12validate_qosEi"]], [76, ["FFF Function: _ZN4mqtt12make_messageENS_10buffer_refIcEES1_", "FFF Function: _ZN4mqtt10buffer_refIcEC2EOS1_", "FFF Function: _ZN4mqtt10buffer_refIcEC2EOS1_", "FFF Function: _ZN4mqtt10buffer_refIcEC2EOS1_", "FFF Function: _ZNK4mqtt10buffer_refIcE5emptyEv"]], [76, ["FFF Function: _ZN4mqtt12make_messageENS_10buffer_refIcEES1_", "FFF Function: _ZN4mqtt10buffer_refIcEC2EOS1_", "FFF Function: _ZN4mqtt10buffer_refIcEC2EOS1_", "FFF Function: _ZN4mqtt10buffer_refIcEC2EOS1_", "FFF Function: _ZNK4mqtt10buffer_refIcE5emptyEv", "FFF Function: _ZN4mqtt7message12validate_qosEi"]], [76, ["FFF Function: _ZN4mqtt12make_messageENS_10buffer_refIcEES1_", "FFF Function: _ZN4mqtt10buffer_refIcEC2EOS1_", "FFF Function: _ZN4mqtt10buffer_refIcEC2EOS1_", "FFF Function: _ZN4mqtt7message6createENS_10buffer_refIcEES2_", "FFF Function: _ZN4mqtt10buffer_refIcEC2EOS1_"]], [76, ["FFF Function: _ZN4mqtt12make_messageENS_10buffer_refIcEES1_", "FFF Function: _ZN4mqtt10buffer_refIcEC2EOS1_", "FFF Function: _ZN4mqtt10buffer_refIcEC2EOS1_", "FFF Function: _ZN4mqtt7message6createENS_10buffer_refIcEES2_", "FFF Function: _ZN4mqtt10buffer_refIcEC2EOS1_", "FFF Function: _ZN4mqtt10buffer_refIcEC2EOS1_"]], [76, ["FFF Function: _ZN4mqtt12make_messageENS_10buffer_refIcEES1_", "FFF Function: _ZN4mqtt10buffer_refIcEC2EOS1_", "FFF Function: _ZN4mqtt10buffer_refIcEC2EOS1_", "FFF Function: _ZN4mqtt7message6createENS_10buffer_refIcEES2_", "FFF Function: _ZN4mqtt10buffer_refIcEC2EOS1_", "FFF Function: _ZN4mqtt10buffer_refIcEC2EOS1_", "FFF Function: _ZN4mqtt7message12validate_qosEi"]], [76, ["FFF Function: _ZN4mqtt12make_messageENS_10buffer_refIcEES1_", "FFF Function: _ZN4mqtt10buffer_refIcEC2EOS1_", "FFF Function: _ZN4mqtt10buffer_refIcEC2EOS1_", "FFF Function: _ZN4mqtt7message6createENS_10buffer_refIcEES2_", "FFF Function: _ZN4mqtt10buffer_refIcEC2EOS1_", "FFF Function: _ZN4mqtt10buffer_refIcEC2EOS1_", "FFF Function: _ZNK4mqtt10buffer_refIcE5emptyEv"]], [76, ["FFF Function: _ZN4mqtt12make_messageENS_10buffer_refIcEES1_", "FFF Function: _ZN4mqtt10buffer_refIcEC2EOS1_", "FFF Function: _ZN4mqtt10buffer_refIcEC2EOS1_", "FFF Function: _ZN4mqtt7message6createENS_10buffer_refIcEES2_", "FFF Function: _ZN4mqtt10buffer_refIcEC2EOS1_", "FFF Function: _ZN4mqtt10buffer_refIcEC2EOS1_", "FFF Function: _ZNK4mqtt10buffer_refIcE5emptyEv", "FFF Function: _ZN4mqtt7message12validate_qosEi"]], [76, ["FFF Function: _ZN4mqtt12make_messageENS_10buffer_refIcEES1_", "FFF Function: _ZN4mqtt10buffer_refIcEC2EOS1_", "FFF Function: _ZN4mqtt10buffer_refIcEC2EOS1_", "FFF Function: _ZN4mqtt7message6createENS_10buffer_refIcEES2_", "FFF Function: _ZN4mqtt10buffer_refIcEC2EOS1_", "FFF Function: _ZN4mqtt7message12validate_qosEi"]], [76, ["FFF Function: _ZN4mqtt12make_messageENS_10buffer_refIcEES1_", "FFF Function: _ZN4mqtt10buffer_refIcEC2EOS1_", "FFF Function: _ZN4mqtt10buffer_refIcEC2EOS1_", "FFF Function: _ZN4mqtt7message6createENS_10buffer_refIcEES2_", "FFF Function: _ZN4mqtt10buffer_refIcEC2EOS1_", "FFF Function: _ZNK4mqtt10buffer_refIcE5emptyEv"]], [76, ["FFF Function: _ZN4mqtt12make_messageENS_10buffer_refIcEES1_", "FFF Function: _ZN4mqtt10buffer_refIcEC2EOS1_", "FFF Function: _ZN4mqtt10buffer_refIcEC2EOS1_", "FFF Function: _ZN4mqtt7message6createENS_10buffer_refIcEES2_", "FFF Function: _ZN4mqtt10buffer_refIcEC2EOS1_", "FFF Function: _ZNK4mqtt10buffer_refIcE5emptyEv", "FFF Function: _ZN4mqtt7message12validate_qosEi"]], [76, ["FFF Function: _ZN4mqtt12make_messageENS_10buffer_refIcEES1_", "FFF Function: _ZN4mqtt10buffer_refIcEC2EOS1_", "FFF Function: _ZN4mqtt10buffer_refIcEC2EOS1_", "FFF Function: _ZN4mqtt7message6createENS_10buffer_refIcEES2_", "FFF Function: _ZN4mqtt7message12validate_qosEi"]], [76, ["FFF Function: _ZN4mqtt12make_messageENS_10buffer_refIcEES1_", "FFF Function: _ZN4mqtt10buffer_refIcEC2EOS1_", "FFF Function: _ZN4mqtt10buffer_refIcEC2EOS1_", "FFF Function: _ZN4mqtt7message6createENS_10buffer_refIcEES2_", "FFF Function: _ZNK4mqtt10buffer_refIcE5emptyEv"]], [76, ["FFF Function: _ZN4mqtt12make_messageENS_10buffer_refIcEES1_", "FFF Function: _ZN4mqtt10buffer_refIcEC2EOS1_", "FFF Function: _ZN4mqtt10buffer_refIcEC2EOS1_", "FFF Function: _ZN4mqtt7message6createENS_10buffer_refIcEES2_", "FFF Function: _ZNK4mqtt10buffer_refIcE5emptyEv", "FFF Function: _ZN4mqtt7message12validate_qosEi"]], [76, ["FFF Function: _ZN4mqtt12make_messageENS_10buffer_refIcEES1_", "FFF Function: _ZN4mqtt10buffer_refIcEC2EOS1_", "FFF Function: _ZN4mqtt10buffer_refIcEC2EOS1_", "FFF Function: _ZNK4mqtt10buffer_refIcE5emptyEv", "FFF Function: _ZN4mqtt7message12validate_qosEi"]], [76, ["FFF Function: _ZN4mqtt12make_messageENS_10buffer_refIcEES1_", "FFF Function: _ZN4mqtt10buffer_refIcEC2EOS1_", "FFF Function: _ZN4mqtt7message6createENS_10buffer_refIcEES2_", "FFF Function: _ZN4mqtt10buffer_refIcEC2EOS1_", "FFF Function: _ZN4mqtt10buffer_refIcEC2EOS1_"]], [76, ["FFF Function: _ZN4mqtt12make_messageENS_10buffer_refIcEES1_", "FFF Function: _ZN4mqtt10buffer_refIcEC2EOS1_", "FFF Function: _ZN4mqtt7message6createENS_10buffer_refIcEES2_", "FFF Function: _ZN4mqtt10buffer_refIcEC2EOS1_", "FFF Function: _ZN4mqtt10buffer_refIcEC2EOS1_", "FFF Function: _ZN4mqtt7message12validate_qosEi"]], [76, ["FFF Function: _ZN4mqtt12make_messageENS_10buffer_refIcEES1_", "FFF Function: _ZN4mqtt10buffer_refIcEC2EOS1_", "FFF Function: _ZN4mqtt7message6createENS_10buffer_refIcEES2_", "FFF Function: _ZN4mqtt10buffer_refIcEC2EOS1_", "FFF Function: _ZN4mqtt10buffer_refIcEC2EOS1_", "FFF Function: _ZNK4mqtt10buffer_refIcE5emptyEv"]], [76, ["FFF Function: _ZN4mqtt12make_messageENS_10buffer_refIcEES1_", "FFF Function: _ZN4mqtt10buffer_refIcEC2EOS1_", "FFF Function: _ZN4mqtt7message6createENS_10buffer_refIcEES2_", "FFF Function: _ZN4mqtt10buffer_refIcEC2EOS1_", "FFF Function: _ZN4mqtt10buffer_refIcEC2EOS1_", "FFF Function: _ZNK4mqtt10buffer_refIcE5emptyEv", "FFF Function: _ZN4mqtt7message12validate_qosEi"]], [76, ["FFF Function: _ZN4mqtt12make_messageENS_10buffer_refIcEES1_", "FFF Function: _ZN4mqtt10buffer_refIcEC2EOS1_", "FFF Function: _ZN4mqtt7message6createENS_10buffer_refIcEES2_", "FFF Function: _ZN4mqtt10buffer_refIcEC2EOS1_", "FFF Function: _ZN4mqtt7message12validate_qosEi"]], [76, ["FFF Function: _ZN4mqtt12make_messageENS_10buffer_refIcEES1_", "FFF Function: _ZN4mqtt10buffer_refIcEC2EOS1_", "FFF Function: _ZN4mqtt7message6createENS_10buffer_refIcEES2_", "FFF Function: _ZN4mqtt10buffer_refIcEC2EOS1_", "FFF Function: _ZNK4mqtt10buffer_refIcE5emptyEv"]], [76, ["FFF Function: _ZN4mqtt12make_messageENS_10buffer_refIcEES1_", "FFF Function: _ZN4mqtt10buffer_refIcEC2EOS1_", "FFF Function: _ZN4mqtt7message6createENS_10buffer_refIcEES2_", "FFF Function: _ZN4mqtt10buffer_refIcEC2EOS1_", "FFF Function: _ZNK4mqtt10buffer_refIcE5emptyEv", "FFF Function: _ZN4mqtt7message12validate_qosEi"]], [76, ["FFF Function: _ZN4mqtt12make_messageENS_10buffer_refIcEES1_", "FFF Function: _ZN4mqtt10buffer_refIcEC2EOS1_", "FFF Function: _ZN4mqtt7message6createENS_10buffer_refIcEES2_", "FFF Function: _ZNK4mqtt10buffer_refIcE5emptyEv", "FFF Function: _ZN4mqtt7message12validate_qosEi"]], [76, ["FFF Function: _ZN4mqtt12make_messageENS_10buffer_refIcEES1_", "FFF Function: _ZN4mqtt7message6createENS_10buffer_refIcEES2_", "FFF Function: _ZN4mqtt10buffer_refIcEC2EOS1_", "FFF Function: _ZN4mqtt10buffer_refIcEC2EOS1_", "FFF Function: _ZN4mqtt7message12validate_qosEi"]], [76, ["FFF Function: _ZN4mqtt12make_messageENS_10buffer_refIcEES1_", "FFF Function: _ZN4mqtt7message6createENS_10buffer_refIcEES2_", "FFF Function: _ZN4mqtt10buffer_refIcEC2EOS1_", "FFF Function: _ZN4mqtt10buffer_refIcEC2EOS1_", "FFF Function: _ZNK4mqtt10buffer_refIcE5emptyEv"]], [76, ["FFF Function: _ZN4mqtt12make_messageENS_10buffer_refIcEES1_", "FFF Function: _ZN4mqtt7message6createENS_10buffer_refIcEES2_", "FFF Function: _ZN4mqtt10buffer_refIcEC2EOS1_", "FFF Function: _ZN4mqtt10buffer_refIcEC2EOS1_", "FFF Function: _ZNK4mqtt10buffer_refIcE5emptyEv", "FFF Function: _ZN4mqtt7message12validate_qosEi"]], [76, ["FFF Function: _ZN4mqtt12make_messageENS_10buffer_refIcEES1_", "FFF Function: _ZN4mqtt7message6createENS_10buffer_refIcEES2_", "FFF Function: _ZN4mqtt10buffer_refIcEC2EOS1_", "FFF Function: _ZNK4mqtt10buffer_refIcE5emptyEv", "FFF Function: _ZN4mqtt7message12validate_qosEi"]], [76, ["FFF Function: _ZNK4mqtt7message9get_topicB5cxx11Ev", "FFF Function: _ZNK4mqtt10buffer_refIcE3strB5cxx11Ev", "FFF Function: _ZNK4mqtt10buffer_refIcEcvbEv", "FFF Function: _ZNK4mqtt10buffer_refIcE3strB5cxx11Ev", "FFF Function: _ZN2ft31DPSTransferAreaCallbackFunctionEP8shm_if_si"]], [76, ["FFF Function: _ZNK4mqtt7message9get_topicB5cxx11Ev", "FFF Function: _ZNK4mqtt10buffer_refIcE3strB5cxx11Ev", "FFF Function: _ZNK4mqtt7message9get_topicB5cxx11Ev", "FFF Function: _ZNK4mqtt10buffer_refIcE3strB5cxx11Ev", "FFF Function: _ZN2ft31DPSTransferAreaCallbackFunctionEP8shm_if_si"]], [76, ["FFF Function: _ZNK4mqtt7message9get_topicB5cxx11Ev", "FFF Function: _ZNK4mqtt10buffer_refIcE3strB5cxx11Ev", "FFF Function: _ZNK4mqtt7message9get_topicB5cxx11Ev", "FFF Function: _ZNK4mqtt10buffer_refIcEcvbEv", "FFF Function: _ZN2ft31DPSTransferAreaCallbackFunctionEP8shm_if_si"]], [76, ["FFF Function: _ZNK4mqtt7message9get_topicB5cxx11Ev", "FFF Function: _ZNK4mqtt10buffer_refIcE3strB5cxx11Ev", "FFF Function: _ZNK4mqtt7message9get_topicB5cxx11Ev", "FFF Function: _ZNK4mqtt10buffer_refIcEcvbEv", "FFF Function: _ZNK4mqtt10buffer_refIcE3strB5cxx11Ev", "FFF Function: _ZN2ft31DPSTransferAreaCallbackFunctionEP8shm_if_si"]], [76, ["FFF Function: _ZNK4mqtt7message9get_topicB5cxx11Ev", "FFF Function: _ZNK4mqtt10buffer_refIcEcvbEv", "FFF Function: _ZNK4mqtt10buffer_refIcE3strB5cxx11Ev", "FFF Function: _ZNK4mqtt10buffer_refIcE3strB5cxx11Ev", "FFF Function: _ZN2ft31DPSTransferAreaCallbackFunctionEP8shm_if_si"]], [76, ["FFF Function: _ZNK4mqtt7message9get_topicB5cxx11Ev", "FFF Function: _ZNK4mqtt10buffer_refIcEcvbEv", "FFF Function: _ZNK4mqtt10buffer_refIcE3strB5cxx11Ev", "FFF Function: _ZNK4mqtt10buffer_refIcEcvbEv", "FFF Function: _ZN2ft31DPSTransferAreaCallbackFunctionEP8shm_if_si"]], [76, ["FFF Function: _ZNK4mqtt7message9get_topicB5cxx11Ev", "FFF Function: _ZNK4mqtt10buffer_refIcEcvbEv", "FFF Function: _ZNK4mqtt10buffer_refIcE3strB5cxx11Ev", "FFF Function: _ZNK4mqtt10buffer_refIcEcvbEv", "FFF Function: _ZNK4mqtt10buffer_refIcE3strB5cxx11Ev", "FFF Function: _ZN2ft31DPSTransferAreaCallbackFunctionEP8shm_if_si"]], [76, ["FFF Function: _ZNK4mqtt7message9get_topicB5cxx11Ev", "FFF Function: _ZNK4mqtt10buffer_refIcEcvbEv", "FFF Function: _ZNK4mqtt10buffer_refIcE3strB5cxx11Ev", "FFF Function: _ZNK4mqtt7message9get_topicB5cxx11Ev", "FFF Function: _ZN2ft31DPSTransferAreaCallbackFunctionEP8shm_if_si"]], [76, ["FFF Function: _ZNK4mqtt7message9get_topicB5cxx11Ev", "FFF Function: _ZNK4mqtt10buffer_refIcEcvbEv", "FFF Function: _ZNK4mqtt10buffer_refIcE3strB5cxx11Ev", "FFF Function: _ZNK4mqtt7message9get_topicB5cxx11Ev", "FFF Function: _ZNK4mqtt10buffer_refIcE3strB5cxx11Ev", "FFF Function: _ZN2ft31DPSTransferAreaCallbackFunctionEP8shm_if_si"]], [76, ["FFF Function: _ZNK4mqtt7message9get_topicB5cxx11Ev", "FFF Function: _ZNK4mqtt10buffer_refIcEcvbEv", "FFF Function: _ZNK4mqtt10buffer_refIcE3strB5cxx11Ev", "FFF Function: _ZNK4mqtt7message9get_topicB5cxx11Ev", "FFF Function: _ZNK4mqtt10buffer_refIcEcvbEv", "FFF Function: _ZN2ft31DPSTransferAreaCallbackFunctionEP8shm_if_si"]], [76, ["FFF Function: _ZNK4mqtt7message9get_topicB5cxx11Ev", "FFF Function: _ZNK4mqtt10buffer_refIcEcvbEv", "FFF Function: _ZNK4mqtt10buffer_refIcE3strB5cxx11Ev", "FFF Function: _ZNK4mqtt7message9get_topicB5cxx11Ev", "FFF Function: _ZNK4mqtt10buffer_refIcEcvbEv", "FFF Function: _ZNK4mqtt10buffer_refIcE3strB5cxx11Ev", "FFF Function: _ZN2ft31DPSTransferAreaCallbackFunctionEP8shm_if_si"]], [76, ["FFF Function: _ZNK4mqtt7message9get_topicB5cxx11Ev", "FFF Function: _ZNK4mqtt10buffer_refIcEcvbEv", "FFF Function: _ZNK4mqtt10buffer_refIcEcvbEv", "FFF Function: _ZNK4mqtt10buffer_refIcE3strB5cxx11Ev", "FFF Function: _ZN2ft31DPSTransferAreaCallbackFunctionEP8shm_if_si"]], [76, ["FFF Function: _ZNK4mqtt7message9get_topicB5cxx11Ev", "FFF Function: _ZNK4mqtt10buffer_refIcEcvbEv", "FFF Function: _ZNK4mqtt7message9get_topicB5cxx11Ev", "FFF Function: _ZNK4mqtt10buffer_refIcE3strB5cxx11Ev", "FFF Function: _ZN2ft31DPSTransferAreaCallbackFunctionEP8shm_if_si"]], [76, ["FFF Function: _ZNK4mqtt7message9get_topicB5cxx11Ev", "FFF Function: _ZNK4mqtt10buffer_refIcEcvbEv", "FFF Function: _ZNK4mqtt7message9get_topicB5cxx11Ev", "FFF Function: _ZNK4mqtt10buffer_refIcEcvbEv", "FFF Function: _ZN2ft31DPSTransferAreaCallbackFunctionEP8shm_if_si"]], [76, ["FFF Function: _ZNK4mqtt7message9get_topicB5cxx11Ev", "FFF Function: _ZNK4mqtt10buffer_refIcEcvbEv", "FFF Function: _ZNK4mqtt7message9get_topicB5cxx11Ev", "FFF Function: _ZNK4mqtt10buffer_refIcEcvbEv", "FFF Function: _ZNK4mqtt10buffer_refIcE3strB5cxx11Ev", "FFF Function: _ZN2ft31DPSTransferAreaCallbackFunctionEP8shm_if_si"]], [76, ["FFF Function: _ZNK4mqtt7message9get_topicB5cxx11Ev", "FFF Function: _ZNK4mqtt7message9get_topicB5cxx11Ev", "FFF Function: _ZNK4mqtt10buffer_refIcEcvbEv", "FFF Function: _ZNK4mqtt10buffer_refIcE3strB5cxx11Ev", "FFF Function: _ZN2ft31DPSTransferAreaCallbackFunctionEP8shm_if_si"]]]}