{"input_dir": "/home/raihan/CPS-VVI-LOGS-DATA/All-new-logs/10.2.everything-logged-with-good/OnlyFunctionNames", "fname": "vgrall3", "seq_len": 512, "stride": 256, "min_len": 5, "max_len": 15, "topk": [[196, ["FFF Function: _ZN2ft31DPSTransferAreaCallbackFunctionEP8shm_if_si", "FFF Function: _ZN2ft31DPSTransferAreaCallbackFunctionEP8shm_if_si", "FFF Function: _ZN2ft31DPSTransferAreaCallbackFunctionEP8shm_if_si", "FFF Function: _ZN2ft31DPSTransferAreaCallbackFunctionEP8shm_if_si", "FFF Function: _ZN2ft31DPSTransferAreaCallbackFunctionEP8shm_if_si"]], [196, ["FFF Function: _ZN2ft31DPSTransferAreaCallbackFunctionEP8shm_if_si", "FFF Function: _ZN2ft31DPSTransferAreaCallbackFunctionEP8shm_if_si", "FFF Function: _ZN2ft31DPSTransferAreaCallbackFunctionEP8shm_if_si", "FFF Function: _ZN2ft31DPSTransferAreaCallbackFunctionEP8shm_if_si", "FFF Function: _ZN2ft31DPSTransferAreaCallbackFunctionEP8shm_if_si", "FFF Function: _ZN2ft31DPSTransferAreaCallbackFunctionEP8shm_if_si"]], [196, ["FFF Function: _ZN2ft31DPSTransferAreaCallbackFunctionEP8shm_if_si", "FFF Function: _ZN2ft31DPSTransferAreaCallbackFunctionEP8shm_if_si", "FFF Function: _ZN2ft31DPSTransferAreaCallbackFunctionEP8shm_if_si", "FFF Function: _ZN2ft31DPSTransferAreaCallbackFunctionEP8shm_if_si", "FFF Function: _ZN2ft31DPSTransferAreaCallbackFunctionEP8shm_if_si", "FFF Function: _ZN2ft31DPSTransferAreaCallbackFunctionEP8shm_if_si", "FFF Function: _ZN2ft31DPSTransferAreaCallbackFunctionEP8shm_if_si"]], [196, ["FFF Function: _ZN2ft31DPSTransferAreaCallbackFunctionEP8shm_if_si", "FFF Function: _ZN2ft31DPSTransferAreaCallbackFunctionEP8shm_if_si", "FFF Function: _ZN2ft31DPSTransferAreaCallbackFunctionEP8shm_if_si", "FFF Function: _ZN2ft31DPSTransferAreaCallbackFunctionEP8shm_if_si", "FFF Function: _ZN2ft31DPSTransferAreaCallbackFunctionEP8shm_if_si", "FFF Function: _ZN2ft31DPSTransferAreaCallbackFunctionEP8shm_if_si", "FFF Function: _ZN2ft31DPSTransferAreaCallbackFunctionEP8shm_if_si", "FFF Function: _ZN2ft31DPSTransferAreaCallbackFunctionEP8shm_if_si"]], [196, ["FFF Function: _ZN2ft31DPSTransferAreaCallbackFunctionEP8shm_if_si", "FFF Function: _ZN2ft31DPSTransferAreaCallbackFunctionEP8shm_if_si", "FFF Function: _ZN2ft31DPSTransferAreaCallbackFunctionEP8shm_if_si", "FFF Function: _ZN2ft31DPSTransferAreaCallbackFunctionEP8shm_if_si", "FFF Function: _ZN2ft31DPSTransferAreaCallbackFunctionEP8shm_if_si", "FFF Function: _ZN2ft31DPSTransferAreaCallbackFunctionEP8shm_if_si", "FFF Function: _ZN2ft31DPSTransferAreaCallbackFunctionEP8shm_if_si", "FFF Function: _ZN2ft31DPSTransferAreaCallbackFunctionEP8shm_if_si", "FFF Function: _ZN2ft31DPSTransferAreaCallbackFunctionEP8shm_if_si"]], [196, ["FFF Function: _ZN2ft31DPSTransferAreaCallbackFunctionEP8shm_if_si", "FFF Function: _ZN2ft31DPSTransferAreaCallbackFunctionEP8shm_if_si", "FFF Function: _ZN2ft31DPSTransferAreaCallbackFunctionEP8shm_if_si", "FFF Function: _ZN2ft31DPSTransferAreaCallbackFunctionEP8shm_if_si", "FFF Function: _ZN2ft31DPSTransferAreaCallbackFunctionEP8shm_if_si", "FFF Function: _ZN2ft31DPSTransferAreaCallbackFunctionEP8shm_if_si", "FFF Function: _ZN2ft31DPSTransferAreaCallbackFunctionEP8shm_if_si", "FFF Function: _ZN2ft31DPSTransferAreaCallbackFunctionEP8shm_if_si", "FFF Function: _ZN2ft31DPSTransferAreaCallbackFunctionEP8shm_if_si", "FFF Function: _ZN2ft31DPSTransferAreaCallbackFunctionEP8shm_if_si"]], [196, ["FFF Function: _ZN2ft31DPSTransferAreaCallbackFunctionEP8shm_if_si", "FFF Function: _ZN2ft31DPSTransferAreaCallbackFunctionEP8shm_if_si", "FFF Function: _ZN2ft31DPSTransferAreaCallbackFunctionEP8shm_if_si", "FFF Function: _ZN2ft31DPSTransferAreaCallbackFunctionEP8shm_if_si", "FFF Function: _ZN2ft31DPSTransferAreaCallbackFunctionEP8shm_if_si", "FFF Function: _ZN2ft31DPSTransferAreaCallbackFunctionEP8shm_if_si", "FFF Function: _ZN2ft31DPSTransferAreaCallbackFunctionEP8shm_if_si", "FFF Function: _ZN2ft31DPSTransferAreaCallbackFunctionEP8shm_if_si", "FFF Function: _ZN2ft31DPSTransferAreaCallbackFunctionEP8shm_if_si", "FFF Function: _ZN2ft31DPSTransferAreaCallbackFunctionEP8shm_if_si", "FFF Function: _ZN2ft31DPSTransferAreaCallbackFunctionEP8shm_if_si"]], [196, ["FFF Function: _ZN2ft31DPSTransferAreaCallbackFunctionEP8shm_if_si", "FFF Function: _ZN2ft31DPSTransferAreaCallbackFunctionEP8shm_if_si", "FFF Function: _ZN2ft31DPSTransferAreaCallbackFunctionEP8shm_if_si", "FFF Function: _ZN2ft31DPSTransferAreaCallbackFunctionEP8shm_if_si", "FFF Function: _ZN2ft31DPSTransferAreaCallbackFunctionEP8shm_if_si", "FFF Function: _ZN2ft31DPSTransferAreaCallbackFunctionEP8shm_if_si", "FFF Function: _ZN2ft31DPSTransferAreaCallbackFunctionEP8shm_if_si", "FFF Function: _ZN2ft31DPSTransferAreaCallbackFunctionEP8shm_if_si", "FFF Function: _ZN2ft31DPSTransferAreaCallbackFunctionEP8shm_if_si", "FFF Function: _ZN2ft31DPSTransferAreaCallbackFunctionEP8shm_if_si", "FFF Function: _ZN2ft31DPSTransferAreaCallbackFunctionEP8shm_if_si", "FFF Function: _ZN2ft31DPSTransferAreaCallbackFunctionEP8shm_if_si"]], [196, ["FFF Function: _ZN2ft31DPSTransferAreaCallbackFunctionEP8shm_if_si", "FFF Function: _ZN2ft31DPSTransferAreaCallbackFunctionEP8shm_if_si", "FFF Function: _ZN2ft31DPSTransferAreaCallbackFunctionEP8shm_if_si", "FFF Function: _ZN2ft31DPSTransferAreaCallbackFunctionEP8shm_if_si", "FFF Function: _ZN2ft31DPSTransferAreaCallbackFunctionEP8shm_if_si", "FFF Function: _ZN2ft31DPSTransferAreaCallbackFunctionEP8shm_if_si", "FFF Function: _ZN2ft31DPSTransferAreaCallbackFunctionEP8shm_if_si", "FFF Function: _ZN2ft31DPSTransferAreaCallbackFunctionEP8shm_if_si", "FFF Function: _ZN2ft31DPSTransferAreaCallbackFunctionEP8shm_if_si", "FFF Function: _ZN2ft31DPSTransferAreaCallbackFunctionEP8shm_if_si", "FFF Function: _ZN2ft31DPSTransferAreaCallbackFunctionEP8shm_if_si", "FFF Function: _ZN2ft31DPSTransferAreaCallbackFunctionEP8shm_if_si", "FFF Function: _ZN2ft31DPSTransferAreaCallbackFunctionEP8shm_if_si"]], [195, ["FFF Function: _ZN2ft31DPSTransferAreaCallbackFunctionEP8shm_if_si", "FFF Function: _ZN2ft31DPSTransferAreaCallbackFunctionEP8shm_if_si", "FFF Function: _ZN2ft31DPSTransferAreaCallbackFunctionEP8shm_if_si", "FFF Function: _ZN2ft31DPSTransferAreaCallbackFunctionEP8shm_if_si", "FFF Function: _ZN2ft31DPSTransferAreaCallbackFunctionEP8shm_if_si", "FFF Function: _ZN2ft31DPSTransferAreaCallbackFunctionEP8shm_if_si", "FFF Function: _ZN2ft31DPSTransferAreaCallbackFunctionEP8shm_if_si", "FFF Function: _ZN2ft31DPSTransferAreaCallbackFunctionEP8shm_if_si", "FFF Function: _ZN2ft31DPSTransferAreaCallbackFunctionEP8shm_if_si", "FFF Function: _ZN2ft31DPSTransferAreaCallbackFunctionEP8shm_if_si", "FFF Function: _ZN2ft31DPSTransferAreaCallbackFunctionEP8shm_if_si", "FFF Function: _ZN2ft31DPSTransferAreaCallbackFunctionEP8shm_if_si", "FFF Function: _ZN2ft31DPSTransferAreaCallbackFunctionEP8shm_if_si", "FFF Function: _ZN2ft31DPSTransferAreaCallbackFunctionEP8shm_if_si"]], [194, ["FFF Function: _ZN2ft31DPSTransferAreaCallbackFunctionEP8shm_if_si", "FFF Function: _ZN2ft31DPSTransferAreaCallbackFunctionEP8shm_if_si", "FFF Function: _ZN2ft31DPSTransferAreaCallbackFunctionEP8shm_if_si", "FFF Function: _ZN2ft31DPSTransferAreaCallbackFunctionEP8shm_if_si", "FFF Function: _ZN2ft31DPSTransferAreaCallbackFunctionEP8shm_if_si", "FFF Function: _ZN2ft31DPSTransferAreaCallbackFunctionEP8shm_if_si", "FFF Function: _ZN2ft31DPSTransferAreaCallbackFunctionEP8shm_if_si", "FFF Function: _ZN2ft31DPSTransferAreaCallbackFunctionEP8shm_if_si", "FFF Function: _ZN2ft31DPSTransferAreaCallbackFunctionEP8shm_if_si", "FFF Function: _ZN2ft31DPSTransferAreaCallbackFunctionEP8shm_if_si", "FFF Function: _ZN2ft31DPSTransferAreaCallbackFunctionEP8shm_if_si", "FFF Function: _ZN2ft31DPSTransferAreaCallbackFunctionEP8shm_if_si", "FFF Function: _ZN2ft31DPSTransferAreaCallbackFunctionEP8shm_if_si", "FFF Function: _ZN2ft31DPSTransferAreaCallbackFunctionEP8shm_if_si", "FFF Function: _ZN2ft31DPSTransferAreaCallbackFunctionEP8shm_if_si"]], [118, ["FFF Function: _ZN2ft31DPSTransferAreaCallbackFunctionEP8shm_if_si", "FFF Function: _ZN2ft31DPSTransferAreaCallbackFunctionEP8shm_if_si", "FFF Function: _ZN2ft31DPSTransferAreaCallbackFunctionEP8shm_if_si", "FFF Function: _ZN2ft31DPSTransferAreaCallbackFunctionEP8shm_if_si", "FFF Function: _ZN2ft15SubjectObserver6NotifyEv"]], [116, ["FFF Function: _ZN2ft31DPSTransferAreaCallbackFunctionEP8shm_if_si", "FFF Function: _ZN2ft31DPSTransferAreaCallbackFunctionEP8shm_if_si", "FFF Function: _ZN2ft31DPSTransferAreaCallbackFunctionEP8shm_if_si", "FFF Function: _ZN2ft31DPSTransferAreaCallbackFunctionEP8shm_if_si", "FFF Function: _ZN2ft31DPSTransferAreaCallbackFunctionEP8shm_if_si", "FFF Function: _ZN2ft15SubjectObserver6NotifyEv"]], [116, ["FFF Function: _ZN2ft31DPSTransferAreaCallbackFunctionEP8shm_if_si", "FFF Function: _ZN2ft31DPSTransferAreaCallbackFunctionEP8shm_if_si", "FFF Function: _ZN2ft31DPSTransferAreaCallbackFunctionEP8shm_if_si", "FFF Function: _ZN2ft31DPSTransferAreaCallbackFunctionEP8shm_if_si", "FFF Function: _ZN2ft31DPSTransferAreaCallbackFunctionEP8shm_if_si", "FFF Function: _ZN2ft31DPSTransferAreaCallbackFunctionEP8shm_if_si", "FFF Function: _ZN2ft15SubjectObserver6NotifyEv"]], [115, ["FFF Function: _ZN2ft31DPSTransferAreaCallbackFunctionEP8shm_if_si", "FFF Function: _ZN2ft31DPSTransferAreaCallbackFunctionEP8shm_if_si", "FFF Function: _ZN2ft31DPSTransferAreaCallbackFunctionEP8shm_if_si", "FFF Function: _ZN2ft31DPSTransferAreaCallbackFunctionEP8shm_if_si", "FFF Function: _ZN2ft31DPSTransferAreaCallbackFunctionEP8shm_if_si", "FFF Function: _ZN2ft31DPSTransferAreaCallbackFunctionEP8shm_if_si", "FFF Function: _ZN2ft31DPSTransferAreaCallbackFunctionEP8shm_if_si", "FFF Function: _ZN2ft15SubjectObserver6NotifyEv"]], [115, ["FFF Function: _ZN2ft31DPSTransferAreaCallbackFunctionEP8shm_if_si", "FFF Function: _ZN2ft31DPSTransferAreaCallbackFunctionEP8shm_if_si", "FFF Function: _ZN2ft31DPSTransferAreaCallbackFunctionEP8shm_if_si", "FFF Function: _ZN2ft31DPSTransferAreaCallbackFunctionEP8shm_if_si", "FFF Function: _ZN2ft31DPSTransferAreaCallbackFunctionEP8shm_if_si", "FFF Function: _ZN2ft31DPSTransferAreaCallbackFunctionEP8shm_if_si", "FFF Function: _ZN2ft31DPSTransferAreaCallbackFunctionEP8shm_if_si", "FFF Function: _ZN2ft31DPSTransferAreaCallbackFunctionEP8shm_if_si", "FFF Function: _ZN2ft15SubjectObserver6NotifyEv"]], [115, ["FFF Function: _ZN2ft31DPSTransferAreaCallbackFunctionEP8shm_if_si", "FFF Function: _ZN2ft31DPSTransferAreaCallbackFunctionEP8shm_if_si", "FFF Function: _ZN2ft31DPSTransferAreaCallbackFunctionEP8shm_if_si", "FFF Function: _ZN2ft31DPSTransferAreaCallbackFunctionEP8shm_if_si", "FFF Function: _ZN2ft31DPSTransferAreaCallbackFunctionEP8shm_if_si", "FFF Function: _ZN2ft31DPSTransferAreaCallbackFunctionEP8shm_if_si", "FFF Function: _ZN2ft31DPSTransferAreaCallbackFunctionEP8shm_if_si", "FFF Function: _ZN2ft31DPSTransferAreaCallbackFunctionEP8shm_if_si", "FFF Function: _ZN2ft31DPSTransferAreaCallbackFunctionEP8shm_if_si", "FFF Function: _ZN2ft15SubjectObserver6NotifyEv"]], [115, ["FFF Function: _ZN2ft31DPSTransferAreaCallbackFunctionEP8shm_if_si", "FFF Function: _ZN2ft31DPSTransferAreaCallbackFunctionEP8shm_if_si", "FFF Function: _ZN2ft31DPSTransferAreaCallbackFunctionEP8shm_if_si", "FFF Function: _ZN2ft31DPSTransferAreaCallbackFunctionEP8shm_if_si", "FFF Function: _ZN2ft31DPSTransferAreaCallbackFunctionEP8shm_if_si", "FFF Function: _ZN2ft31DPSTransferAreaCallbackFunctionEP8shm_if_si", "FFF Function: _ZN2ft31DPSTransferAreaCallbackFunctionEP8shm_if_si", "FFF Function: _ZN2ft31DPSTransferAreaCallbackFunctionEP8shm_if_si", "FFF Function: _ZN2ft31DPSTransferAreaCallbackFunctionEP8shm_if_si", "FFF Function: _ZN2ft31DPSTransferAreaCallbackFunctionEP8shm_if_si", "FFF Function: _ZN2ft15SubjectObserver6NotifyEv"]], [115, ["FFF Function: _ZN4mqtt10buffer_refIcED2Ev", "FFF Function: _ZN2ft31DPSTransferAreaCallbackFunctionEP8shm_if_si", "FFF Function: _ZN2ft31DPSTransferAreaCallbackFunctionEP8shm_if_si", "FFF Function: _ZN2ft31DPSTransferAreaCallbackFunctionEP8shm_if_si", "FFF Function: _ZN2ft31DPSTransferAreaCallbackFunctionEP8shm_if_si"]], [115, ["FFF Function: _ZN4mqtt10buffer_refIcED2Ev", "FFF Function: _ZN2ft31DPSTransferAreaCallbackFunctionEP8shm_if_si", "FFF Function: _ZN2ft31DPSTransferAreaCallbackFunctionEP8shm_if_si", "FFF Function: _ZN2ft31DPSTransferAreaCallbackFunctionEP8shm_if_si", "FFF Function: _ZN2ft31DPSTransferAreaCallbackFunctionEP8shm_if_si", "FFF Function: _ZN2ft31DPSTransferAreaCallbackFunctionEP8shm_if_si"]], [115, ["FFF Function: _ZN4mqtt10buffer_refIcED2Ev", "FFF Function: _ZN4mqtt10buffer_refIcED2Ev", "FFF Function: _ZN2ft31DPSTransferAreaCallbackFunctionEP8shm_if_si", "FFF Function: _ZN2ft31DPSTransferAreaCallbackFunctionEP8shm_if_si", "FFF Function: _ZN2ft31DPSTransferAreaCallbackFunctionEP8shm_if_si"]], [115, ["FFF Function: _ZN4mqtt10buffer_refIcED2Ev", "FFF Function: _ZN4mqtt10buffer_refIcED2Ev", "FFF Function: _ZN2ft31DPSTransferAreaCallbackFunctionEP8shm_if_si", "FFF Function: _ZN2ft31DPSTransferAreaCallbackFunctionEP8shm_if_si", "FFF Function: _ZN2ft31DPSTransferAreaCallbackFunctionEP8shm_if_si", "FFF Function: _ZN2ft31DPSTransferAreaCallbackFunctionEP8shm_if_si"]], [115, ["FFF Function: _ZN4mqtt10buffer_refIcED2Ev", "FFF Function: _ZN4mqtt10buffer_refIcED2Ev", "FFF Function: _ZN2ft31DPSTransferAreaCallbackFunctionEP8shm_if_si", "FFF Function: _ZN2ft31DPSTransferAreaCallbackFunctionEP8shm_if_si", "FFF Function: _ZN2ft31DPSTransferAreaCallbackFunctionEP8shm_if_si", "FFF Function: _ZN2ft31DPSTransferAreaCallbackFunctionEP8shm_if_si", "FFF Function: _ZN2ft31DPSTransferAreaCallbackFunctionEP8shm_if_si"]], [114, ["FFF Function: _ZN4mqtt10buffer_refIcED2Ev", "FFF Function: _ZN2ft31DPSTransferAreaCallbackFunctionEP8shm_if_si", "FFF Function: _ZN2ft31DPSTransferAreaCallbackFunctionEP8shm_if_si", "FFF Function: _ZN2ft31DPSTransferAreaCallbackFunctionEP8shm_if_si", "FFF Function: _ZN2ft31DPSTransferAreaCallbackFunctionEP8shm_if_si", "FFF Function: _ZN2ft31DPSTransferAreaCallbackFunctionEP8shm_if_si", "FFF Function: _ZN2ft31DPSTransferAreaCallbackFunctionEP8shm_if_si"]], [114, ["FFF Function: _ZN4mqtt10buffer_refIcED2Ev", "FFF Function: _ZN2ft31DPSTransferAreaCallbackFunctionEP8shm_if_si", "FFF Function: _ZN2ft31DPSTransferAreaCallbackFunctionEP8shm_if_si", "FFF Function: _ZN2ft31DPSTransferAreaCallbackFunctionEP8shm_if_si", "FFF Function: _ZN2ft31DPSTransferAreaCallbackFunctionEP8shm_if_si", "FFF Function: _ZN2ft31DPSTransferAreaCallbackFunctionEP8shm_if_si", "FFF Function: _ZN2ft31DPSTransferAreaCallbackFunctionEP8shm_if_si", "FFF Function: _ZN2ft31DPSTransferAreaCallbackFunctionEP8shm_if_si"]], [114, ["FFF Function: _ZN4mqtt10buffer_refIcED2Ev", "FFF Function: _ZN2ft31DPSTransferAreaCallbackFunctionEP8shm_if_si", "FFF Function: _ZN2ft31DPSTransferAreaCallbackFunctionEP8shm_if_si", "FFF Function: _ZN2ft31DPSTransferAreaCallbackFunctionEP8shm_if_si", "FFF Function: _ZN2ft31DPSTransferAreaCallbackFunctionEP8shm_if_si", "FFF Function: _ZN2ft31DPSTransferAreaCallbackFunctionEP8shm_if_si", "FFF Function: _ZN2ft31DPSTransferAreaCallbackFunctionEP8shm_if_si", "FFF Function: _ZN2ft31DPSTransferAreaCallbackFunctionEP8shm_if_si", "FFF Function: _ZN2ft31DPSTransferAreaCallbackFunctionEP8shm_if_si"]], [114, ["FFF Function: _ZN4mqtt10buffer_refIcED2Ev", "FFF Function: _ZN2ft31DPSTransferAreaCallbackFunctionEP8shm_if_si", "FFF Function: _ZN2ft31DPSTransferAreaCallbackFunctionEP8shm_if_si", "FFF Function: _ZN2ft31DPSTransferAreaCallbackFunctionEP8shm_if_si", "FFF Function: _ZN2ft31DPSTransferAreaCallbackFunctionEP8shm_if_si", "FFF Function: _ZN2ft31DPSTransferAreaCallbackFunctionEP8shm_if_si", "FFF Function: _ZN2ft31DPSTransferAreaCallbackFunctionEP8shm_if_si", "FFF Function: _ZN2ft31DPSTransferAreaCallbackFunctionEP8shm_if_si", "FFF Function: _ZN2ft31DPSTransferAreaCallbackFunctionEP8shm_if_si", "FFF Function: _ZN2ft31DPSTransferAreaCallbackFunctionEP8shm_if_si"]], [114, ["FFF Function: _ZN4mqtt10buffer_refIcED2Ev", "FFF Function: _ZN2ft31DPSTransferAreaCallbackFunctionEP8shm_if_si", "FFF Function: _ZN2ft31DPSTransferAreaCallbackFunctionEP8shm_if_si", "FFF Function: _ZN2ft31DPSTransferAreaCallbackFunctionEP8shm_if_si", "FFF Function: _ZN2ft31DPSTransferAreaCallbackFunctionEP8shm_if_si", "FFF Function: _ZN2ft31DPSTransferAreaCallbackFunctionEP8shm_if_si", "FFF Function: _ZN2ft31DPSTransferAreaCallbackFunctionEP8shm_if_si", "FFF Function: _ZN2ft31DPSTransferAreaCallbackFunctionEP8shm_if_si", "FFF Function: _ZN2ft31DPSTransferAreaCallbackFunctionEP8shm_if_si", "FFF Function: _ZN2ft31DPSTransferAreaCallbackFunctionEP8shm_if_si", "FFF Function: _ZN2ft31DPSTransferAreaCallbackFunctionEP8shm_if_si"]], [114, ["FFF Function: _ZN4mqtt10buffer_refIcED2Ev", "FFF Function: _ZN2ft31DPSTransferAreaCallbackFunctionEP8shm_if_si", "FFF Function: _ZN2ft31DPSTransferAreaCallbackFunctionEP8shm_if_si", "FFF Function: _ZN2ft31DPSTransferAreaCallbackFunctionEP8shm_if_si", "FFF Function: _ZN2ft31DPSTransferAreaCallbackFunctionEP8shm_if_si", "FFF Function: _ZN2ft31DPSTransferAreaCallbackFunctionEP8shm_if_si", "FFF Function: _ZN2ft31DPSTransferAreaCallbackFunctionEP8shm_if_si", "FFF Function: _ZN2ft31DPSTransferAreaCallbackFunctionEP8shm_if_si", "FFF Function: _ZN2ft31DPSTransferAreaCallbackFunctionEP8shm_if_si", "FFF Function: _ZN2ft31DPSTransferAreaCallbackFunctionEP8shm_if_si", "FFF Function: _ZN2ft31DPSTransferAreaCallbackFunctionEP8shm_if_si", "FFF Function: _ZN2ft31DPSTransferAreaCallbackFunctionEP8shm_if_si"]], [114, ["FFF Function: _ZN4mqtt10buffer_refIcED2Ev", "FFF Function: _ZN2ft31DPSTransferAreaCallbackFunctionEP8shm_if_si", "FFF Function: _ZN2ft31DPSTransferAreaCallbackFunctionEP8shm_if_si", "FFF Function: _ZN2ft31DPSTransferAreaCallbackFunctionEP8shm_if_si", "FFF Function: _ZN2ft31DPSTransferAreaCallbackFunctionEP8shm_if_si", "FFF Function: _ZN2ft31DPSTransferAreaCallbackFunctionEP8shm_if_si", "FFF Function: _ZN2ft31DPSTransferAreaCallbackFunctionEP8shm_if_si", "FFF Function: _ZN2ft31DPSTransferAreaCallbackFunctionEP8shm_if_si", "FFF Function: _ZN2ft31DPSTransferAreaCallbackFunctionEP8shm_if_si", "FFF Function: _ZN2ft31DPSTransferAreaCallbackFunctionEP8shm_if_si", "FFF Function: _ZN2ft31DPSTransferAreaCallbackFunctionEP8shm_if_si", "FFF Function: _ZN2ft31DPSTransferAreaCallbackFunctionEP8shm_if_si", "FFF Function: _ZN2ft31DPSTransferAreaCallbackFunctionEP8shm_if_si"]], [114, ["FFF Function: _ZN4mqtt10buffer_refIcED2Ev", "FFF Function: _ZN4mqtt10buffer_refIcED2Ev", "FFF Function: _ZN2ft31DPSTransferAreaCallbackFunctionEP8shm_if_si", "FFF Function: _ZN2ft31DPSTransferAreaCallbackFunctionEP8shm_if_si", "FFF Function: _ZN2ft31DPSTransferAreaCallbackFunctionEP8shm_if_si", "FFF Function: _ZN2ft31DPSTransferAreaCallbackFunctionEP8shm_if_si", "FFF Function: _ZN2ft31DPSTransferAreaCallbackFunctionEP8shm_if_si", "FFF Function: _ZN2ft31DPSTransferAreaCallbackFunctionEP8shm_if_si"]], [114, ["FFF Function: _ZN4mqtt10buffer_refIcED2Ev", "FFF Function: _ZN4mqtt10buffer_refIcED2Ev", "FFF Function: _ZN2ft31DPSTransferAreaCallbackFunctionEP8shm_if_si", "FFF Function: _ZN2ft31DPSTransferAreaCallbackFunctionEP8shm_if_si", "FFF Function: _ZN2ft31DPSTransferAreaCallbackFunctionEP8shm_if_si", "FFF Function: _ZN2ft31DPSTransferAreaCallbackFunctionEP8shm_if_si", "FFF Function: _ZN2ft31DPSTransferAreaCallbackFunctionEP8shm_if_si", "FFF Function: _ZN2ft31DPSTransferAreaCallbackFunctionEP8shm_if_si", "FFF Function: _ZN2ft31DPSTransferAreaCallbackFunctionEP8shm_if_si"]], [114, ["FFF Function: _ZN4mqtt10buffer_refIcED2Ev", "FFF Function: _ZN4mqtt10buffer_refIcED2Ev", "FFF Function: _ZN2ft31DPSTransferAreaCallbackFunctionEP8shm_if_si", "FFF Function: _ZN2ft31DPSTransferAreaCallbackFunctionEP8shm_if_si", "FFF Function: _ZN2ft31DPSTransferAreaCallbackFunctionEP8shm_if_si", "FFF Function: _ZN2ft31DPSTransferAreaCallbackFunctionEP8shm_if_si", "FFF Function: _ZN2ft31DPSTransferAreaCallbackFunctionEP8shm_if_si", "FFF Function: _ZN2ft31DPSTransferAreaCallbackFunctionEP8shm_if_si", "FFF Function: _ZN2ft31DPSTransferAreaCallbackFunctionEP8shm_if_si", "FFF Function: _ZN2ft31DPSTransferAreaCallbackFunctionEP8shm_if_si"]], [114, ["FFF Function: _ZN4mqtt10buffer_refIcED2Ev", "FFF Function: _ZN4mqtt10buffer_refIcED2Ev", "FFF Function: _ZN2ft31DPSTransferAreaCallbackFunctionEP8shm_if_si", "FFF Function: _ZN2ft31DPSTransferAreaCallbackFunctionEP8shm_if_si", "FFF Function: _ZN2ft31DPSTransferAreaCallbackFunctionEP8shm_if_si", "FFF Function: _ZN2ft31DPSTransferAreaCallbackFunctionEP8shm_if_si", "FFF Function: _ZN2ft31DPSTransferAreaCallbackFunctionEP8shm_if_si", "FFF Function: _ZN2ft31DPSTransferAreaCallbackFunctionEP8shm_if_si", "FFF Function: _ZN2ft31DPSTransferAreaCallbackFunctionEP8shm_if_si", "FFF Function: _ZN2ft31DPSTransferAreaCallbackFunctionEP8shm_if_si", "FFF Function: _ZN2ft31DPSTransferAreaCallbackFunctionEP8shm_if_si"]], [114, ["FFF Function: _ZN4mqtt10buffer_refIcED2Ev", "FFF Function: _ZN4mqtt10buffer_refIcED2Ev", "FFF Function: _ZN2ft31DPSTransferAreaCallbackFunctionEP8shm_if_si", "FFF Function: _ZN2ft31DPSTransferAreaCallbackFunctionEP8shm_if_si", "FFF Function: _ZN2ft31DPSTransferAreaCallbackFunctionEP8shm_if_si", "FFF Function: _ZN2ft31DPSTransferAreaCallbackFunctionEP8shm_if_si", "FFF Function: _ZN2ft31DPSTransferAreaCallbackFunctionEP8shm_if_si", "FFF Function: _ZN2ft31DPSTransferAreaCallbackFunctionEP8shm_if_si", "FFF Function: _ZN2ft31DPSTransferAreaCallbackFunctionEP8shm_if_si", "FFF Function: _ZN2ft31DPSTransferAreaCallbackFunctionEP8shm_if_si", "FFF Function: _ZN2ft31DPSTransferAreaCallbackFunctionEP8shm_if_si", "FFF Function: _ZN2ft31DPSTransferAreaCallbackFunctionEP8shm_if_si"]], [114, ["FFF Function: _ZN4mqtt10buffer_refIcED2Ev", "FFF Function: _ZN4mqtt10buffer_refIcED2Ev", "FFF Function: _ZN2ft31DPSTransferAreaCallbackFunctionEP8shm_if_si", "FFF Function: _ZN2ft31DPSTransferAreaCallbackFunctionEP8shm_if_si", "FFF Function: _ZN2ft31DPSTransferAreaCallbackFunctionEP8shm_if_si", "FFF Function: _ZN2ft31DPSTransferAreaCallbackFunctionEP8shm_if_si", "FFF Function: _ZN2ft31DPSTransferAreaCallbackFunctionEP8shm_if_si", "FFF Function: _ZN2ft31DPSTransferAreaCallbackFunctionEP8shm_if_si", "FFF Function: _ZN2ft31DPSTransferAreaCallbackFunctionEP8shm_if_si", "FFF Function: _ZN2ft31DPSTransferAreaCallbackFunctionEP8shm_if_si", "FFF Function: _ZN2ft31DPSTransferAreaCallbackFunctionEP8shm_if_si", "FFF Function: _ZN2ft31DPSTransferAreaCallbackFunctionEP8shm_if_si", "FFF Function: _ZN2ft31DPSTransferAreaCallbackFunctionEP8shm_if_si"]], [114, ["FFF Function: _ZN4mqtt10buffer_refIcED2Ev", "FFF Function: _ZN4mqtt10buffer_refIcED2Ev", "FFF Function: _ZN2ft31DPSTransferAreaCallbackFunctionEP8shm_if_si", "FFF Function: _ZN2ft31DPSTransferAreaCallbackFunctionEP8shm_if_si", "FFF Function: _ZN2ft31DPSTransferAreaCallbackFunctionEP8shm_if_si", "FFF Function: _ZN2ft31DPSTransferAreaCallbackFunctionEP8shm_if_si", "FFF Function: _ZN2ft31DPSTransferAreaCallbackFunctionEP8shm_if_si", "FFF Function: _ZN2ft31DPSTransferAreaCallbackFunctionEP8shm_if_si", "FFF Function: _ZN2ft31DPSTransferAreaCallbackFunctionEP8shm_if_si", "FFF Function: _ZN2ft31DPSTransferAreaCallbackFunctionEP8shm_if_si", "FFF Function: _ZN2ft31DPSTransferAreaCallbackFunctionEP8shm_if_si", "FFF Function: _ZN2ft31DPSTransferAreaCallbackFunctionEP8shm_if_si", "FFF Function: _ZN2ft31DPSTransferAreaCallbackFunctionEP8shm_if_si", "FFF Function: _ZN2ft31DPSTransferAreaCallbackFunctionEP8shm_if_si"]], [113, ["FFF Function: _ZN2ft31DPSTransferAreaCallbackFunctionEP8shm_if_si", "FFF Function: _ZN2ft31DPSTransferAreaCallbackFunctionEP8shm_if_si", "FFF Function: _ZN2ft31DPSTransferAreaCallbackFunctionEP8shm_if_si", "FFF Function: _ZN2ft31DPSTransferAreaCallbackFunctionEP8shm_if_si", "FFF Function: _ZN2ft31DPSTransferAreaCallbackFunctionEP8shm_if_si", "FFF Function: _ZN2ft31DPSTransferAreaCallbackFunctionEP8shm_if_si", "FFF Function: _ZN2ft31DPSTransferAreaCallbackFunctionEP8shm_if_si", "FFF Function: _ZN2ft31DPSTransferAreaCallbackFunctionEP8shm_if_si", "FFF Function: _ZN2ft31DPSTransferAreaCallbackFunctionEP8shm_if_si", "FFF Function: _ZN2ft31DPSTransferAreaCallbackFunctionEP8shm_if_si", "FFF Function: _ZN2ft31DPSTransferAreaCallbackFunctionEP8shm_if_si", "FFF Function: _ZN2ft15SubjectObserver6NotifyEv"]], [113, ["FFF Function: _ZN2ft31DPSTransferAreaCallbackFunctionEP8shm_if_si", "FFF Function: _ZN4mqtt10buffer_refIcED2Ev", "FFF Function: _ZN2ft31DPSTransferAreaCallbackFunctionEP8shm_if_si", "FFF Function: _ZN2ft31DPSTransferAreaCallbackFunctionEP8shm_if_si", "FFF Function: _ZN2ft31DPSTransferAreaCallbackFunctionEP8shm_if_si"]], [113, ["FFF Function: _ZN2ft31DPSTransferAreaCallbackFunctionEP8shm_if_si", "FFF Function: _ZN4mqtt10buffer_refIcED2Ev", "FFF Function: _ZN2ft31DPSTransferAreaCallbackFunctionEP8shm_if_si", "FFF Function: _ZN2ft31DPSTransferAreaCallbackFunctionEP8shm_if_si", "FFF Function: _ZN2ft31DPSTransferAreaCallbackFunctionEP8shm_if_si", "FFF Function: _ZN2ft31DPSTransferAreaCallbackFunctionEP8shm_if_si"]], [113, ["FFF Function: _ZN2ft31DPSTransferAreaCallbackFunctionEP8shm_if_si", "FFF Function: _ZN4mqtt10buffer_refIcED2Ev", "FFF Function: _ZN2ft31DPSTransferAreaCallbackFunctionEP8shm_if_si", "FFF Function: _ZN2ft31DPSTransferAreaCallbackFunctionEP8shm_if_si", "FFF Function: _ZN2ft31DPSTransferAreaCallbackFunctionEP8shm_if_si", "FFF Function: _ZN2ft31DPSTransferAreaCallbackFunctionEP8shm_if_si", "FFF Function: _ZN2ft31DPSTransferAreaCallbackFunctionEP8shm_if_si"]], [113, ["FFF Function: _ZN2ft31DPSTransferAreaCallbackFunctionEP8shm_if_si", "FFF Function: _ZN4mqtt10buffer_refIcED2Ev", "FFF Function: _ZN4mqtt10buffer_refIcED2Ev", "FFF Function: _ZN2ft31DPSTransferAreaCallbackFunctionEP8shm_if_si", "FFF Function: _ZN2ft31DPSTransferAreaCallbackFunctionEP8shm_if_si"]], [113, ["FFF Function: _ZN2ft31DPSTransferAreaCallbackFunctionEP8shm_if_si", "FFF Function: _ZN4mqtt10buffer_refIcED2Ev", "FFF Function: _ZN4mqtt10buffer_refIcED2Ev", "FFF Function: _ZN2ft31DPSTransferAreaCallbackFunctionEP8shm_if_si", "FFF Function: _ZN2ft31DPSTransferAreaCallbackFunctionEP8shm_if_si", "FFF Function: _ZN2ft31DPSTransferAreaCallbackFunctionEP8shm_if_si"]], [113, ["FFF Function: _ZN2ft31DPSTransferAreaCallbackFunctionEP8shm_if_si", "FFF Function: _ZN4mqtt10buffer_refIcED2Ev", "FFF Function: _ZN4mqtt10buffer_refIcED2Ev", "FFF Function: _ZN2ft31DPSTransferAreaCallbackFunctionEP8shm_if_si", "FFF Function: _ZN2ft31DPSTransferAreaCallbackFunctionEP8shm_if_si", "FFF Function: _ZN2ft31DPSTransferAreaCallbackFunctionEP8shm_if_si", "FFF Function: _ZN2ft31DPSTransferAreaCallbackFunctionEP8shm_if_si"]], [113, ["FFF Function: _ZN2ft31DPSTransferAreaCallbackFunctionEP8shm_if_si", "FFF Function: _ZN4mqtt10buffer_refIcED2Ev", "FFF Function: _ZN4mqtt10buffer_refIcED2Ev", "FFF Function: _ZN2ft31DPSTransferAreaCallbackFunctionEP8shm_if_si", "FFF Function: _ZN2ft31DPSTransferAreaCallbackFunctionEP8shm_if_si", "FFF Function: _ZN2ft31DPSTransferAreaCallbackFunctionEP8shm_if_si", "FFF Function: _ZN2ft31DPSTransferAreaCallbackFunctionEP8shm_if_si", "FFF Function: _ZN2ft31DPSTransferAreaCallbackFunctionEP8shm_if_si"]], [113, ["FFF Function: _ZN4mqtt10buffer_refIcED2Ev", "FFF Function: _ZN2ft31DPSTransferAreaCallbackFunctionEP8shm_if_si", "FFF Function: _ZN2ft31DPSTransferAreaCallbackFunctionEP8shm_if_si", "FFF Function: _ZN2ft31DPSTransferAreaCallbackFunctionEP8shm_if_si", "FFF Function: _ZN2ft31DPSTransferAreaCallbackFunctionEP8shm_if_si", "FFF Function: _ZN2ft31DPSTransferAreaCallbackFunctionEP8shm_if_si", "FFF Function: _ZN2ft31DPSTransferAreaCallbackFunctionEP8shm_if_si", "FFF Function: _ZN2ft31DPSTransferAreaCallbackFunctionEP8shm_if_si", "FFF Function: _ZN2ft31DPSTransferAreaCallbackFunctionEP8shm_if_si", "FFF Function: _ZN2ft31DPSTransferAreaCallbackFunctionEP8shm_if_si", "FFF Function: _ZN2ft31DPSTransferAreaCallbackFunctionEP8shm_if_si", "FFF Function: _ZN2ft31DPSTransferAreaCallbackFunctionEP8shm_if_si", "FFF Function: _ZN2ft31DPSTransferAreaCallbackFunctionEP8shm_if_si", "FFF Function: _ZN2ft31DPSTransferAreaCallbackFunctionEP8shm_if_si"]], [113, ["FFF Function: _ZN4mqtt10buffer_refIcED2Ev", "FFF Function: _ZN4mqtt10buffer_refIcED2Ev", "FFF Function: _ZN2ft31DPSTransferAreaCallbackFunctionEP8shm_if_si", "FFF Function: _ZN2ft31DPSTransferAreaCallbackFunctionEP8shm_if_si", "FFF Function: _ZN2ft31DPSTransferAreaCallbackFunctionEP8shm_if_si", "FFF Function: _ZN2ft31DPSTransferAreaCallbackFunctionEP8shm_if_si", "FFF Function: _ZN2ft31DPSTransferAreaCallbackFunctionEP8shm_if_si", "FFF Function: _ZN2ft31DPSTransferAreaCallbackFunctionEP8shm_if_si", "FFF Function: _ZN2ft31DPSTransferAreaCallbackFunctionEP8shm_if_si", "FFF Function: _ZN2ft31DPSTransferAreaCallbackFunctionEP8shm_if_si", "FFF Function: _ZN2ft31DPSTransferAreaCallbackFunctionEP8shm_if_si", "FFF Function: _ZN2ft31DPSTransferAreaCallbackFunctionEP8shm_if_si", "FFF Function: _ZN2ft31DPSTransferAreaCallbackFunctionEP8shm_if_si", "FFF Function: _ZN2ft31DPSTransferAreaCallbackFunctionEP8shm_if_si", "FFF Function: _ZN2ft31DPSTransferAreaCallbackFunctionEP8shm_if_si"]], [113, ["FFF Function: _ZNK4mqtt10buffer_refIcE3strB5cxx11Ev", "FFF Function: _ZNK4mqtt7message9get_topicB5cxx11Ev", "FFF Function: _ZNK4mqtt10buffer_refIcEcvbEv", "FFF Function: _ZNK4mqtt10buffer_refIcE3strB5cxx11Ev", "FFF Function: _ZN2ft31DPSTransferAreaCallbackFunctionEP8shm_if_si"]], [112, ["FFF Function: _ZN2ft15SubjectObserver6NotifyEv", "FFF Function: _ZN2ft31DPSTransferAreaCallbackFunctionEP8shm_if_si", "FFF Function: _ZN2ft31DPSTransferAreaCallbackFunctionEP8shm_if_si", "FFF Function: _ZN2ft31DPSTransferAreaCallbackFunctionEP8shm_if_si", "FFF Function: _ZN2ft31DPSTransferAreaCallbackFunctionEP8shm_if_si"]], [112, ["FFF Function: _ZN2ft15SubjectObserver6NotifyEv", "FFF Function: _ZN2ft31DPSTransferAreaCallbackFunctionEP8shm_if_si", "FFF Function: _ZN2ft31DPSTransferAreaCallbackFunctionEP8shm_if_si", "FFF Function: _ZN2ft31DPSTransferAreaCallbackFunctionEP8shm_if_si", "FFF Function: _ZN2ft31DPSTransferAreaCallbackFunctionEP8shm_if_si", "FFF Function: _ZN2ft31DPSTransferAreaCallbackFunctionEP8shm_if_si"]], [112, ["FFF Function: _ZN2ft31DPSTransferAreaCallbackFunctionEP8shm_if_si", "FFF Function: _ZN2ft15SubjectObserver6NotifyEv", "FFF Function: _ZN2ft31DPSTransferAreaCallbackFunctionEP8shm_if_si", "FFF Function: _ZN2ft31DPSTransferAreaCallbackFunctionEP8shm_if_si", "FFF Function: _ZN2ft31DPSTransferAreaCallbackFunctionEP8shm_if_si"]], [112, ["FFF Function: _ZN2ft31DPSTransferAreaCallbackFunctionEP8shm_if_si", "FFF Function: _ZN2ft15SubjectObserver6NotifyEv", "FFF Function: _ZN2ft31DPSTransferAreaCallbackFunctionEP8shm_if_si", "FFF Function: _ZN2ft31DPSTransferAreaCallbackFunctionEP8shm_if_si", "FFF Function: _ZN2ft31DPSTransferAreaCallbackFunctionEP8shm_if_si", "FFF Function: _ZN2ft31DPSTransferAreaCallbackFunctionEP8shm_if_si"]], [112, ["FFF Function: _ZN2ft31DPSTransferAreaCallbackFunctionEP8shm_if_si", "FFF Function: _ZN2ft31DPSTransferAreaCallbackFunctionEP8shm_if_si", "FFF Function: _ZN4mqtt10buffer_refIcED2Ev", "FFF Function: _ZN4mqtt10buffer_refIcED2Ev", "FFF Function: _ZN2ft31DPSTransferAreaCallbackFunctionEP8shm_if_si"]], [112, ["FFF Function: _ZN2ft31DPSTransferAreaCallbackFunctionEP8shm_if_si", "FFF Function: _ZN4mqtt10buffer_refIcED2Ev", "FFF Function: _ZN2ft31DPSTransferAreaCallbackFunctionEP8shm_if_si", "FFF Function: _ZN2ft31DPSTransferAreaCallbackFunctionEP8shm_if_si", "FFF Function: _ZN2ft31DPSTransferAreaCallbackFunctionEP8shm_if_si", "FFF Function: _ZN2ft31DPSTransferAreaCallbackFunctionEP8shm_if_si", "FFF Function: _ZN2ft31DPSTransferAreaCallbackFunctionEP8shm_if_si", "FFF Function: _ZN2ft31DPSTransferAreaCallbackFunctionEP8shm_if_si"]], [112, ["FFF Function: _ZN2ft31DPSTransferAreaCallbackFunctionEP8shm_if_si", "FFF Function: _ZN4mqtt10buffer_refIcED2Ev", "FFF Function: _ZN2ft31DPSTransferAreaCallbackFunctionEP8shm_if_si", "FFF Function: _ZN2ft31DPSTransferAreaCallbackFunctionEP8shm_if_si", "FFF Function: _ZN2ft31DPSTransferAreaCallbackFunctionEP8shm_if_si", "FFF Function: _ZN2ft31DPSTransferAreaCallbackFunctionEP8shm_if_si", "FFF Function: _ZN2ft31DPSTransferAreaCallbackFunctionEP8shm_if_si", "FFF Function: _ZN2ft31DPSTransferAreaCallbackFunctionEP8shm_if_si", "FFF Function: _ZN2ft31DPSTransferAreaCallbackFunctionEP8shm_if_si"]], [112, ["FFF Function: _ZN2ft31DPSTransferAreaCallbackFunctionEP8shm_if_si", "FFF Function: _ZN4mqtt10buffer_refIcED2Ev", "FFF Function: _ZN2ft31DPSTransferAreaCallbackFunctionEP8shm_if_si", "FFF Function: _ZN2ft31DPSTransferAreaCallbackFunctionEP8shm_if_si", "FFF Function: _ZN2ft31DPSTransferAreaCallbackFunctionEP8shm_if_si", "FFF Function: _ZN2ft31DPSTransferAreaCallbackFunctionEP8shm_if_si", "FFF Function: _ZN2ft31DPSTransferAreaCallbackFunctionEP8shm_if_si", "FFF Function: _ZN2ft31DPSTransferAreaCallbackFunctionEP8shm_if_si", "FFF Function: _ZN2ft31DPSTransferAreaCallbackFunctionEP8shm_if_si", "FFF Function: _ZN2ft31DPSTransferAreaCallbackFunctionEP8shm_if_si"]], [112, ["FFF Function: _ZN2ft31DPSTransferAreaCallbackFunctionEP8shm_if_si", "FFF Function: _ZN4mqtt10buffer_refIcED2Ev", "FFF Function: _ZN2ft31DPSTransferAreaCallbackFunctionEP8shm_if_si", "FFF Function: _ZN2ft31DPSTransferAreaCallbackFunctionEP8shm_if_si", "FFF Function: _ZN2ft31DPSTransferAreaCallbackFunctionEP8shm_if_si", "FFF Function: _ZN2ft31DPSTransferAreaCallbackFunctionEP8shm_if_si", "FFF Function: _ZN2ft31DPSTransferAreaCallbackFunctionEP8shm_if_si", "FFF Function: _ZN2ft31DPSTransferAreaCallbackFunctionEP8shm_if_si", "FFF Function: _ZN2ft31DPSTransferAreaCallbackFunctionEP8shm_if_si", "FFF Function: _ZN2ft31DPSTransferAreaCallbackFunctionEP8shm_if_si", "FFF Function: _ZN2ft31DPSTransferAreaCallbackFunctionEP8shm_if_si"]], [112, ["FFF Function: _ZN2ft31DPSTransferAreaCallbackFunctionEP8shm_if_si", "FFF Function: _ZN4mqtt10buffer_refIcED2Ev", "FFF Function: _ZN2ft31DPSTransferAreaCallbackFunctionEP8shm_if_si", "FFF Function: _ZN2ft31DPSTransferAreaCallbackFunctionEP8shm_if_si", "FFF Function: _ZN2ft31DPSTransferAreaCallbackFunctionEP8shm_if_si", "FFF Function: _ZN2ft31DPSTransferAreaCallbackFunctionEP8shm_if_si", "FFF Function: _ZN2ft31DPSTransferAreaCallbackFunctionEP8shm_if_si", "FFF Function: _ZN2ft31DPSTransferAreaCallbackFunctionEP8shm_if_si", "FFF Function: _ZN2ft31DPSTransferAreaCallbackFunctionEP8shm_if_si", "FFF Function: _ZN2ft31DPSTransferAreaCallbackFunctionEP8shm_if_si", "FFF Function: _ZN2ft31DPSTransferAreaCallbackFunctionEP8shm_if_si", "FFF Function: _ZN2ft31DPSTransferAreaCallbackFunctionEP8shm_if_si"]], [112, ["FFF Function: _ZN2ft31DPSTransferAreaCallbackFunctionEP8shm_if_si", "FFF Function: _ZN4mqtt10buffer_refIcED2Ev", "FFF Function: _ZN2ft31DPSTransferAreaCallbackFunctionEP8shm_if_si", "FFF Function: _ZN2ft31DPSTransferAreaCallbackFunctionEP8shm_if_si", "FFF Function: _ZN2ft31DPSTransferAreaCallbackFunctionEP8shm_if_si", "FFF Function: _ZN2ft31DPSTransferAreaCallbackFunctionEP8shm_if_si", "FFF Function: _ZN2ft31DPSTransferAreaCallbackFunctionEP8shm_if_si", "FFF Function: _ZN2ft31DPSTransferAreaCallbackFunctionEP8shm_if_si", "FFF Function: _ZN2ft31DPSTransferAreaCallbackFunctionEP8shm_if_si", "FFF Function: _ZN2ft31DPSTransferAreaCallbackFunctionEP8shm_if_si", "FFF Function: _ZN2ft31DPSTransferAreaCallbackFunctionEP8shm_if_si", "FFF Function: _ZN2ft31DPSTransferAreaCallbackFunctionEP8shm_if_si", "FFF Function: _ZN2ft31DPSTransferAreaCallbackFunctionEP8shm_if_si"]], [112, ["FFF Function: _ZN2ft31DPSTransferAreaCallbackFunctionEP8shm_if_si", "FFF Function: _ZN4mqtt10buffer_refIcED2Ev", "FFF Function: _ZN2ft31DPSTransferAreaCallbackFunctionEP8shm_if_si", "FFF Function: _ZN2ft31DPSTransferAreaCallbackFunctionEP8shm_if_si", "FFF Function: _ZN2ft31DPSTransferAreaCallbackFunctionEP8shm_if_si", "FFF Function: _ZN2ft31DPSTransferAreaCallbackFunctionEP8shm_if_si", "FFF Function: _ZN2ft31DPSTransferAreaCallbackFunctionEP8shm_if_si", "FFF Function: _ZN2ft31DPSTransferAreaCallbackFunctionEP8shm_if_si", "FFF Function: _ZN2ft31DPSTransferAreaCallbackFunctionEP8shm_if_si", "FFF Function: _ZN2ft31DPSTransferAreaCallbackFunctionEP8shm_if_si", "FFF Function: _ZN2ft31DPSTransferAreaCallbackFunctionEP8shm_if_si", "FFF Function: _ZN2ft31DPSTransferAreaCallbackFunctionEP8shm_if_si", "FFF Function: _ZN2ft31DPSTransferAreaCallbackFunctionEP8shm_if_si", "FFF Function: _ZN2ft31DPSTransferAreaCallbackFunctionEP8shm_if_si"]], [112, ["FFF Function: _ZN2ft31DPSTransferAreaCallbackFunctionEP8shm_if_si", "FFF Function: _ZN4mqtt10buffer_refIcED2Ev", "FFF Function: _ZN4mqtt10buffer_refIcED2Ev", "FFF Function: _ZN2ft31DPSTransferAreaCallbackFunctionEP8shm_if_si", "FFF Function: _ZN2ft31DPSTransferAreaCallbackFunctionEP8shm_if_si", "FFF Function: _ZN2ft31DPSTransferAreaCallbackFunctionEP8shm_if_si", "FFF Function: _ZN2ft31DPSTransferAreaCallbackFunctionEP8shm_if_si", "FFF Function: _ZN2ft31DPSTransferAreaCallbackFunctionEP8shm_if_si", "FFF Function: _ZN2ft31DPSTransferAreaCallbackFunctionEP8shm_if_si"]], [112, ["FFF Function: _ZN2ft31DPSTransferAreaCallbackFunctionEP8shm_if_si", "FFF Function: _ZN4mqtt10buffer_refIcED2Ev", "FFF Function: _ZN4mqtt10buffer_refIcED2Ev", "FFF Function: _ZN2ft31DPSTransferAreaCallbackFunctionEP8shm_if_si", "FFF Function: _ZN2ft31DPSTransferAreaCallbackFunctionEP8shm_if_si", "FFF Function: _ZN2ft31DPSTransferAreaCallbackFunctionEP8shm_if_si", "FFF Function: _ZN2ft31DPSTransferAreaCallbackFunctionEP8shm_if_si", "FFF Function: _ZN2ft31DPSTransferAreaCallbackFunctionEP8shm_if_si", "FFF Function: _ZN2ft31DPSTransferAreaCallbackFunctionEP8shm_if_si", "FFF Function: _ZN2ft31DPSTransferAreaCallbackFunctionEP8shm_if_si"]], [112, ["FFF Function: _ZN2ft31DPSTransferAreaCallbackFunctionEP8shm_if_si", "FFF Function: _ZN4mqtt10buffer_refIcED2Ev", "FFF Function: _ZN4mqtt10buffer_refIcED2Ev", "FFF Function: _ZN2ft31DPSTransferAreaCallbackFunctionEP8shm_if_si", "FFF Function: _ZN2ft31DPSTransferAreaCallbackFunctionEP8shm_if_si", "FFF Function: _ZN2ft31DPSTransferAreaCallbackFunctionEP8shm_if_si", "FFF Function: _ZN2ft31DPSTransferAreaCallbackFunctionEP8shm_if_si", "FFF Function: _ZN2ft31DPSTransferAreaCallbackFunctionEP8shm_if_si", "FFF Function: _ZN2ft31DPSTransferAreaCallbackFunctionEP8shm_if_si", "FFF Function: _ZN2ft31DPSTransferAreaCallbackFunctionEP8shm_if_si", "FFF Function: _ZN2ft31DPSTransferAreaCallbackFunctionEP8shm_if_si"]], [112, ["FFF Function: _ZN2ft31DPSTransferAreaCallbackFunctionEP8shm_if_si", "FFF Function: _ZN4mqtt10buffer_refIcED2Ev", "FFF Function: _ZN4mqtt10buffer_refIcED2Ev", "FFF Function: _ZN2ft31DPSTransferAreaCallbackFunctionEP8shm_if_si", "FFF Function: _ZN2ft31DPSTransferAreaCallbackFunctionEP8shm_if_si", "FFF Function: _ZN2ft31DPSTransferAreaCallbackFunctionEP8shm_if_si", "FFF Function: _ZN2ft31DPSTransferAreaCallbackFunctionEP8shm_if_si", "FFF Function: _ZN2ft31DPSTransferAreaCallbackFunctionEP8shm_if_si", "FFF Function: _ZN2ft31DPSTransferAreaCallbackFunctionEP8shm_if_si", "FFF Function: _ZN2ft31DPSTransferAreaCallbackFunctionEP8shm_if_si", "FFF Function: _ZN2ft31DPSTransferAreaCallbackFunctionEP8shm_if_si", "FFF Function: _ZN2ft31DPSTransferAreaCallbackFunctionEP8shm_if_si"]], [112, ["FFF Function: _ZN2ft31DPSTransferAreaCallbackFunctionEP8shm_if_si", "FFF Function: _ZN4mqtt10buffer_refIcED2Ev", "FFF Function: _ZN4mqtt10buffer_refIcED2Ev", "FFF Function: _ZN2ft31DPSTransferAreaCallbackFunctionEP8shm_if_si", "FFF Function: _ZN2ft31DPSTransferAreaCallbackFunctionEP8shm_if_si", "FFF Function: _ZN2ft31DPSTransferAreaCallbackFunctionEP8shm_if_si", "FFF Function: _ZN2ft31DPSTransferAreaCallbackFunctionEP8shm_if_si", "FFF Function: _ZN2ft31DPSTransferAreaCallbackFunctionEP8shm_if_si", "FFF Function: _ZN2ft31DPSTransferAreaCallbackFunctionEP8shm_if_si", "FFF Function: _ZN2ft31DPSTransferAreaCallbackFunctionEP8shm_if_si", "FFF Function: _ZN2ft31DPSTransferAreaCallbackFunctionEP8shm_if_si", "FFF Function: _ZN2ft31DPSTransferAreaCallbackFunctionEP8shm_if_si", "FFF Function: _ZN2ft31DPSTransferAreaCallbackFunctionEP8shm_if_si"]], [112, ["FFF Function: _ZN2ft31DPSTransferAreaCallbackFunctionEP8shm_if_si", "FFF Function: _ZN4mqtt10buffer_refIcED2Ev", "FFF Function: _ZN4mqtt10buffer_refIcED2Ev", "FFF Function: _ZN2ft31DPSTransferAreaCallbackFunctionEP8shm_if_si", "FFF Function: _ZN2ft31DPSTransferAreaCallbackFunctionEP8shm_if_si", "FFF Function: _ZN2ft31DPSTransferAreaCallbackFunctionEP8shm_if_si", "FFF Function: _ZN2ft31DPSTransferAreaCallbackFunctionEP8shm_if_si", "FFF Function: _ZN2ft31DPSTransferAreaCallbackFunctionEP8shm_if_si", "FFF Function: _ZN2ft31DPSTransferAreaCallbackFunctionEP8shm_if_si", "FFF Function: _ZN2ft31DPSTransferAreaCallbackFunctionEP8shm_if_si", "FFF Function: _ZN2ft31DPSTransferAreaCallbackFunctionEP8shm_if_si", "FFF Function: _ZN2ft31DPSTransferAreaCallbackFunctionEP8shm_if_si", "FFF Function: _ZN2ft31DPSTransferAreaCallbackFunctionEP8shm_if_si", "FFF Function: _ZN2ft31DPSTransferAreaCallbackFunctionEP8shm_if_si"]], [112, ["FFF Function: _ZN2ft31DPSTransferAreaCallbackFunctionEP8shm_if_si", "FFF Function: _ZN4mqtt10buffer_refIcED2Ev", "FFF Function: _ZN4mqtt10buffer_refIcED2Ev", "FFF Function: _ZN2ft31DPSTransferAreaCallbackFunctionEP8shm_if_si", "FFF Function: _ZN2ft31DPSTransferAreaCallbackFunctionEP8shm_if_si", "FFF Function: _ZN2ft31DPSTransferAreaCallbackFunctionEP8shm_if_si", "FFF Function: _ZN2ft31DPSTransferAreaCallbackFunctionEP8shm_if_si", "FFF Function: _ZN2ft31DPSTransferAreaCallbackFunctionEP8shm_if_si", "FFF Function: _ZN2ft31DPSTransferAreaCallbackFunctionEP8shm_if_si", "FFF Function: _ZN2ft31DPSTransferAreaCallbackFunctionEP8shm_if_si", "FFF Function: _ZN2ft31DPSTransferAreaCallbackFunctionEP8shm_if_si", "FFF Function: _ZN2ft31DPSTransferAreaCallbackFunctionEP8shm_if_si", "FFF Function: _ZN2ft31DPSTransferAreaCallbackFunctionEP8shm_if_si", "FFF Function: _ZN2ft31DPSTransferAreaCallbackFunctionEP8shm_if_si", "FFF Function: _ZN2ft31DPSTransferAreaCallbackFunctionEP8shm_if_si"]], [112, ["FFF Function: _ZNK4mqtt10buffer_refIcE3strB5cxx11Ev", "FFF Function: _ZNK4mqtt10buffer_refIcEcvbEv", "FFF Function: _ZNK4mqtt10buffer_refIcE3strB5cxx11Ev", "FFF Function: _ZN2ft31DPSTransferAreaCallbackFunctionEP8shm_if_si", "FFF Function: _ZN2ft31DPSTransferAreaCallbackFunctionEP8shm_if_si"]], [112, ["FFF Function: _ZNK4mqtt10buffer_refIcE3strB5cxx11Ev", "FFF Function: _ZNK4mqtt7message9get_topicB5cxx11Ev", "FFF Function: _ZNK4mqtt10buffer_refIcE3strB5cxx11Ev", "FFF Function: _ZN2ft31DPSTransferAreaCallbackFunctionEP8shm_if_si", "FFF Function: _ZN2ft31DPSTransferAreaCallbackFunctionEP8shm_if_si"]], [112, ["FFF Function: _ZNK4mqtt10buffer_refIcE3strB5cxx11Ev", "FFF Function: _ZNK4mqtt7message9get_topicB5cxx11Ev", "FFF Function: _ZNK4mqtt10buffer_refIcEcvbEv", "FFF Function: _ZN2ft31DPSTransferAreaCallbackFunctionEP8shm_if_si", "FFF Function: _ZN2ft31DPSTransferAreaCallbackFunctionEP8shm_if_si"]], [112, ["FFF Function: _ZNK4mqtt10buffer_refIcE3strB5cxx11Ev", "FFF Function: _ZNK4mqtt7message9get_topicB5cxx11Ev", "FFF Function: _ZNK4mqtt10buffer_refIcEcvbEv", "FFF Function: _ZNK4mqtt10buffer_refIcE3strB5cxx11Ev", "FFF Function: _ZN2ft31DPSTransferAreaCallbackFunctionEP8shm_if_si", "FFF Function: _ZN2ft31DPSTransferAreaCallbackFunctionEP8shm_if_si"]], [112, ["FFF Function: _ZNK4mqtt10buffer_refIcEcvbEv", "FFF Function: _ZNK4mqtt10buffer_refIcE3strB5cxx11Ev", "FFF Function: _ZNK4mqtt10buffer_refIcEcvbEv", "FFF Function: _ZNK4mqtt10buffer_refIcE3strB5cxx11Ev", "FFF Function: _ZN2ft31DPSTransferAreaCallbackFunctionEP8shm_if_si"]], [112, ["FFF Function: _ZNK4mqtt10buffer_refIcEcvbEv", "FFF Function: _ZNK4mqtt10buffer_refIcE3strB5cxx11Ev", "FFF Function: _ZNK4mqtt7message9get_topicB5cxx11Ev", "FFF Function: _ZNK4mqtt10buffer_refIcE3strB5cxx11Ev", "FFF Function: _ZN2ft31DPSTransferAreaCallbackFunctionEP8shm_if_si"]], [112, ["FFF Function: _ZNK4mqtt10buffer_refIcEcvbEv", "FFF Function: _ZNK4mqtt10buffer_refIcE3strB5cxx11Ev", "FFF Function: _ZNK4mqtt7message9get_topicB5cxx11Ev", "FFF Function: _ZNK4mqtt10buffer_refIcEcvbEv", "FFF Function: _ZN2ft31DPSTransferAreaCallbackFunctionEP8shm_if_si"]], [112, ["FFF Function: _ZNK4mqtt10buffer_refIcEcvbEv", "FFF Function: _ZNK4mqtt10buffer_refIcE3strB5cxx11Ev", "FFF Function: _ZNK4mqtt7message9get_topicB5cxx11Ev", "FFF Function: _ZNK4mqtt10buffer_refIcEcvbEv", "FFF Function: _ZNK4mqtt10buffer_refIcE3strB5cxx11Ev"]], [112, ["FFF Function: _ZNK4mqtt10buffer_refIcEcvbEv", "FFF Function: _ZNK4mqtt10buffer_refIcE3strB5cxx11Ev", "FFF Function: _ZNK4mqtt7message9get_topicB5cxx11Ev", "FFF Function: _ZNK4mqtt10buffer_refIcEcvbEv", "FFF Function: _ZNK4mqtt10buffer_refIcE3strB5cxx11Ev", "FFF Function: _ZN2ft31DPSTransferAreaCallbackFunctionEP8shm_if_si"]], [112, ["FFF Function: _ZNK4mqtt10buffer_refIcEcvbEv", "FFF Function: _ZNK4mqtt7message9get_topicB5cxx11Ev", "FFF Function: _ZNK4mqtt10buffer_refIcEcvbEv", "FFF Function: _ZNK4mqtt10buffer_refIcE3strB5cxx11Ev", "FFF Function: _ZN2ft31DPSTransferAreaCallbackFunctionEP8shm_if_si"]], [112, ["FFF Function: _ZNK4mqtt7message9get_topicB5cxx11Ev", "FFF Function: _ZNK4mqtt10buffer_refIcE3strB5cxx11Ev", "FFF Function: _ZNK4mqtt10buffer_refIcEcvbEv", "FFF Function: _ZNK4mqtt10buffer_refIcE3strB5cxx11Ev", "FFF Function: _ZN2ft31DPSTransferAreaCallbackFunctionEP8shm_if_si"]], [112, ["FFF Function: _ZNK4mqtt7message9get_topicB5cxx11Ev", "FFF Function: _ZNK4mqtt10buffer_refIcE3strB5cxx11Ev", "FFF Function: _ZNK4mqtt7message9get_topicB5cxx11Ev", "FFF Function: _ZNK4mqtt10buffer_refIcE3strB5cxx11Ev", "FFF Function: _ZN2ft31DPSTransferAreaCallbackFunctionEP8shm_if_si"]], [112, ["FFF Function: _ZNK4mqtt7message9get_topicB5cxx11Ev", "FFF Function: _ZNK4mqtt10buffer_refIcE3strB5cxx11Ev", "FFF Function: _ZNK4mqtt7message9get_topicB5cxx11Ev", "FFF Function: _ZNK4mqtt10buffer_refIcEcvbEv", "FFF Function: _ZN2ft31DPSTransferAreaCallbackFunctionEP8shm_if_si"]], [112, ["FFF Function: _ZNK4mqtt7message9get_topicB5cxx11Ev", "FFF Function: _ZNK4mqtt10buffer_refIcE3strB5cxx11Ev", "FFF Function: _ZNK4mqtt7message9get_topicB5cxx11Ev", "FFF Function: _ZNK4mqtt10buffer_refIcEcvbEv", "FFF Function: _ZNK4mqtt10buffer_refIcE3strB5cxx11Ev"]], [112, ["FFF Function: _ZNK4mqtt7message9get_topicB5cxx11Ev", "FFF Function: _ZNK4mqtt10buffer_refIcE3strB5cxx11Ev", "FFF Function: _ZNK4mqtt7message9get_topicB5cxx11Ev", "FFF Function: _ZNK4mqtt10buffer_refIcEcvbEv", "FFF Function: _ZNK4mqtt10buffer_refIcE3strB5cxx11Ev", "FFF Function: _ZN2ft31DPSTransferAreaCallbackFunctionEP8shm_if_si"]], [112, ["FFF Function: _ZNK4mqtt7message9get_topicB5cxx11Ev", "FFF Function: _ZNK4mqtt10buffer_refIcEcvbEv", "FFF Function: _ZNK4mqtt10buffer_refIcE3strB5cxx11Ev", "FFF Function: _ZN2ft31DPSTransferAreaCallbackFunctionEP8shm_if_si", "FFF Function: _ZN2ft31DPSTransferAreaCallbackFunctionEP8shm_if_si"]], [112, ["FFF Function: _ZNK4mqtt7message9get_topicB5cxx11Ev", "FFF Function: _ZNK4mqtt10buffer_refIcEcvbEv", "FFF Function: _ZNK4mqtt10buffer_refIcE3strB5cxx11Ev", "FFF Function: _ZNK4mqtt10buffer_refIcE3strB5cxx11Ev", "FFF Function: _ZN2ft31DPSTransferAreaCallbackFunctionEP8shm_if_si"]], [112, ["FFF Function: _ZNK4mqtt7message9get_topicB5cxx11Ev", "FFF Function: _ZNK4mqtt10buffer_refIcEcvbEv", "FFF Function: _ZNK4mqtt10buffer_refIcE3strB5cxx11Ev", "FFF Function: _ZNK4mqtt10buffer_refIcEcvbEv", "FFF Function: _ZN2ft31DPSTransferAreaCallbackFunctionEP8shm_if_si"]], [112, ["FFF Function: _ZNK4mqtt7message9get_topicB5cxx11Ev", "FFF Function: _ZNK4mqtt10buffer_refIcEcvbEv", "FFF Function: _ZNK4mqtt10buffer_refIcE3strB5cxx11Ev", "FFF Function: _ZNK4mqtt10buffer_refIcEcvbEv", "FFF Function: _ZNK4mqtt10buffer_refIcE3strB5cxx11Ev"]], [112, ["FFF Function: _ZNK4mqtt7message9get_topicB5cxx11Ev", "FFF Function: _ZNK4mqtt10buffer_refIcEcvbEv", "FFF Function: _ZNK4mqtt10buffer_refIcE3strB5cxx11Ev", "FFF Function: _ZNK4mqtt10buffer_refIcEcvbEv", "FFF Function: _ZNK4mqtt10buffer_refIcE3strB5cxx11Ev", "FFF Function: _ZN2ft31DPSTransferAreaCallbackFunctionEP8shm_if_si"]], [112, ["FFF Function: _ZNK4mqtt7message9get_topicB5cxx11Ev", "FFF Function: _ZNK4mqtt10buffer_refIcEcvbEv", "FFF Function: _ZNK4mqtt10buffer_refIcE3strB5cxx11Ev", "FFF Function: _ZNK4mqtt7message9get_topicB5cxx11Ev", "FFF Function: _ZN2ft31DPSTransferAreaCallbackFunctionEP8shm_if_si"]], [112, ["FFF Function: _ZNK4mqtt7message9get_topicB5cxx11Ev", "FFF Function: _ZNK4mqtt10buffer_refIcEcvbEv", "FFF Function: _ZNK4mqtt10buffer_refIcE3strB5cxx11Ev", "FFF Function: _ZNK4mqtt7message9get_topicB5cxx11Ev", "FFF Function: _ZNK4mqtt10buffer_refIcE3strB5cxx11Ev"]], [112, ["FFF Function: _ZNK4mqtt7message9get_topicB5cxx11Ev", "FFF Function: _ZNK4mqtt10buffer_refIcEcvbEv", "FFF Function: _ZNK4mqtt10buffer_refIcE3strB5cxx11Ev", "FFF Function: _ZNK4mqtt7message9get_topicB5cxx11Ev", "FFF Function: _ZNK4mqtt10buffer_refIcE3strB5cxx11Ev", "FFF Function: _ZN2ft31DPSTransferAreaCallbackFunctionEP8shm_if_si"]], [112, ["FFF Function: _ZNK4mqtt7message9get_topicB5cxx11Ev", "FFF Function: _ZNK4mqtt10buffer_refIcEcvbEv", "FFF Function: _ZNK4mqtt10buffer_refIcE3strB5cxx11Ev", "FFF Function: _ZNK4mqtt7message9get_topicB5cxx11Ev", "FFF Function: _ZNK4mqtt10buffer_refIcEcvbEv"]], [112, ["FFF Function: _ZNK4mqtt7message9get_topicB5cxx11Ev", "FFF Function: _ZNK4mqtt10buffer_refIcEcvbEv", "FFF Function: _ZNK4mqtt10buffer_refIcE3strB5cxx11Ev", "FFF Function: _ZNK4mqtt7message9get_topicB5cxx11Ev", "FFF Function: _ZNK4mqtt10buffer_refIcEcvbEv", "FFF Function: _ZN2ft31DPSTransferAreaCallbackFunctionEP8shm_if_si"]], [112, ["FFF Function: _ZNK4mqtt7message9get_topicB5cxx11Ev", "FFF Function: _ZNK4mqtt10buffer_refIcEcvbEv", "FFF Function: _ZNK4mqtt10buffer_refIcE3strB5cxx11Ev", "FFF Function: _ZNK4mqtt7message9get_topicB5cxx11Ev", "FFF Function: _ZNK4mqtt10buffer_refIcEcvbEv", "FFF Function: _ZNK4mqtt10buffer_refIcE3strB5cxx11Ev"]], [112, ["FFF Function: _ZNK4mqtt7message9get_topicB5cxx11Ev", "FFF Function: _ZNK4mqtt10buffer_refIcEcvbEv", "FFF Function: _ZNK4mqtt10buffer_refIcE3strB5cxx11Ev", "FFF Function: _ZNK4mqtt7message9get_topicB5cxx11Ev", "FFF Function: _ZNK4mqtt10buffer_refIcEcvbEv", "FFF Function: _ZNK4mqtt10buffer_refIcE3strB5cxx11Ev", "FFF Function: _ZN2ft31DPSTransferAreaCallbackFunctionEP8shm_if_si"]], [112, ["FFF Function: _ZNK4mqtt7message9get_topicB5cxx11Ev", "FFF Function: _ZNK4mqtt10buffer_refIcEcvbEv", "FFF Function: _ZNK4mqtt10buffer_refIcEcvbEv", "FFF Function: _ZNK4mqtt10buffer_refIcE3strB5cxx11Ev", "FFF Function: _ZN2ft31DPSTransferAreaCallbackFunctionEP8shm_if_si"]], [112, ["FFF Function: _ZNK4mqtt7message9get_topicB5cxx11Ev", "FFF Function: _ZNK4mqtt10buffer_refIcEcvbEv", "FFF Function: _ZNK4mqtt7message9get_topicB5cxx11Ev", "FFF Function: _ZNK4mqtt10buffer_refIcE3strB5cxx11Ev", "FFF Function: _ZN2ft31DPSTransferAreaCallbackFunctionEP8shm_if_si"]], [112, ["FFF Function: _ZNK4mqtt7message9get_topicB5cxx11Ev", "FFF Function: _ZNK4mqtt10buffer_refIcEcvbEv", "FFF Function: _ZNK4mqtt7message9get_topicB5cxx11Ev", "FFF Function: _ZNK4mqtt10buffer_refIcEcvbEv", "FFF Function: _ZN2ft31DPSTransferAreaCallbackFunctionEP8shm_if_si"]], [112, ["FFF Function: _ZNK4mqtt7message9get_topicB5cxx11Ev", "FFF Function: _ZNK4mqtt10buffer_refIcEcvbEv", "FFF Function: _ZNK4mqtt7message9get_topicB5cxx11Ev", "FFF Function: _ZNK4mqtt10buffer_refIcEcvbEv", "FFF Function: _ZNK4mqtt10buffer_refIcE3strB5cxx11Ev"]], [112, ["FFF Function: _ZNK4mqtt7message9get_topicB5cxx11Ev", "FFF Function: _ZNK4mqtt10buffer_refIcEcvbEv", "FFF Function: _ZNK4mqtt7message9get_topicB5cxx11Ev", "FFF Function: _ZNK4mqtt10buffer_refIcEcvbEv", "FFF Function: _ZNK4mqtt10buffer_refIcE3strB5cxx11Ev", "FFF Function: _ZN2ft31DPSTransferAreaCallbackFunctionEP8shm_if_si"]], [112, ["FFF Function: _ZNK4mqtt7message9get_topicB5cxx11Ev", "FFF Function: _ZNK4mqtt7message9get_topicB5cxx11Ev", "FFF Function: _ZNK4mqtt10buffer_refIcEcvbEv", "FFF Function: _ZNK4mqtt10buffer_refIcE3strB5cxx11Ev", "FFF Function: _ZN2ft31DPSTransferAreaCallbackFunctionEP8shm_if_si"]], [111, ["FFF Function: _ZN2ft15SubjectObserver6NotifyEv", "FFF Function: _ZN2ft31DPSTransferAreaCallbackFunctionEP8shm_if_si", "FFF Function: _ZN2ft31DPSTransferAreaCallbackFunctionEP8shm_if_si", "FFF Function: _ZN2ft31DPSTransferAreaCallbackFunctionEP8shm_if_si", "FFF Function: _ZN2ft31DPSTransferAreaCallbackFunctionEP8shm_if_si", "FFF Function: _ZN2ft31DPSTransferAreaCallbackFunctionEP8shm_if_si", "FFF Function: _ZN2ft31DPSTransferAreaCallbackFunctionEP8shm_if_si"]], [111, ["FFF Function: _ZN2ft15SubjectObserver6NotifyEv", "FFF Function: _ZN2ft31DPSTransferAreaCallbackFunctionEP8shm_if_si", "FFF Function: _ZN2ft31DPSTransferAreaCallbackFunctionEP8shm_if_si", "FFF Function: _ZN2ft31DPSTransferAreaCallbackFunctionEP8shm_if_si", "FFF Function: _ZN2ft31DPSTransferAreaCallbackFunctionEP8shm_if_si", "FFF Function: _ZN2ft31DPSTransferAreaCallbackFunctionEP8shm_if_si", "FFF Function: _ZN2ft31DPSTransferAreaCallbackFunctionEP8shm_if_si", "FFF Function: _ZN2ft31DPSTransferAreaCallbackFunctionEP8shm_if_si"]], [111, ["FFF Function: _ZN2ft15SubjectObserver6NotifyEv", "FFF Function: _ZN2ft31DPSTransferAreaCallbackFunctionEP8shm_if_si", "FFF Function: _ZN2ft31DPSTransferAreaCallbackFunctionEP8shm_if_si", "FFF Function: _ZN2ft31DPSTransferAreaCallbackFunctionEP8shm_if_si", "FFF Function: _ZN2ft31DPSTransferAreaCallbackFunctionEP8shm_if_si", "FFF Function: _ZN2ft31DPSTransferAreaCallbackFunctionEP8shm_if_si", "FFF Function: _ZN2ft31DPSTransferAreaCallbackFunctionEP8shm_if_si", "FFF Function: _ZN2ft31DPSTransferAreaCallbackFunctionEP8shm_if_si", "FFF Function: _ZN2ft31DPSTransferAreaCallbackFunctionEP8shm_if_si"]], [111, ["FFF Function: _ZN2ft15SubjectObserver6NotifyEv", "FFF Function: _ZN2ft31DPSTransferAreaCallbackFunctionEP8shm_if_si", "FFF Function: _ZN2ft31DPSTransferAreaCallbackFunctionEP8shm_if_si", "FFF Function: _ZN2ft31DPSTransferAreaCallbackFunctionEP8shm_if_si", "FFF Function: _ZN2ft31DPSTransferAreaCallbackFunctionEP8shm_if_si", "FFF Function: _ZN2ft31DPSTransferAreaCallbackFunctionEP8shm_if_si", "FFF Function: _ZN2ft31DPSTransferAreaCallbackFunctionEP8shm_if_si", "FFF Function: _ZN2ft31DPSTransferAreaCallbackFunctionEP8shm_if_si", "FFF Function: _ZN2ft31DPSTransferAreaCallbackFunctionEP8shm_if_si", "FFF Function: _ZN2ft31DPSTransferAreaCallbackFunctionEP8shm_if_si"]], [111, ["FFF Function: _ZN2ft31DPSTransferAreaCallbackFunctionEP8shm_if_si", "FFF Function: _ZN2ft15SubjectObserver6NotifyEv", "FFF Function: _ZN2ft31DPSTransferAreaCallbackFunctionEP8shm_if_si", "FFF Function: _ZN2ft31DPSTransferAreaCallbackFunctionEP8shm_if_si", "FFF Function: _ZN2ft31DPSTransferAreaCallbackFunctionEP8shm_if_si", "FFF Function: _ZN2ft31DPSTransferAreaCallbackFunctionEP8shm_if_si", "FFF Function: _ZN2ft31DPSTransferAreaCallbackFunctionEP8shm_if_si"]], [111, ["FFF Function: _ZN2ft31DPSTransferAreaCallbackFunctionEP8shm_if_si", "FFF Function: _ZN2ft31DPSTransferAreaCallbackFunctionEP8shm_if_si", "FFF Function: _ZN2ft15SubjectObserver6NotifyEv", "FFF Function: _ZN2ft31DPSTransferAreaCallbackFunctionEP8shm_if_si", "FFF Function: _ZN2ft31DPSTransferAreaCallbackFunctionEP8shm_if_si"]], [111, ["FFF Function: _ZN2ft31DPSTransferAreaCallbackFunctionEP8shm_if_si", "FFF Function: _ZN2ft31DPSTransferAreaCallbackFunctionEP8shm_if_si", "FFF Function: _ZN2ft15SubjectObserver6NotifyEv", "FFF Function: _ZN2ft31DPSTransferAreaCallbackFunctionEP8shm_if_si", "FFF Function: _ZN2ft31DPSTransferAreaCallbackFunctionEP8shm_if_si", "FFF Function: _ZN2ft31DPSTransferAreaCallbackFunctionEP8shm_if_si"]], [111, ["FFF Function: _ZN2ft31DPSTransferAreaCallbackFunctionEP8shm_if_si", "FFF Function: _ZN2ft31DPSTransferAreaCallbackFunctionEP8shm_if_si", "FFF Function: _ZN2ft15SubjectObserver6NotifyEv", "FFF Function: _ZN2ft31DPSTransferAreaCallbackFunctionEP8shm_if_si", "FFF Function: _ZN2ft31DPSTransferAreaCallbackFunctionEP8shm_if_si", "FFF Function: _ZN2ft31DPSTransferAreaCallbackFunctionEP8shm_if_si", "FFF Function: _ZN2ft31DPSTransferAreaCallbackFunctionEP8shm_if_si"]], [111, ["FFF Function: _ZN2ft31DPSTransferAreaCallbackFunctionEP8shm_if_si", "FFF Function: _ZN2ft31DPSTransferAreaCallbackFunctionEP8shm_if_si", "FFF Function: _ZN2ft31DPSTransferAreaCallbackFunctionEP8shm_if_si", "FFF Function: _ZN2ft15SubjectObserver6NotifyEv", "FFF Function: _ZN2ft31DPSTransferAreaCallbackFunctionEP8shm_if_si"]], [111, ["FFF Function: _ZN2ft31DPSTransferAreaCallbackFunctionEP8shm_if_si", "FFF Function: _ZN2ft31DPSTransferAreaCallbackFunctionEP8shm_if_si", "FFF Function: _ZN2ft31DPSTransferAreaCallbackFunctionEP8shm_if_si", "FFF Function: _ZN2ft31DPSTransferAreaCallbackFunctionEP8shm_if_si", "FFF Function: _ZN2ft15SubjectObserver6NotifyEv", "FFF Function: _ZN2ft31DPSTransferAreaCallbackFunctionEP8shm_if_si"]], [111, ["FFF Function: _ZN2ft31DPSTransferAreaCallbackFunctionEP8shm_if_si", "FFF Function: _ZN2ft31DPSTransferAreaCallbackFunctionEP8shm_if_si", "FFF Function: _ZN2ft31DPSTransferAreaCallbackFunctionEP8shm_if_si", "FFF Function: _ZN2ft31DPSTransferAreaCallbackFunctionEP8shm_if_si", "FFF Function: _ZN2ft31DPSTransferAreaCallbackFunctionEP8shm_if_si", "FFF Function: _ZN2ft31DPSTransferAreaCallbackFunctionEP8shm_if_si", "FFF Function: _ZN2ft31DPSTransferAreaCallbackFunctionEP8shm_if_si", "FFF Function: _ZN2ft31DPSTransferAreaCallbackFunctionEP8shm_if_si", "FFF Function: _ZN2ft31DPSTransferAreaCallbackFunctionEP8shm_if_si", "FFF Function: _ZN2ft31DPSTransferAreaCallbackFunctionEP8shm_if_si", "FFF Function: _ZN2ft31DPSTransferAreaCallbackFunctionEP8shm_if_si", "FFF Function: _ZN2ft31DPSTransferAreaCallbackFunctionEP8shm_if_si", "FFF Function: _ZN2ft15SubjectObserver6NotifyEv"]], [111, ["FFF Function: _ZN2ft31DPSTransferAreaCallbackFunctionEP8shm_if_si", "FFF Function: _ZN2ft31DPSTransferAreaCallbackFunctionEP8shm_if_si", "FFF Function: _ZN4mqtt10buffer_refIcED2Ev", "FFF Function: _ZN2ft31DPSTransferAreaCallbackFunctionEP8shm_if_si", "FFF Function: _ZN2ft31DPSTransferAreaCallbackFunctionEP8shm_if_si"]], [111, ["FFF Function: _ZN2ft31DPSTransferAreaCallbackFunctionEP8shm_if_si", "FFF Function: _ZN2ft31DPSTransferAreaCallbackFunctionEP8shm_if_si", "FFF Function: _ZN4mqtt10buffer_refIcED2Ev", "FFF Function: _ZN2ft31DPSTransferAreaCallbackFunctionEP8shm_if_si", "FFF Function: _ZN2ft31DPSTransferAreaCallbackFunctionEP8shm_if_si", "FFF Function: _ZN2ft31DPSTransferAreaCallbackFunctionEP8shm_if_si"]], [111, ["FFF Function: _ZN2ft31DPSTransferAreaCallbackFunctionEP8shm_if_si", "FFF Function: _ZN2ft31DPSTransferAreaCallbackFunctionEP8shm_if_si", "FFF Function: _ZN4mqtt10buffer_refIcED2Ev", "FFF Function: _ZN2ft31DPSTransferAreaCallbackFunctionEP8shm_if_si", "FFF Function: _ZN2ft31DPSTransferAreaCallbackFunctionEP8shm_if_si", "FFF Function: _ZN2ft31DPSTransferAreaCallbackFunctionEP8shm_if_si", "FFF Function: _ZN2ft31DPSTransferAreaCallbackFunctionEP8shm_if_si"]], [111, ["FFF Function: _ZN2ft31DPSTransferAreaCallbackFunctionEP8shm_if_si", "FFF Function: _ZN2ft31DPSTransferAreaCallbackFunctionEP8shm_if_si", "FFF Function: _ZN4mqtt10buffer_refIcED2Ev", "FFF Function: _ZN2ft31DPSTransferAreaCallbackFunctionEP8shm_if_si", "FFF Function: _ZN2ft31DPSTransferAreaCallbackFunctionEP8shm_if_si", "FFF Function: _ZN2ft31DPSTransferAreaCallbackFunctionEP8shm_if_si", "FFF Function: _ZN2ft31DPSTransferAreaCallbackFunctionEP8shm_if_si", "FFF Function: _ZN2ft31DPSTransferAreaCallbackFunctionEP8shm_if_si"]], [111, ["FFF Function: _ZN2ft31DPSTransferAreaCallbackFunctionEP8shm_if_si", "FFF Function: _ZN2ft31DPSTransferAreaCallbackFunctionEP8shm_if_si", "FFF Function: _ZN4mqtt10buffer_refIcED2Ev", "FFF Function: _ZN4mqtt10buffer_refIcED2Ev", "FFF Function: _ZN2ft31DPSTransferAreaCallbackFunctionEP8shm_if_si", "FFF Function: _ZN2ft31DPSTransferAreaCallbackFunctionEP8shm_if_si"]], [111, ["FFF Function: _ZN2ft31DPSTransferAreaCallbackFunctionEP8shm_if_si", "FFF Function: _ZN2ft31DPSTransferAreaCallbackFunctionEP8shm_if_si", "FFF Function: _ZN4mqtt10buffer_refIcED2Ev", "FFF Function: _ZN4mqtt10buffer_refIcED2Ev", "FFF Function: _ZN2ft31DPSTransferAreaCallbackFunctionEP8shm_if_si", "FFF Function: _ZN2ft31DPSTransferAreaCallbackFunctionEP8shm_if_si", "FFF Function: _ZN2ft31DPSTransferAreaCallbackFunctionEP8shm_if_si"]], [111, ["FFF Function: _ZN2ft31DPSTransferAreaCallbackFunctionEP8shm_if_si", "FFF Function: _ZN2ft31DPSTransferAreaCallbackFunctionEP8shm_if_si", "FFF Function: _ZN4mqtt10buffer_refIcED2Ev", "FFF Function: _ZN4mqtt10buffer_refIcED2Ev", "FFF Function: _ZN2ft31DPSTransferAreaCallbackFunctionEP8shm_if_si", "FFF Function: _ZN2ft31DPSTransferAreaCallbackFunctionEP8shm_if_si", "FFF Function: _ZN2ft31DPSTransferAreaCallbackFunctionEP8shm_if_si", "FFF Function: _ZN2ft31DPSTransferAreaCallbackFunctionEP8shm_if_si"]], [111, ["FFF Function: _ZN2ft31DPSTransferAreaCallbackFunctionEP8shm_if_si", "FFF Function: _ZN2ft31DPSTransferAreaCallbackFunctionEP8shm_if_si", "FFF Function: _ZN4mqtt10buffer_refIcED2Ev", "FFF Function: _ZN4mqtt10buffer_refIcED2Ev", "FFF Function: _ZN2ft31DPSTransferAreaCallbackFunctionEP8shm_if_si", "FFF Function: _ZN2ft31DPSTransferAreaCallbackFunctionEP8shm_if_si", "FFF Function: _ZN2ft31DPSTransferAreaCallbackFunctionEP8shm_if_si", "FFF Function: _ZN2ft31DPSTransferAreaCallbackFunctionEP8shm_if_si", "FFF Function: _ZN2ft31DPSTransferAreaCallbackFunctionEP8shm_if_si"]], [111, ["FFF Function: _ZN4mqtt10buffer_refIcED2Ev", "FFF Function: _ZN2ft31DPSTransferAreaCallbackFunctionEP8shm_if_si", "FFF Function: _ZN2ft31DPSTransferAreaCallbackFunctionEP8shm_if_si", "FFF Function: _ZN2ft31DPSTransferAreaCallbackFunctionEP8shm_if_si", "FFF Function: _ZN2ft31DPSTransferAreaCallbackFunctionEP8shm_if_si", "FFF Function: _ZN2ft31DPSTransferAreaCallbackFunctionEP8shm_if_si", "FFF Function: _ZN2ft31DPSTransferAreaCallbackFunctionEP8shm_if_si", "FFF Function: _ZN2ft31DPSTransferAreaCallbackFunctionEP8shm_if_si", "FFF Function: _ZN2ft31DPSTransferAreaCallbackFunctionEP8shm_if_si", "FFF Function: _ZN2ft31DPSTransferAreaCallbackFunctionEP8shm_if_si", "FFF Function: _ZN2ft31DPSTransferAreaCallbackFunctionEP8shm_if_si", "FFF Function: _ZN2ft31DPSTransferAreaCallbackFunctionEP8shm_if_si", "FFF Function: _ZN2ft31DPSTransferAreaCallbackFunctionEP8shm_if_si", "FFF Function: _ZN2ft31DPSTransferAreaCallbackFunctionEP8shm_if_si", "FFF Function: _ZN2ft31DPSTransferAreaCallbackFunctionEP8shm_if_si"]], [111, ["FFF Function: _ZNK4mqtt10buffer_refIcE3strB5cxx11Ev", "FFF Function: _ZN2ft31DPSTransferAreaCallbackFunctionEP8shm_if_si", "FFF Function: _ZN2ft31DPSTransferAreaCallbackFunctionEP8shm_if_si", "FFF Function: _ZN2ft31DPSTransferAreaCallbackFunctionEP8shm_if_si", "FFF Function: _ZN2ft31DPSTransferAreaCallbackFunctionEP8shm_if_si"]], [111, ["FFF Function: _ZNK4mqtt10buffer_refIcE3strB5cxx11Ev", "FFF Function: _ZN2ft31DPSTransferAreaCallbackFunctionEP8shm_if_si", "FFF Function: _ZN2ft31DPSTransferAreaCallbackFunctionEP8shm_if_si", "FFF Function: _ZN2ft31DPSTransferAreaCallbackFunctionEP8shm_if_si", "FFF Function: _ZN2ft31DPSTransferAreaCallbackFunctionEP8shm_if_si", "FFF Function: _ZN2ft31DPSTransferAreaCallbackFunctionEP8shm_if_si"]], [111, ["FFF Function: _ZNK4mqtt10buffer_refIcE3strB5cxx11Ev", "FFF Function: _ZNK4mqtt10buffer_refIcE3strB5cxx11Ev", "FFF Function: _ZN2ft31DPSTransferAreaCallbackFunctionEP8shm_if_si", "FFF Function: _ZN2ft31DPSTransferAreaCallbackFunctionEP8shm_if_si", "FFF Function: _ZN2ft31DPSTransferAreaCallbackFunctionEP8shm_if_si"]], [111, ["FFF Function: _ZNK4mqtt10buffer_refIcE3strB5cxx11Ev", "FFF Function: _ZNK4mqtt10buffer_refIcE3strB5cxx11Ev", "FFF Function: _ZN2ft31DPSTransferAreaCallbackFunctionEP8shm_if_si", "FFF Function: _ZN2ft31DPSTransferAreaCallbackFunctionEP8shm_if_si", "FFF Function: _ZN2ft31DPSTransferAreaCallbackFunctionEP8shm_if_si", "FFF Function: _ZN2ft31DPSTransferAreaCallbackFunctionEP8shm_if_si"]], [111, ["FFF Function: _ZNK4mqtt10buffer_refIcE3strB5cxx11Ev", "FFF Function: _ZNK4mqtt10buffer_refIcE3strB5cxx11Ev", "FFF Function: _ZN2ft31DPSTransferAreaCallbackFunctionEP8shm_if_si", "FFF Function: _ZN2ft31DPSTransferAreaCallbackFunctionEP8shm_if_si", "FFF Function: _ZN2ft31DPSTransferAreaCallbackFunctionEP8shm_if_si", "FFF Function: _ZN2ft31DPSTransferAreaCallbackFunctionEP8shm_if_si", "FFF Function: _ZN2ft31DPSTransferAreaCallbackFunctionEP8shm_if_si"]], [111, ["FFF Function: _ZNK4mqtt10buffer_refIcE3strB5cxx11Ev", "FFF Function: _ZNK4mqtt10buffer_refIcEcvbEv", "FFF Function: _ZN2ft31DPSTransferAreaCallbackFunctionEP8shm_if_si", "FFF Function: _ZN2ft31DPSTransferAreaCallbackFunctionEP8shm_if_si", "FFF Function: _ZN2ft31DPSTransferAreaCallbackFunctionEP8shm_if_si"]], [111, ["FFF Function: _ZNK4mqtt10buffer_refIcE3strB5cxx11Ev", "FFF Function: _ZNK4mqtt10buffer_refIcEcvbEv", "FFF Function: _ZN2ft31DPSTransferAreaCallbackFunctionEP8shm_if_si", "FFF Function: _ZN2ft31DPSTransferAreaCallbackFunctionEP8shm_if_si", "FFF Function: _ZN2ft31DPSTransferAreaCallbackFunctionEP8shm_if_si", "FFF Function: _ZN2ft31DPSTransferAreaCallbackFunctionEP8shm_if_si"]], [111, ["FFF Function: _ZNK4mqtt10buffer_refIcE3strB5cxx11Ev", "FFF Function: _ZNK4mqtt10buffer_refIcEcvbEv", "FFF Function: _ZN2ft31DPSTransferAreaCallbackFunctionEP8shm_if_si", "FFF Function: _ZN2ft31DPSTransferAreaCallbackFunctionEP8shm_if_si", "FFF Function: _ZN2ft31DPSTransferAreaCallbackFunctionEP8shm_if_si", "FFF Function: _ZN2ft31DPSTransferAreaCallbackFunctionEP8shm_if_si", "FFF Function: _ZN2ft31DPSTransferAreaCallbackFunctionEP8shm_if_si"]], [111, ["FFF Function: _ZNK4mqtt10buffer_refIcE3strB5cxx11Ev", "FFF Function: _ZNK4mqtt10buffer_refIcEcvbEv", "FFF Function: _ZNK4mqtt10buffer_refIcE3strB5cxx11Ev", "FFF Function: _ZN2ft31DPSTransferAreaCallbackFunctionEP8shm_if_si", "FFF Function: _ZN2ft31DPSTransferAreaCallbackFunctionEP8shm_if_si", "FFF Function: _ZN2ft31DPSTransferAreaCallbackFunctionEP8shm_if_si"]], [111, ["FFF Function: _ZNK4mqtt10buffer_refIcE3strB5cxx11Ev", "FFF Function: _ZNK4mqtt10buffer_refIcEcvbEv", "FFF Function: _ZNK4mqtt10buffer_refIcE3strB5cxx11Ev", "FFF Function: _ZN2ft31DPSTransferAreaCallbackFunctionEP8shm_if_si", "FFF Function: _ZN2ft31DPSTransferAreaCallbackFunctionEP8shm_if_si", "FFF Function: _ZN2ft31DPSTransferAreaCallbackFunctionEP8shm_if_si", "FFF Function: _ZN2ft31DPSTransferAreaCallbackFunctionEP8shm_if_si"]], [111, ["FFF Function: _ZNK4mqtt10buffer_refIcE3strB5cxx11Ev", "FFF Function: _ZNK4mqtt10buffer_refIcEcvbEv", "FFF Function: _ZNK4mqtt10buffer_refIcE3strB5cxx11Ev", "FFF Function: _ZN2ft31DPSTransferAreaCallbackFunctionEP8shm_if_si", "FFF Function: _ZN2ft31DPSTransferAreaCallbackFunctionEP8shm_if_si", "FFF Function: _ZN2ft31DPSTransferAreaCallbackFunctionEP8shm_if_si", "FFF Function: _ZN2ft31DPSTransferAreaCallbackFunctionEP8shm_if_si", "FFF Function: _ZN2ft31DPSTransferAreaCallbackFunctionEP8shm_if_si"]], [111, ["FFF Function: _ZNK4mqtt10buffer_refIcE3strB5cxx11Ev", "FFF Function: _ZNK4mqtt7message9get_topicB5cxx11Ev", "FFF Function: _ZN2ft31DPSTransferAreaCallbackFunctionEP8shm_if_si", "FFF Function: _ZN2ft31DPSTransferAreaCallbackFunctionEP8shm_if_si", "FFF Function: _ZN2ft31DPSTransferAreaCallbackFunctionEP8shm_if_si"]], [111, ["FFF Function: _ZNK4mqtt10buffer_refIcE3strB5cxx11Ev", "FFF Function: _ZNK4mqtt7message9get_topicB5cxx11Ev", "FFF Function: _ZN2ft31DPSTransferAreaCallbackFunctionEP8shm_if_si", "FFF Function: _ZN2ft31DPSTransferAreaCallbackFunctionEP8shm_if_si", "FFF Function: _ZN2ft31DPSTransferAreaCallbackFunctionEP8shm_if_si", "FFF Function: _ZN2ft31DPSTransferAreaCallbackFunctionEP8shm_if_si"]], [111, ["FFF Function: _ZNK4mqtt10buffer_refIcE3strB5cxx11Ev", "FFF Function: _ZNK4mqtt7message9get_topicB5cxx11Ev", "FFF Function: _ZN2ft31DPSTransferAreaCallbackFunctionEP8shm_if_si", "FFF Function: _ZN2ft31DPSTransferAreaCallbackFunctionEP8shm_if_si", "FFF Function: _ZN2ft31DPSTransferAreaCallbackFunctionEP8shm_if_si", "FFF Function: _ZN2ft31DPSTransferAreaCallbackFunctionEP8shm_if_si", "FFF Function: _ZN2ft31DPSTransferAreaCallbackFunctionEP8shm_if_si"]], [111, ["FFF Function: _ZNK4mqtt10buffer_refIcE3strB5cxx11Ev", "FFF Function: _ZNK4mqtt7message9get_topicB5cxx11Ev", "FFF Function: _ZNK4mqtt10buffer_refIcE3strB5cxx11Ev", "FFF Function: _ZN2ft31DPSTransferAreaCallbackFunctionEP8shm_if_si", "FFF Function: _ZN2ft31DPSTransferAreaCallbackFunctionEP8shm_if_si", "FFF Function: _ZN2ft31DPSTransferAreaCallbackFunctionEP8shm_if_si"]], [111, ["FFF Function: _ZNK4mqtt10buffer_refIcE3strB5cxx11Ev", "FFF Function: _ZNK4mqtt7message9get_topicB5cxx11Ev", "FFF Function: _ZNK4mqtt10buffer_refIcE3strB5cxx11Ev", "FFF Function: _ZN2ft31DPSTransferAreaCallbackFunctionEP8shm_if_si", "FFF Function: _ZN2ft31DPSTransferAreaCallbackFunctionEP8shm_if_si", "FFF Function: _ZN2ft31DPSTransferAreaCallbackFunctionEP8shm_if_si", "FFF Function: _ZN2ft31DPSTransferAreaCallbackFunctionEP8shm_if_si"]], [111, ["FFF Function: _ZNK4mqtt10buffer_refIcE3strB5cxx11Ev", "FFF Function: _ZNK4mqtt7message9get_topicB5cxx11Ev", "FFF Function: _ZNK4mqtt10buffer_refIcE3strB5cxx11Ev", "FFF Function: _ZN2ft31DPSTransferAreaCallbackFunctionEP8shm_if_si", "FFF Function: _ZN2ft31DPSTransferAreaCallbackFunctionEP8shm_if_si", "FFF Function: _ZN2ft31DPSTransferAreaCallbackFunctionEP8shm_if_si", "FFF Function: _ZN2ft31DPSTransferAreaCallbackFunctionEP8shm_if_si", "FFF Function: _ZN2ft31DPSTransferAreaCallbackFunctionEP8shm_if_si"]], [111, ["FFF Function: _ZNK4mqtt10buffer_refIcE3strB5cxx11Ev", "FFF Function: _ZNK4mqtt7message9get_topicB5cxx11Ev", "FFF Function: _ZNK4mqtt10buffer_refIcEcvbEv", "FFF Function: _ZN2ft31DPSTransferAreaCallbackFunctionEP8shm_if_si", "FFF Function: _ZN2ft31DPSTransferAreaCallbackFunctionEP8shm_if_si", "FFF Function: _ZN2ft31DPSTransferAreaCallbackFunctionEP8shm_if_si"]], [111, ["FFF Function: _ZNK4mqtt10buffer_refIcE3strB5cxx11Ev", "FFF Function: _ZNK4mqtt7message9get_topicB5cxx11Ev", "FFF Function: _ZNK4mqtt10buffer_refIcEcvbEv", "FFF Function: _ZN2ft31DPSTransferAreaCallbackFunctionEP8shm_if_si", "FFF Function: _ZN2ft31DPSTransferAreaCallbackFunctionEP8shm_if_si", "FFF Function: _ZN2ft31DPSTransferAreaCallbackFunctionEP8shm_if_si", "FFF Function: _ZN2ft31DPSTransferAreaCallbackFunctionEP8shm_if_si"]], [111, ["FFF Function: _ZNK4mqtt10buffer_refIcE3strB5cxx11Ev", "FFF Function: _ZNK4mqtt7message9get_topicB5cxx11Ev", "FFF Function: _ZNK4mqtt10buffer_refIcEcvbEv", "FFF Function: _ZN2ft31DPSTransferAreaCallbackFunctionEP8shm_if_si", "FFF Function: _ZN2ft31DPSTransferAreaCallbackFunctionEP8shm_if_si", "FFF Function: _ZN2ft31DPSTransferAreaCallbackFunctionEP8shm_if_si", "FFF Function: _ZN2ft31DPSTransferAreaCallbackFunctionEP8shm_if_si", "FFF Function: _ZN2ft31DPSTransferAreaCallbackFunctionEP8shm_if_si"]], [111, ["FFF Function: _ZNK4mqtt10buffer_refIcE3strB5cxx11Ev", "FFF Function: _ZNK4mqtt7message9get_topicB5cxx11Ev", "FFF Function: _ZNK4mqtt10buffer_refIcEcvbEv", "FFF Function: _ZNK4mqtt10buffer_refIcE3strB5cxx11Ev", "FFF Function: _ZN2ft31DPSTransferAreaCallbackFunctionEP8shm_if_si", "FFF Function: _ZN2ft31DPSTransferAreaCallbackFunctionEP8shm_if_si", "FFF Function: _ZN2ft31DPSTransferAreaCallbackFunctionEP8shm_if_si"]], [111, ["FFF Function: _ZNK4mqtt10buffer_refIcE3strB5cxx11Ev", "FFF Function: _ZNK4mqtt7message9get_topicB5cxx11Ev", "FFF Function: _ZNK4mqtt10buffer_refIcEcvbEv", "FFF Function: _ZNK4mqtt10buffer_refIcE3strB5cxx11Ev", "FFF Function: _ZN2ft31DPSTransferAreaCallbackFunctionEP8shm_if_si", "FFF Function: _ZN2ft31DPSTransferAreaCallbackFunctionEP8shm_if_si", "FFF Function: _ZN2ft31DPSTransferAreaCallbackFunctionEP8shm_if_si", "FFF Function: _ZN2ft31DPSTransferAreaCallbackFunctionEP8shm_if_si"]], [111, ["FFF Function: _ZNK4mqtt10buffer_refIcE3strB5cxx11Ev", "FFF Function: _ZNK4mqtt7message9get_topicB5cxx11Ev", "FFF Function: _ZNK4mqtt10buffer_refIcEcvbEv", "FFF Function: _ZNK4mqtt10buffer_refIcE3strB5cxx11Ev", "FFF Function: _ZN2ft31DPSTransferAreaCallbackFunctionEP8shm_if_si", "FFF Function: _ZN2ft31DPSTransferAreaCallbackFunctionEP8shm_if_si", "FFF Function: _ZN2ft31DPSTransferAreaCallbackFunctionEP8shm_if_si", "FFF Function: _ZN2ft31DPSTransferAreaCallbackFunctionEP8shm_if_si", "FFF Function: _ZN2ft31DPSTransferAreaCallbackFunctionEP8shm_if_si"]], [111, ["FFF Function: _ZNK4mqtt10buffer_refIcE5emptyEv", "FFF Function: _ZNK4mqtt7message9get_topicB5cxx11Ev", "FFF Function: _ZNK4mqtt10buffer_refIcEcvbEv", "FFF Function: _ZNK4mqtt10buffer_refIcE3strB5cxx11Ev", "FFF Function: _ZNK4mqtt7message9get_topicB5cxx11Ev"]], [111, ["FFF Function: _ZNK4mqtt10buffer_refIcE5emptyEv", "FFF Function: _ZNK4mqtt7message9get_topicB5cxx11Ev", "FFF Function: _ZNK4mqtt10buffer_refIcEcvbEv", "FFF Function: _ZNK4mqtt10buffer_refIcE3strB5cxx11Ev", "FFF Function: _ZNK4mqtt7message9get_topicB5cxx11Ev", "FFF Function: _ZNK4mqtt10buffer_refIcE3strB5cxx11Ev"]], [111, ["FFF Function: _ZNK4mqtt10buffer_refIcE5emptyEv", "FFF Function: _ZNK4mqtt7message9get_topicB5cxx11Ev", "FFF Function: _ZNK4mqtt10buffer_refIcEcvbEv", "FFF Function: _ZNK4mqtt10buffer_refIcE3strB5cxx11Ev", "FFF Function: _ZNK4mqtt7message9get_topicB5cxx11Ev", "FFF Function: _ZNK4mqtt10buffer_refIcE3strB5cxx11Ev", "FFF Function: _ZN2ft31DPSTransferAreaCallbackFunctionEP8shm_if_si"]], [111, ["FFF Function: _ZNK4mqtt10buffer_refIcE5emptyEv", "FFF Function: _ZNK4mqtt7message9get_topicB5cxx11Ev", "FFF Function: _ZNK4mqtt10buffer_refIcEcvbEv", "FFF Function: _ZNK4mqtt10buffer_refIcE3strB5cxx11Ev", "FFF Function: _ZNK4mqtt7message9get_topicB5cxx11Ev", "FFF Function: _ZNK4mqtt10buffer_refIcEcvbEv"]], [111, ["FFF Function: _ZNK4mqtt10buffer_refIcE5emptyEv", "FFF Function: _ZNK4mqtt7message9get_topicB5cxx11Ev", "FFF Function: _ZNK4mqtt10buffer_refIcEcvbEv", "FFF Function: _ZNK4mqtt10buffer_refIcE3strB5cxx11Ev", "FFF Function: _ZNK4mqtt7message9get_topicB5cxx11Ev", "FFF Function: _ZNK4mqtt10buffer_refIcEcvbEv", "FFF Function: _ZN2ft31DPSTransferAreaCallbackFunctionEP8shm_if_si"]], [111, ["FFF Function: _ZNK4mqtt10buffer_refIcE5emptyEv", "FFF Function: _ZNK4mqtt7message9get_topicB5cxx11Ev", "FFF Function: _ZNK4mqtt10buffer_refIcEcvbEv", "FFF Function: _ZNK4mqtt10buffer_refIcE3strB5cxx11Ev", "FFF Function: _ZNK4mqtt7message9get_topicB5cxx11Ev", "FFF Function: _ZNK4mqtt10buffer_refIcEcvbEv", "FFF Function: _ZNK4mqtt10buffer_refIcE3strB5cxx11Ev"]], [111, ["FFF Function: _ZNK4mqtt10buffer_refIcE5emptyEv", "FFF Function: _ZNK4mqtt7message9get_topicB5cxx11Ev", "FFF Function: _ZNK4mqtt10buffer_refIcEcvbEv", "FFF Function: _ZNK4mqtt10buffer_refIcE3strB5cxx11Ev", "FFF Function: _ZNK4mqtt7message9get_topicB5cxx11Ev", "FFF Function: _ZNK4mqtt10buffer_refIcEcvbEv", "FFF Function: _ZNK4mqtt10buffer_refIcE3strB5cxx11Ev", "FFF Function: _ZN2ft31DPSTransferAreaCallbackFunctionEP8shm_if_si"]], [111, ["FFF Function: _ZNK4mqtt10buffer_refIcEcvbEv", "FFF Function: _ZN2ft31DPSTransferAreaCallbackFunctionEP8shm_if_si", "FFF Function: _ZN2ft31DPSTransferAreaCallbackFunctionEP8shm_if_si", "FFF Function: _ZN2ft31DPSTransferAreaCallbackFunctionEP8shm_if_si", "FFF Function: _ZN2ft31DPSTransferAreaCallbackFunctionEP8shm_if_si"]], [111, ["FFF Function: _ZNK4mqtt10buffer_refIcEcvbEv", "FFF Function: _ZN2ft31DPSTransferAreaCallbackFunctionEP8shm_if_si", "FFF Function: _ZN2ft31DPSTransferAreaCallbackFunctionEP8shm_if_si", "FFF Function: _ZN2ft31DPSTransferAreaCallbackFunctionEP8shm_if_si", "FFF Function: _ZN2ft31DPSTransferAreaCallbackFunctionEP8shm_if_si", "FFF Function: _ZN2ft31DPSTransferAreaCallbackFunctionEP8shm_if_si"]], [111, ["FFF Function: _ZNK4mqtt10buffer_refIcEcvbEv", "FFF Function: _ZNK4mqtt10buffer_refIcE3strB5cxx11Ev", "FFF Function: _ZN2ft31DPSTransferAreaCallbackFunctionEP8shm_if_si", "FFF Function: _ZN2ft31DPSTransferAreaCallbackFunctionEP8shm_if_si", "FFF Function: _ZN2ft31DPSTransferAreaCallbackFunctionEP8shm_if_si"]], [111, ["FFF Function: _ZNK4mqtt10buffer_refIcEcvbEv", "FFF Function: _ZNK4mqtt10buffer_refIcE3strB5cxx11Ev", "FFF Function: _ZN2ft31DPSTransferAreaCallbackFunctionEP8shm_if_si", "FFF Function: _ZN2ft31DPSTransferAreaCallbackFunctionEP8shm_if_si", "FFF Function: _ZN2ft31DPSTransferAreaCallbackFunctionEP8shm_if_si", "FFF Function: _ZN2ft31DPSTransferAreaCallbackFunctionEP8shm_if_si"]], [111, ["FFF Function: _ZNK4mqtt10buffer_refIcEcvbEv", "FFF Function: _ZNK4mqtt10buffer_refIcE3strB5cxx11Ev", "FFF Function: _ZN2ft31DPSTransferAreaCallbackFunctionEP8shm_if_si", "FFF Function: _ZN2ft31DPSTransferAreaCallbackFunctionEP8shm_if_si", "FFF Function: _ZN2ft31DPSTransferAreaCallbackFunctionEP8shm_if_si", "FFF Function: _ZN2ft31DPSTransferAreaCallbackFunctionEP8shm_if_si", "FFF Function: _ZN2ft31DPSTransferAreaCallbackFunctionEP8shm_if_si"]], [111, ["FFF Function: _ZNK4mqtt10buffer_refIcEcvbEv", "FFF Function: _ZNK4mqtt10buffer_refIcE3strB5cxx11Ev", "FFF Function: _ZNK4mqtt10buffer_refIcE3strB5cxx11Ev", "FFF Function: _ZN2ft31DPSTransferAreaCallbackFunctionEP8shm_if_si", "FFF Function: _ZN2ft31DPSTransferAreaCallbackFunctionEP8shm_if_si"]], [111, ["FFF Function: _ZNK4mqtt10buffer_refIcEcvbEv", "FFF Function: _ZNK4mqtt10buffer_refIcE3strB5cxx11Ev", "FFF Function: _ZNK4mqtt10buffer_refIcEcvbEv", "FFF Function: _ZN2ft31DPSTransferAreaCallbackFunctionEP8shm_if_si", "FFF Function: _ZN2ft31DPSTransferAreaCallbackFunctionEP8shm_if_si"]], [111, ["FFF Function: _ZNK4mqtt10buffer_refIcEcvbEv", "FFF Function: _ZNK4mqtt10buffer_refIcE3strB5cxx11Ev", "FFF Function: _ZNK4mqtt10buffer_refIcEcvbEv", "FFF Function: _ZNK4mqtt10buffer_refIcE3strB5cxx11Ev", "FFF Function: _ZN2ft31DPSTransferAreaCallbackFunctionEP8shm_if_si", "FFF Function: _ZN2ft31DPSTransferAreaCallbackFunctionEP8shm_if_si"]], [111, ["FFF Function: _ZNK4mqtt10buffer_refIcEcvbEv", "FFF Function: _ZNK4mqtt10buffer_refIcE3strB5cxx11Ev", "FFF Function: _ZNK4mqtt7message9get_topicB5cxx11Ev", "FFF Function: _ZN2ft31DPSTransferAreaCallbackFunctionEP8shm_if_si", "FFF Function: _ZN2ft31DPSTransferAreaCallbackFunctionEP8shm_if_si"]], [111, ["FFF Function: _ZNK4mqtt10buffer_refIcEcvbEv", "FFF Function: _ZNK4mqtt10buffer_refIcE3strB5cxx11Ev", "FFF Function: _ZNK4mqtt7message9get_topicB5cxx11Ev", "FFF Function: _ZNK4mqtt10buffer_refIcE3strB5cxx11Ev", "FFF Function: _ZN2ft31DPSTransferAreaCallbackFunctionEP8shm_if_si", "FFF Function: _ZN2ft31DPSTransferAreaCallbackFunctionEP8shm_if_si"]], [111, ["FFF Function: _ZNK4mqtt10buffer_refIcEcvbEv", "FFF Function: _ZNK4mqtt10buffer_refIcE3strB5cxx11Ev", "FFF Function: _ZNK4mqtt7message9get_topicB5cxx11Ev", "FFF Function: _ZNK4mqtt10buffer_refIcEcvbEv", "FFF Function: _ZN2ft31DPSTransferAreaCallbackFunctionEP8shm_if_si", "FFF Function: _ZN2ft31DPSTransferAreaCallbackFunctionEP8shm_if_si"]], [111, ["FFF Function: _ZNK4mqtt10buffer_refIcEcvbEv", "FFF Function: _ZNK4mqtt10buffer_refIcE3strB5cxx11Ev", "FFF Function: _ZNK4mqtt7message9get_topicB5cxx11Ev", "FFF Function: _ZNK4mqtt10buffer_refIcEcvbEv", "FFF Function: _ZNK4mqtt10buffer_refIcE3strB5cxx11Ev", "FFF Function: _ZN2ft31DPSTransferAreaCallbackFunctionEP8shm_if_si", "FFF Function: _ZN2ft31DPSTransferAreaCallbackFunctionEP8shm_if_si"]], [111, ["FFF Function: _ZNK4mqtt10buffer_refIcEcvbEv", "FFF Function: _ZNK4mqtt10buffer_refIcEcvbEv", "FFF Function: _ZNK4mqtt10buffer_refIcE3strB5cxx11Ev", "FFF Function: _ZN2ft31DPSTransferAreaCallbackFunctionEP8shm_if_si", "FFF Function: _ZN2ft31DPSTransferAreaCallbackFunctionEP8shm_if_si"]], [111, ["FFF Function: _ZNK4mqtt10buffer_refIcEcvbEv", "FFF Function: _ZNK4mqtt7message9get_topicB5cxx11Ev", "FFF Function: _ZNK4mqtt10buffer_refIcE3strB5cxx11Ev", "FFF Function: _ZN2ft31DPSTransferAreaCallbackFunctionEP8shm_if_si", "FFF Function: _ZN2ft31DPSTransferAreaCallbackFunctionEP8shm_if_si"]], [111, ["FFF Function: _ZNK4mqtt10buffer_refIcEcvbEv", "FFF Function: _ZNK4mqtt7message9get_topicB5cxx11Ev", "FFF Function: _ZNK4mqtt10buffer_refIcEcvbEv", "FFF Function: _ZN2ft31DPSTransferAreaCallbackFunctionEP8shm_if_si", "FFF Function: _ZN2ft31DPSTransferAreaCallbackFunctionEP8shm_if_si"]], [111, ["FFF Function: _ZNK4mqtt10buffer_refIcEcvbEv", "FFF Function: _ZNK4mqtt7message9get_topicB5cxx11Ev", "FFF Function: _ZNK4mqtt10buffer_refIcEcvbEv", "FFF Function: _ZNK4mqtt10buffer_refIcE3strB5cxx11Ev", "FFF Function: _ZN2ft31DPSTransferAreaCallbackFunctionEP8shm_if_si", "FFF Function: _ZN2ft31DPSTransferAreaCallbackFunctionEP8shm_if_si"]], [111, ["FFF Function: _ZNK4mqtt7message9get_topicB5cxx11Ev", "FFF Function: _ZN2ft31DPSTransferAreaCallbackFunctionEP8shm_if_si", "FFF Function: _ZN2ft31DPSTransferAreaCallbackFunctionEP8shm_if_si", "FFF Function: _ZN2ft31DPSTransferAreaCallbackFunctionEP8shm_if_si", "FFF Function: _ZN2ft31DPSTransferAreaCallbackFunctionEP8shm_if_si"]], [111, ["FFF Function: _ZNK4mqtt7message9get_topicB5cxx11Ev", "FFF Function: _ZN2ft31DPSTransferAreaCallbackFunctionEP8shm_if_si", "FFF Function: _ZN2ft31DPSTransferAreaCallbackFunctionEP8shm_if_si", "FFF Function: _ZN2ft31DPSTransferAreaCallbackFunctionEP8shm_if_si", "FFF Function: _ZN2ft31DPSTransferAreaCallbackFunctionEP8shm_if_si", "FFF Function: _ZN2ft31DPSTransferAreaCallbackFunctionEP8shm_if_si"]], [111, ["FFF Function: _ZNK4mqtt7message9get_topicB5cxx11Ev", "FFF Function: _ZNK4mqtt10buffer_refIcE3strB5cxx11Ev", "FFF Function: _ZN2ft31DPSTransferAreaCallbackFunctionEP8shm_if_si", "FFF Function: _ZN2ft31DPSTransferAreaCallbackFunctionEP8shm_if_si", "FFF Function: _ZN2ft31DPSTransferAreaCallbackFunctionEP8shm_if_si"]], [111, ["FFF Function: _ZNK4mqtt7message9get_topicB5cxx11Ev", "FFF Function: _ZNK4mqtt10buffer_refIcE3strB5cxx11Ev", "FFF Function: _ZN2ft31DPSTransferAreaCallbackFunctionEP8shm_if_si", "FFF Function: _ZN2ft31DPSTransferAreaCallbackFunctionEP8shm_if_si", "FFF Function: _ZN2ft31DPSTransferAreaCallbackFunctionEP8shm_if_si", "FFF Function: _ZN2ft31DPSTransferAreaCallbackFunctionEP8shm_if_si"]], [111, ["FFF Function: _ZNK4mqtt7message9get_topicB5cxx11Ev", "FFF Function: _ZNK4mqtt10buffer_refIcE3strB5cxx11Ev", "FFF Function: _ZN2ft31DPSTransferAreaCallbackFunctionEP8shm_if_si", "FFF Function: _ZN2ft31DPSTransferAreaCallbackFunctionEP8shm_if_si", "FFF Function: _ZN2ft31DPSTransferAreaCallbackFunctionEP8shm_if_si", "FFF Function: _ZN2ft31DPSTransferAreaCallbackFunctionEP8shm_if_si", "FFF Function: _ZN2ft31DPSTransferAreaCallbackFunctionEP8shm_if_si"]], [111, ["FFF Function: _ZNK4mqtt7message9get_topicB5cxx11Ev", "FFF Function: _ZNK4mqtt10buffer_refIcE3strB5cxx11Ev", "FFF Function: _ZNK4mqtt10buffer_refIcE3strB5cxx11Ev", "FFF Function: _ZN2ft31DPSTransferAreaCallbackFunctionEP8shm_if_si", "FFF Function: _ZN2ft31DPSTransferAreaCallbackFunctionEP8shm_if_si"]], [111, ["FFF Function: _ZNK4mqtt7message9get_topicB5cxx11Ev", "FFF Function: _ZNK4mqtt10buffer_refIcE3strB5cxx11Ev", "FFF Function: _ZNK4mqtt10buffer_refIcEcvbEv", "FFF Function: _ZN2ft31DPSTransferAreaCallbackFunctionEP8shm_if_si", "FFF Function: _ZN2ft31DPSTransferAreaCallbackFunctionEP8shm_if_si"]], [111, ["FFF Function: _ZNK4mqtt7message9get_topicB5cxx11Ev", "FFF Function: _ZNK4mqtt10buffer_refIcE3strB5cxx11Ev", "FFF Function: _ZNK4mqtt10buffer_refIcEcvbEv", "FFF Function: _ZNK4mqtt10buffer_refIcE3strB5cxx11Ev", "FFF Function: _ZN2ft31DPSTransferAreaCallbackFunctionEP8shm_if_si", "FFF Function: _ZN2ft31DPSTransferAreaCallbackFunctionEP8shm_if_si"]], [111, ["FFF Function: _ZNK4mqtt7message9get_topicB5cxx11Ev", "FFF Function: _ZNK4mqtt10buffer_refIcE3strB5cxx11Ev", "FFF Function: _ZNK4mqtt7message9get_topicB5cxx11Ev", "FFF Function: _ZN2ft31DPSTransferAreaCallbackFunctionEP8shm_if_si", "FFF Function: _ZN2ft31DPSTransferAreaCallbackFunctionEP8shm_if_si"]], [111, ["FFF Function: _ZNK4mqtt7message9get_topicB5cxx11Ev", "FFF Function: _ZNK4mqtt10buffer_refIcE3strB5cxx11Ev", "FFF Function: _ZNK4mqtt7message9get_topicB5cxx11Ev", "FFF Function: _ZNK4mqtt10buffer_refIcE3strB5cxx11Ev", "FFF Function: _ZN2ft31DPSTransferAreaCallbackFunctionEP8shm_if_si", "FFF Function: _ZN2ft31DPSTransferAreaCallbackFunctionEP8shm_if_si"]], [111, ["FFF Function: _ZNK4mqtt7message9get_topicB5cxx11Ev", "FFF Function: _ZNK4mqtt10buffer_refIcE3strB5cxx11Ev", "FFF Function: _ZNK4mqtt7message9get_topicB5cxx11Ev", "FFF Function: _ZNK4mqtt10buffer_refIcEcvbEv", "FFF Function: _ZN2ft31DPSTransferAreaCallbackFunctionEP8shm_if_si", "FFF Function: _ZN2ft31DPSTransferAreaCallbackFunctionEP8shm_if_si"]], [111, ["FFF Function: _ZNK4mqtt7message9get_topicB5cxx11Ev", "FFF Function: _ZNK4mqtt10buffer_refIcE3strB5cxx11Ev", "FFF Function: _ZNK4mqtt7message9get_topicB5cxx11Ev", "FFF Function: _ZNK4mqtt10buffer_refIcEcvbEv", "FFF Function: _ZNK4mqtt10buffer_refIcE3strB5cxx11Ev", "FFF Function: _ZN2ft31DPSTransferAreaCallbackFunctionEP8shm_if_si", "FFF Function: _ZN2ft31DPSTransferAreaCallbackFunctionEP8shm_if_si"]], [111, ["FFF Function: _ZNK4mqtt7message9get_topicB5cxx11Ev", "FFF Function: _ZNK4mqtt10buffer_refIcEcvbEv", "FFF Function: _ZN2ft31DPSTransferAreaCallbackFunctionEP8shm_if_si", "FFF Function: _ZN2ft31DPSTransferAreaCallbackFunctionEP8shm_if_si", "FFF Function: _ZN2ft31DPSTransferAreaCallbackFunctionEP8shm_if_si"]], [111, ["FFF Function: _ZNK4mqtt7message9get_topicB5cxx11Ev", "FFF Function: _ZNK4mqtt10buffer_refIcEcvbEv", "FFF Function: _ZN2ft31DPSTransferAreaCallbackFunctionEP8shm_if_si", "FFF Function: _ZN2ft31DPSTransferAreaCallbackFunctionEP8shm_if_si", "FFF Function: _ZN2ft31DPSTransferAreaCallbackFunctionEP8shm_if_si", "FFF Function: _ZN2ft31DPSTransferAreaCallbackFunctionEP8shm_if_si"]], [111, ["FFF Function: _ZNK4mqtt7message9get_topicB5cxx11Ev", "FFF Function: _ZNK4mqtt10buffer_refIcEcvbEv", "FFF Function: _ZN2ft31DPSTransferAreaCallbackFunctionEP8shm_if_si", "FFF Function: _ZN2ft31DPSTransferAreaCallbackFunctionEP8shm_if_si", "FFF Function: _ZN2ft31DPSTransferAreaCallbackFunctionEP8shm_if_si", "FFF Function: _ZN2ft31DPSTransferAreaCallbackFunctionEP8shm_if_si", "FFF Function: _ZN2ft31DPSTransferAreaCallbackFunctionEP8shm_if_si"]], [111, ["FFF Function: _ZNK4mqtt7message9get_topicB5cxx11Ev", "FFF Function: _ZNK4mqtt10buffer_refIcEcvbEv", "FFF Function: _ZNK4mqtt10buffer_refIcE3strB5cxx11Ev", "FFF Function: _ZN2ft31DPSTransferAreaCallbackFunctionEP8shm_if_si", "FFF Function: _ZN2ft31DPSTransferAreaCallbackFunctionEP8shm_if_si", "FFF Function: _ZN2ft31DPSTransferAreaCallbackFunctionEP8shm_if_si"]], [111, ["FFF Function: _ZNK4mqtt7message9get_topicB5cxx11Ev", "FFF Function: _ZNK4mqtt10buffer_refIcEcvbEv", "FFF Function: _ZNK4mqtt10buffer_refIcE3strB5cxx11Ev", "FFF Function: _ZN2ft31DPSTransferAreaCallbackFunctionEP8shm_if_si", "FFF Function: _ZN2ft31DPSTransferAreaCallbackFunctionEP8shm_if_si", "FFF Function: _ZN2ft31DPSTransferAreaCallbackFunctionEP8shm_if_si", "FFF Function: _ZN2ft31DPSTransferAreaCallbackFunctionEP8shm_if_si"]], [111, ["FFF Function: _ZNK4mqtt7message9get_topicB5cxx11Ev", "FFF Function: _ZNK4mqtt10buffer_refIcEcvbEv", "FFF Function: _ZNK4mqtt10buffer_refIcE3strB5cxx11Ev", "FFF Function: _ZN2ft31DPSTransferAreaCallbackFunctionEP8shm_if_si", "FFF Function: _ZN2ft31DPSTransferAreaCallbackFunctionEP8shm_if_si", "FFF Function: _ZN2ft31DPSTransferAreaCallbackFunctionEP8shm_if_si", "FFF Function: _ZN2ft31DPSTransferAreaCallbackFunctionEP8shm_if_si", "FFF Function: _ZN2ft31DPSTransferAreaCallbackFunctionEP8shm_if_si"]], [111, ["FFF Function: _ZNK4mqtt7message9get_topicB5cxx11Ev", "FFF Function: _ZNK4mqtt10buffer_refIcEcvbEv", "FFF Function: _ZNK4mqtt10buffer_refIcE3strB5cxx11Ev", "FFF Function: _ZNK4mqtt10buffer_refIcE3strB5cxx11Ev", "FFF Function: _ZN2ft31DPSTransferAreaCallbackFunctionEP8shm_if_si", "FFF Function: _ZN2ft31DPSTransferAreaCallbackFunctionEP8shm_if_si"]], [111, ["FFF Function: _ZNK4mqtt7message9get_topicB5cxx11Ev", "FFF Function: _ZNK4mqtt10buffer_refIcEcvbEv", "FFF Function: _ZNK4mqtt10buffer_refIcE3strB5cxx11Ev", "FFF Function: _ZNK4mqtt10buffer_refIcEcvbEv", "FFF Function: _ZN2ft31DPSTransferAreaCallbackFunctionEP8shm_if_si", "FFF Function: _ZN2ft31DPSTransferAreaCallbackFunctionEP8shm_if_si"]], [111, ["FFF Function: _ZNK4mqtt7message9get_topicB5cxx11Ev", "FFF Function: _ZNK4mqtt10buffer_refIcEcvbEv", "FFF Function: _ZNK4mqtt10buffer_refIcE3strB5cxx11Ev", "FFF Function: _ZNK4mqtt10buffer_refIcEcvbEv", "FFF Function: _ZNK4mqtt10buffer_refIcE3strB5cxx11Ev", "FFF Function: _ZN2ft31DPSTransferAreaCallbackFunctionEP8shm_if_si", "FFF Function: _ZN2ft31DPSTransferAreaCallbackFunctionEP8shm_if_si"]], [111, ["FFF Function: _ZNK4mqtt7message9get_topicB5cxx11Ev", "FFF Function: _ZNK4mqtt10buffer_refIcEcvbEv", "FFF Function: _ZNK4mqtt10buffer_refIcE3strB5cxx11Ev", "FFF Function: _ZNK4mqtt7message9get_topicB5cxx11Ev", "FFF Function: _ZN2ft31DPSTransferAreaCallbackFunctionEP8shm_if_si", "FFF Function: _ZN2ft31DPSTransferAreaCallbackFunctionEP8shm_if_si"]], [111, ["FFF Function: _ZNK4mqtt7message9get_topicB5cxx11Ev", "FFF Function: _ZNK4mqtt10buffer_refIcEcvbEv", "FFF Function: _ZNK4mqtt10buffer_refIcE3strB5cxx11Ev", "FFF Function: _ZNK4mqtt7message9get_topicB5cxx11Ev", "FFF Function: _ZNK4mqtt10buffer_refIcE3strB5cxx11Ev", "FFF Function: _ZN2ft31DPSTransferAreaCallbackFunctionEP8shm_if_si", "FFF Function: _ZN2ft31DPSTransferAreaCallbackFunctionEP8shm_if_si"]], [111, ["FFF Function: _ZNK4mqtt7message9get_topicB5cxx11Ev", "FFF Function: _ZNK4mqtt10buffer_refIcEcvbEv", "FFF Function: _ZNK4mqtt10buffer_refIcE3strB5cxx11Ev", "FFF Function: _ZNK4mqtt7message9get_topicB5cxx11Ev", "FFF Function: _ZNK4mqtt10buffer_refIcEcvbEv", "FFF Function: _ZN2ft31DPSTransferAreaCallbackFunctionEP8shm_if_si", "FFF Function: _ZN2ft31DPSTransferAreaCallbackFunctionEP8shm_if_si"]], [111, ["FFF Function: _ZNK4mqtt7message9get_topicB5cxx11Ev", "FFF Function: _ZNK4mqtt10buffer_refIcEcvbEv", "FFF Function: _ZNK4mqtt10buffer_refIcE3strB5cxx11Ev", "FFF Function: _ZNK4mqtt7message9get_topicB5cxx11Ev", "FFF Function: _ZNK4mqtt10buffer_refIcEcvbEv", "FFF Function: _ZNK4mqtt10buffer_refIcE3strB5cxx11Ev", "FFF Function: _ZN2ft31DPSTransferAreaCallbackFunctionEP8shm_if_si", "FFF Function: _ZN2ft31DPSTransferAreaCallbackFunctionEP8shm_if_si"]], [111, ["FFF Function: _ZNK4mqtt7message9get_topicB5cxx11Ev", "FFF Function: _ZNK4mqtt10buffer_refIcEcvbEv", "FFF Function: _ZNK4mqtt10buffer_refIcEcvbEv", "FFF Function: _ZN2ft31DPSTransferAreaCallbackFunctionEP8shm_if_si", "FFF Function: _ZN2ft31DPSTransferAreaCallbackFunctionEP8shm_if_si"]], [111, ["FFF Function: _ZNK4mqtt7message9get_topicB5cxx11Ev", "FFF Function: _ZNK4mqtt10buffer_refIcEcvbEv", "FFF Function: _ZNK4mqtt10buffer_refIcEcvbEv", "FFF Function: _ZNK4mqtt10buffer_refIcE3strB5cxx11Ev", "FFF Function: _ZN2ft31DPSTransferAreaCallbackFunctionEP8shm_if_si", "FFF Function: _ZN2ft31DPSTransferAreaCallbackFunctionEP8shm_if_si"]], [111, ["FFF Function: _ZNK4mqtt7message9get_topicB5cxx11Ev", "FFF Function: _ZNK4mqtt10buffer_refIcEcvbEv", "FFF Function: _ZNK4mqtt7message9get_topicB5cxx11Ev", "FFF Function: _ZN2ft31DPSTransferAreaCallbackFunctionEP8shm_if_si", "FFF Function: _ZN2ft31DPSTransferAreaCallbackFunctionEP8shm_if_si"]], [111, ["FFF Function: _ZNK4mqtt7message9get_topicB5cxx11Ev", "FFF Function: _ZNK4mqtt10buffer_refIcEcvbEv", "FFF Function: _ZNK4mqtt7message9get_topicB5cxx11Ev", "FFF Function: _ZNK4mqtt10buffer_refIcE3strB5cxx11Ev", "FFF Function: _ZN2ft31DPSTransferAreaCallbackFunctionEP8shm_if_si", "FFF Function: _ZN2ft31DPSTransferAreaCallbackFunctionEP8shm_if_si"]], [111, ["FFF Function: _ZNK4mqtt7message9get_topicB5cxx11Ev", "FFF Function: _ZNK4mqtt10buffer_refIcEcvbEv", "FFF Function: _ZNK4mqtt7message9get_topicB5cxx11Ev", "FFF Function: _ZNK4mqtt10buffer_refIcEcvbEv", "FFF Function: _ZN2ft31DPSTransferAreaCallbackFunctionEP8shm_if_si", "FFF Function: _ZN2ft31DPSTransferAreaCallbackFunctionEP8shm_if_si"]], [111, ["FFF Function: _ZNK4mqtt7message9get_topicB5cxx11Ev", "FFF Function: _ZNK4mqtt10buffer_refIcEcvbEv", "FFF Function: _ZNK4mqtt7message9get_topicB5cxx11Ev", "FFF Function: _ZNK4mqtt10buffer_refIcEcvbEv", "FFF Function: _ZNK4mqtt10buffer_refIcE3strB5cxx11Ev", "FFF Function: _ZN2ft31DPSTransferAreaCallbackFunctionEP8shm_if_si", "FFF Function: _ZN2ft31DPSTransferAreaCallbackFunctionEP8shm_if_si"]], [111, ["FFF Function: _ZNK4mqtt7message9get_topicB5cxx11Ev", "FFF Function: _ZNK4mqtt7message9get_topicB5cxx11Ev", "FFF Function: _ZNK4mqtt10buffer_refIcE3strB5cxx11Ev", "FFF Function: _ZN2ft31DPSTransferAreaCallbackFunctionEP8shm_if_si", "FFF Function: _ZN2ft31DPSTransferAreaCallbackFunctionEP8shm_if_si"]], [111, ["FFF Function: _ZNK4mqtt7message9get_topicB5cxx11Ev", "FFF Function: _ZNK4mqtt7message9get_topicB5cxx11Ev", "FFF Function: _ZNK4mqtt10buffer_refIcEcvbEv", "FFF Function: _ZN2ft31DPSTransferAreaCallbackFunctionEP8shm_if_si", "FFF Function: _ZN2ft31DPSTransferAreaCallbackFunctionEP8shm_if_si"]], [111, ["FFF Function: _ZNK4mqtt7message9get_topicB5cxx11Ev", "FFF Function: _ZNK4mqtt7message9get_topicB5cxx11Ev", "FFF Function: _ZNK4mqtt10buffer_refIcEcvbEv", "FFF Function: _ZNK4mqtt10buffer_refIcE3strB5cxx11Ev", "FFF Function: _ZN2ft31DPSTransferAreaCallbackFunctionEP8shm_if_si", "FFF Function: _ZN2ft31DPSTransferAreaCallbackFunctionEP8shm_if_si"]]]}